citing,cited,year
synth-0001,synth-0002,2015
synth-0001,synth-0003,2015
synth-0001,synth-0004,2015
synth-0001,synth-0007,2015
synth-0001,synth-0008,2015
synth-0001,synth-0009,2015
synth-0001,synth-0016,2015
synth-0001,synth-0018,2015
synth-0022,synth-0001,2016
synth-0023,synth-0001,2016
synth-0029,synth-0001,2016
synth-0030,synth-0001,2016
synth-0033,synth-0001,2016
synth-0034,synth-0001,2016
synth-0035,synth-0001,2016
synth-0036,synth-0001,2016
synth-0047,synth-0001,2017
synth-0056,synth-0001,2017
synth-0060,synth-0001,2017
synth-0065,synth-0001,2018
synth-0068,synth-0001,2018
synth-0075,synth-0001,2018
synth-0085,synth-0001,2019
synth-0091,synth-0001,2019
synth-0101,synth-0001,2020
synth-0108,synth-0001,2020
synth-0109,synth-0001,2020
synth-0127,synth-0001,2021
synth-0130,synth-0001,2021
synth-0132,synth-0001,2021
synth-0160,synth-0001,2022
synth-0185,synth-0001,2024
synth-0192,synth-0001,2024
synth-0197,synth-0001,2024
synth-0001,synth-0201,2015
synth-0002,synth-0003,2015
synth-0002,synth-0004,2015
synth-0002,synth-0005,2015
synth-0002,synth-0007,2015
synth-0002,synth-0009,2015
synth-0002,synth-0010,2015
synth-0002,synth-0011,2015
synth-0002,synth-0012,2015
synth-0002,synth-0013,2015
synth-0002,synth-0015,2015
synth-0002,synth-0018,2015
synth-0023,synth-0002,2016
synth-0026,synth-0002,2016
synth-0029,synth-0002,2016
synth-0033,synth-0002,2016
synth-0035,synth-0002,2016
synth-0036,synth-0002,2016
synth-0037,synth-0002,2016
synth-0040,synth-0002,2016
synth-0044,synth-0002,2017
synth-0059,synth-0002,2017
synth-0062,synth-0002,2018
synth-0065,synth-0002,2018
synth-0068,synth-0002,2018
synth-0069,synth-0002,2018
synth-0074,synth-0002,2018
synth-0075,synth-0002,2018
synth-0080,synth-0002,2018
synth-0083,synth-0002,2019
synth-0084,synth-0002,2019
synth-0088,synth-0002,2019
synth-0091,synth-0002,2019
synth-0101,synth-0002,2020
synth-0104,synth-0002,2020
synth-0107,synth-0002,2020
synth-0108,synth-0002,2020
synth-0109,synth-0002,2020
synth-0110,synth-0002,2020
synth-0111,synth-0002,2020
synth-0113,synth-0002,2020
synth-0115,synth-0002,2020
synth-0121,synth-0002,2021
synth-0123,synth-0002,2021
synth-0125,synth-0002,2021
synth-0127,synth-0002,2021
synth-0128,synth-0002,2021
synth-0134,synth-0002,2021
synth-0135,synth-0002,2021
synth-0136,synth-0002,2021
synth-0137,synth-0002,2021
synth-0138,synth-0002,2021
synth-0139,synth-0002,2021
synth-0147,synth-0002,2022
synth-0148,synth-0002,2022
synth-0153,synth-0002,2022
synth-0155,synth-0002,2022
synth-0158,synth-0002,2022
synth-0161,synth-0002,2023
synth-0162,synth-0002,2023
synth-0163,synth-0002,2023
synth-0165,synth-0002,2023
synth-0173,synth-0002,2023
synth-0174,synth-0002,2023
synth-0178,synth-0002,2023
synth-0182,synth-0002,2024
synth-0183,synth-0002,2024
synth-0189,synth-0002,2024
synth-0191,synth-0002,2024
synth-0003,synth-0004,2015
synth-0003,synth-0005,2015
synth-0003,synth-0006,2015
synth-0003,synth-0007,2015
synth-0003,synth-0008,2015
synth-0003,synth-0013,2015
synth-0003,synth-0016,2015
synth-0022,synth-0003,2016
synth-0025,synth-0003,2016
synth-0027,synth-0003,2016
synth-0030,synth-0003,2016
synth-0034,synth-0003,2016
synth-0036,synth-0003,2016
synth-0037,synth-0003,2016
synth-0040,synth-0003,2016
synth-0041,synth-0003,2017
synth-0047,synth-0003,2017
synth-0055,synth-0003,2017
synth-0056,synth-0003,2017
synth-0060,synth-0003,2017
synth-0061,synth-0003,2018
synth-0062,synth-0003,2018
synth-0066,synth-0003,2018
synth-0067,synth-0003,2018
synth-0070,synth-0003,2018
synth-0071,synth-0003,2018
synth-0082,synth-0003,2019
synth-0092,synth-0003,2019
synth-0093,synth-0003,2019
synth-0100,synth-0003,2019
synth-0105,synth-0003,2020
synth-0106,synth-0003,2020
synth-0107,synth-0003,2020
synth-0113,synth-0003,2020
synth-0122,synth-0003,2021
synth-0130,synth-0003,2021
synth-0132,synth-0003,2021
synth-0133,synth-0003,2021
synth-0139,synth-0003,2021
synth-0155,synth-0003,2022
synth-0166,synth-0003,2023
synth-0174,synth-0003,2023
synth-0176,synth-0003,2023
synth-0181,synth-0003,2024
synth-0189,synth-0003,2024
synth-0004,synth-0005,2015
synth-0004,synth-0006,2015
synth-0004,synth-0009,2015
synth-0004,synth-0010,2015
synth-0004,synth-0011,2015
synth-0004,synth-0014,2015
synth-0004,synth-0016,2015
synth-0004,synth-0018,2015
synth-0021,synth-0004,2016
synth-0029,synth-0004,2016
synth-0052,synth-0004,2017
synth-0053,synth-0004,2017
synth-0060,synth-0004,2017
synth-0064,synth-0004,2018
synth-0068,synth-0004,2018
synth-0071,synth-0004,2018
synth-0073,synth-0004,2018
synth-0083,synth-0004,2019
synth-0085,synth-0004,2019
synth-0087,synth-0004,2019
synth-0088,synth-0004,2019
synth-0114,synth-0004,2020
synth-0116,synth-0004,2020
synth-0121,synth-0004,2021
synth-0129,synth-0004,2021
synth-0135,synth-0004,2021
synth-0136,synth-0004,2021
synth-0137,synth-0004,2021
synth-0138,synth-0004,2021
synth-0160,synth-0004,2022
synth-0162,synth-0004,2023
synth-0163,synth-0004,2023
synth-0165,synth-0004,2023
synth-0173,synth-0004,2023
synth-0176,synth-0004,2023
synth-0177,synth-0004,2023
synth-0185,synth-0004,2024
synth-0189,synth-0004,2024
synth-0005,synth-0006,2015
synth-0052,synth-0005,2017
synth-0053,synth-0005,2017
synth-0066,synth-0005,2018
synth-0082,synth-0005,2019
synth-0088,synth-0005,2019
synth-0116,synth-0005,2020
synth-0121,synth-0005,2021
synth-0129,synth-0005,2021
synth-0136,synth-0005,2021
synth-0150,synth-0005,2022
synth-0170,synth-0005,2023
synth-0172,synth-0005,2023
synth-0174,synth-0005,2023
synth-0177,synth-0005,2023
synth-0188,synth-0005,2024
synth-0052,synth-0006,2017
synth-0053,synth-0006,2017
synth-0066,synth-0006,2018
synth-0071,synth-0006,2018
synth-0073,synth-0006,2018
synth-0082,synth-0006,2019
synth-0150,synth-0006,2022
synth-0170,synth-0006,2023
synth-0172,synth-0006,2023
synth-0007,synth-0008,2015
synth-0007,synth-0013,2015
synth-0023,synth-0007,2016
synth-0025,synth-0007,2016
synth-0027,synth-0007,2016
synth-0030,synth-0007,2016
synth-0035,synth-0007,2016
synth-0041,synth-0007,2017
synth-0055,synth-0007,2017
synth-0058,synth-0007,2017
synth-0061,synth-0007,2018
synth-0067,synth-0007,2018
synth-0070,synth-0007,2018
synth-0093,synth-0007,2019
synth-0099,synth-0007,2019
synth-0100,synth-0007,2019
synth-0105,synth-0007,2020
synth-0122,synth-0007,2021
synth-0124,synth-0007,2021
synth-0140,synth-0007,2021
synth-0159,synth-0007,2022
synth-0164,synth-0007,2023
synth-0166,synth-0007,2023
synth-0197,synth-0007,2024
synth-0022,synth-0008,2016
synth-0025,synth-0008,2016
synth-0027,synth-0008,2016
synth-0041,synth-0008,2017
synth-0067,synth-0008,2018
synth-0099,synth-0008,2019
synth-0106,synth-0008,2020
synth-0194,synth-0008,2024
synth-0009,synth-0010,2015
synth-0009,synth-0011,2015
synth-0009,synth-0012,2015
synth-0009,synth-0014,2015
synth-0009,synth-0015,2015
synth-0009,synth-0017,2015
synth-0009,synth-0019,2015
synth-0009,synth-0020,2015
synth-0021,synth-0009,2016
synth-0024,synth-0009,2016
synth-0026,synth-0009,2016
synth-0028,synth-0009,2016
synth-0031,synth-0009,2016
synth-0032,synth-0009,2016
synth-0038,synth-0009,2016
synth-0039,synth-0009,2016
synth-0044,synth-0009,2017
synth-0046,synth-0009,2017
synth-0048,synth-0009,2017
synth-0049,synth-0009,2017
synth-0051,synth-0009,2017
synth-0059,synth-0009,2017
synth-0063,synth-0009,2018
synth-0064,synth-0009,2018
synth-0069,synth-0009,2018
synth-0076,synth-0009,2018
synth-0077,synth-0009,2018
synth-0078,synth-0009,2018
synth-0084,synth-0009,2019
synth-0087,synth-0009,2019
synth-0089,synth-0009,2019
synth-0090,synth-0009,2019
synth-0098,synth-0009,2019
synth-0103,synth-0009,2020
synth-0104,synth-0009,2020
synth-0112,synth-0009,2020
synth-0114,synth-0009,2020
synth-0117,synth-0009,2020
synth-0119,synth-0009,2020
synth-0131,synth-0009,2021
synth-0134,synth-0009,2021
synth-0142,synth-0009,2022
synth-0144,synth-0009,2022
synth-0145,synth-0009,2022
synth-0147,synth-0009,2022
synth-0149,synth-0009,2022
synth-0151,synth-0009,2022
synth-0152,synth-0009,2022
synth-0153,synth-0009,2022
synth-0161,synth-0009,2023
synth-0168,synth-0009,2023
synth-0180,synth-0009,2023
synth-0187,synth-0009,2024
synth-0195,synth-0009,2024
synth-0196,synth-0009,2024
synth-0198,synth-0009,2024
synth-0199,synth-0009,2024
synth-0200,synth-0009,2024
synth-0059,synth-0010,2017
synth-0083,synth-0010,2019
synth-0134,synth-0010,2021
synth-0161,synth-0010,2023
synth-0182,synth-0010,2024
synth-0011,synth-0012,2015
synth-0011,synth-0014,2015
synth-0011,synth-0019,2015
synth-0011,synth-0020,2015
synth-0021,synth-0011,2016
synth-0063,synth-0011,2018
synth-0069,synth-0011,2018
synth-0077,synth-0011,2018
synth-0086,synth-0011,2019
synth-0098,synth-0011,2019
synth-0114,synth-0011,2020
synth-0117,synth-0011,2020
synth-0128,synth-0011,2021
synth-0138,synth-0011,2021
synth-0153,synth-0011,2022
synth-0165,synth-0011,2023
synth-0168,synth-0011,2023
synth-0184,synth-0011,2024
synth-0196,synth-0011,2024
synth-0200,synth-0011,2024
synth-1601,synth-0011,2021
synth-0012,synth-0015,2015
synth-0012,synth-0017,2015
synth-0026,synth-0012,2016
synth-0031,synth-0012,2016
synth-0032,synth-0012,2016
synth-0043,synth-0012,2017
synth-0050,synth-0012,2017
synth-0057,synth-0012,2017
synth-0077,synth-0012,2018
synth-0079,synth-0012,2018
synth-0084,synth-0012,2019
synth-0096,synth-0012,2019
synth-0102,synth-0012,2020
synth-0110,synth-0012,2020
synth-0168,synth-0012,2023
synth-0179,synth-0012,2023
synth-0187,synth-0012,2024
synth-0198,synth-0012,2024
synth-0040,synth-0013,2016
synth-0070,synth-0013,2018
synth-0074,synth-0013,2018
synth-0140,synth-0013,2021
synth-0159,synth-0013,2022
synth-0014,synth-0019,2015
synth-0024,synth-0014,2016
synth-0051,synth-0014,2017
synth-0064,synth-0014,2018
synth-0086,synth-0014,2019
synth-0015,synth-0017,2015
synth-0043,synth-0015,2017
synth-0044,synth-0015,2017
synth-0050,synth-0015,2017
synth-0054,synth-0015,2017
synth-0057,synth-0015,2017
synth-0072,synth-0015,2018
synth-0095,synth-0015,2019
synth-0110,synth-0015,2020
synth-0156,synth-0015,2022
synth-0198,synth-0015,2024
synth-0176,synth-0016,2023
synth-0031,synth-0017,2016
synth-0032,synth-0017,2016
synth-0038,synth-0017,2016
synth-0039,synth-0017,2016
synth-0042,synth-0017,2017
synth-0043,synth-0017,2017
synth-0046,synth-0017,2017
synth-0072,synth-0017,2018
synth-0076,synth-0017,2018
synth-0089,synth-0017,2019
synth-0090,synth-0017,2019
synth-0103,synth-0017,2020
synth-0149,synth-0017,2022
synth-0154,synth-0017,2022
synth-0169,synth-0017,2023
synth-0195,synth-0017,2024
synth-0108,synth-0018,2020
synth-0115,synth-0018,2020
synth-0160,synth-0018,2022
synth-0178,synth-0018,2023
synth-0019,synth-0020,2015
synth-0024,synth-0019,2016
synth-0028,synth-0019,2016
synth-0048,synth-0019,2017
synth-0049,synth-0019,2017
synth-0086,synth-0019,2019
synth-0097,synth-0019,2019
synth-0063,synth-0020,2018
synth-0131,synth-0020,2021
synth-0087,synth-0021,2019
synth-0098,synth-0021,2019
synth-0106,synth-0022,2020
synth-0130,synth-0022,2021
synth-0194,synth-0022,2024
synth-0023,synth-0033,2016
synth-0111,synth-0023,2020
synth-0127,synth-0023,2021
synth-0197,synth-0023,2024
synth-0024,synth-0028,2016
synth-0048,synth-0024,2017
synth-0049,synth-0024,2017
synth-0051,synth-0024,2017
synth-0097,synth-0024,2019
synth-0142,synth-0024,2022
synth-0055,synth-0027,2017
synth-0058,synth-0027,2017
synth-0166,synth-0027,2023
synth-0142,synth-0028,2022
synth-0075,synth-0029,2018
synth-0109,synth-0029,2020
synth-0135,synth-0029,2021
synth-0030,synth-0034,2016
synth-0100,synth-0030,2019
synth-0181,synth-0030,2024
synth-0186,synth-0030,2024
synth-0031,synth-0038,2016
synth-0149,synth-0031,2022
synth-0090,synth-0032,2019
synth-0187,synth-0032,2024
synth-0111,synth-0033,2020
synth-0132,synth-0034,2021
synth-0181,synth-0034,2024
synth-0186,synth-0034,2024
synth-0065,synth-0035,2018
synth-0080,synth-0035,2018
synth-0123,synth-0035,2021
synth-0141,synth-0035,2022
synth-0036,synth-0037,2016
synth-0047,synth-0036,2017
synth-0056,synth-0036,2017
synth-0107,synth-0036,2020
synth-0038,synth-0039,2016
synth-0042,synth-0038,2017
synth-0045,synth-0038,2017
synth-0046,synth-0038,2017
synth-0078,synth-0038,2018
synth-0112,synth-0038,2020
synth-0119,synth-0038,2020
synth-0120,synth-0038,2020
synth-0126,synth-0038,2021
synth-0144,synth-0038,2022
synth-0145,synth-0038,2022
synth-0154,synth-0038,2022
synth-0157,synth-0038,2022
synth-0175,synth-0038,2023
synth-0180,synth-0038,2023
synth-0199,synth-0038,2024
synth-0042,synth-0039,2017
synth-0045,synth-0039,2017
synth-0076,synth-0039,2018
synth-0078,synth-0039,2018
synth-0169,synth-0039,2023
synth-0171,synth-0039,2023
synth-0175,synth-0039,2023
synth-0062,synth-0040,2018
synth-0074,synth-0040,2018
synth-0092,synth-0040,2019
synth-0125,synth-0040,2021
synth-0143,synth-0040,2022
synth-0158,synth-0040,2022
synth-0061,synth-0041,2018
synth-0099,synth-0041,2019
synth-0122,synth-0041,2021
synth-0042,synth-0045,2017
synth-0126,synth-0042,2021
synth-0175,synth-0042,2023
synth-0043,synth-0050,2017
synth-0043,synth-0054,2017
synth-0072,synth-0043,2018
synth-0081,synth-0043,2019
synth-0094,synth-0043,2019
synth-0118,synth-0043,2020
synth-0167,synth-0043,2023
synth-0104,synth-0044,2020
synth-0126,synth-0045,2021
synth-0089,synth-0046,2019
synth-0112,synth-0046,2020
synth-0154,synth-0046,2022
synth-0157,synth-0046,2022
synth-0097,synth-0049,2019
synth-0050,synth-0054,2017
synth-0050,synth-0057,2017
synth-0079,synth-0050,2018
synth-0081,synth-0050,2019
synth-0095,synth-0050,2019
synth-0096,synth-0050,2019
synth-0102,synth-0050,2020
synth-0146,synth-0050,2022
synth-0167,synth-0050,2023
synth-0150,synth-0053,2022
synth-0170,synth-0053,2023
synth-0172,synth-0053,2023
synth-0177,synth-0053,2023
synth-0081,synth-0054,2019
synth-0094,synth-0054,2019
synth-0095,synth-0054,2019
synth-0156,synth-0054,2022
synth-0055,synth-0058,2017
synth-0124,synth-0055,2021
synth-0079,synth-0057,2018
synth-0124,synth-0058,2021
synth-0164,synth-0058,2023
synth-0193,synth-0058,2024
synth-0147,synth-0059,2022
synth-0182,synth-0059,2024
synth-0185,synth-0060,2024
synth-0192,synth-0060,2024
synth-0092,synth-0062,2019
synth-0131,synth-0063,2021
synth-0151,synth-0063,2022
synth-0196,synth-0063,2024
synth-0065,synth-0080,2018
synth-0091,synth-0065,2019
synth-0123,synth-0065,2021
synth-0141,synth-0065,2022
synth-0093,synth-0067,2019
synth-0105,synth-0067,2020
synth-0085,synth-0068,2019
synth-0137,synth-0068,2021
synth-0128,synth-0069,2021
synth-0184,synth-0069,2024
synth-0140,synth-0070,2021
synth-0159,synth-0070,2022
synth-0071,synth-0073,2018
synth-0125,synth-0074,2021
synth-0143,synth-0074,2022
synth-0190,synth-0074,2024
synth-0101,synth-0075,2020
synth-0148,synth-0075,2022
synth-0169,synth-0076,2023
synth-0171,synth-0076,2023
synth-0195,synth-0076,2024
synth-0199,synth-0078,2024
synth-0096,synth-0079,2019
synth-0179,synth-0079,2023
synth-0141,synth-0080,2022
synth-0081,synth-0094,2019
synth-0118,synth-0081,2020
synth-0167,synth-0081,2023
synth-0116,synth-0088,2020
synth-0188,synth-0088,2024
synth-0103,synth-0090,2020
synth-0118,synth-0094,2020
synth-0156,synth-0095,2022
synth-0102,synth-0096,2020
synth-0146,synth-0096,2022
synth-0179,synth-0096,2023
synth-0117,synth-0098,2020
synth-0200,synth-0098,2024
synth-0148,synth-0101,2022
synth-0146,synth-0102,2022
synth-0194,synth-0106,2024
synth-0107,synth-0113,2020
synth-0133,synth-0107,2021
synth-0139,synth-0107,2021
synth-0183,synth-0107,2024
synth-0108,synth-0115,2020
synth-0112,synth-0119,2020
synth-0112,synth-0120,2020
synth-0144,synth-0112,2022
synth-0133,synth-0113,2021
synth-0155,synth-0113,2022
synth-0183,synth-0113,2024
synth-0178,synth-0115,2023
synth-0188,synth-0116,2024
synth-0119,synth-0120,2020
synth-0145,synth-0119,2022
synth-0180,synth-0119,2023
synth-0121,synth-0129,2021
synth-0164,synth-0124,2023
synth-0193,synth-0124,2024
synth-0143,synth-0125,2022
synth-0158,synth-0125,2022
synth-0190,synth-0125,2024
synth-0184,synth-0128,2024
synth-0151,synth-0131,2022
synth-0152,synth-0131,2022
synth-0162,synth-0135,2023
synth-0191,synth-0135,2024
synth-0163,synth-0137,2023
synth-0173,synth-0137,2023
synth-0190,synth-0143,2024
synth-0151,synth-0152,2022
synth-0154,synth-0157,2022
synth-0191,synth-0162,2024
synth-0193,synth-0164,2024
synth-0169,synth-0171,2023
synth-0181,synth-0186,2024
synth-0185,synth-0192,2024
synth-0201,synth-0202,2015
synth-0201,synth-0203,2015
synth-0201,synth-0204,2015
synth-0201,synth-0205,2015
synth-0201,synth-0206,2015
synth-0201,synth-0207,2015
synth-0201,synth-0209,2015
synth-0201,synth-0213,2015
synth-0201,synth-0219,2015
synth-0221,synth-0201,2016
synth-0223,synth-0201,2016
synth-0224,synth-0201,2016
synth-0226,synth-0201,2016
synth-0228,synth-0201,2016
synth-0230,synth-0201,2016
synth-0233,synth-0201,2016
synth-0234,synth-0201,2016
synth-0235,synth-0201,2016
synth-0236,synth-0201,2016
synth-0237,synth-0201,2016
synth-0244,synth-0201,2017
synth-0246,synth-0201,2017
synth-0252,synth-0201,2017
synth-0261,synth-0201,2018
synth-0263,synth-0201,2018
synth-0265,synth-0201,2018
synth-0279,synth-0201,2018
synth-0287,synth-0201,2019
synth-0293,synth-0201,2019
synth-0295,synth-0201,2019
synth-0300,synth-0201,2019
synth-0301,synth-0201,2020
synth-0309,synth-0201,2020
synth-0322,synth-0201,2021
synth-0327,synth-0201,2021
synth-0329,synth-0201,2021
synth-0351,synth-0201,2022
synth-0360,synth-0201,2022
synth-0366,synth-0201,2023
synth-0383,synth-0201,2024
synth-0388,synth-0201,2024
synth-0392,synth-0201,2024
synth-0397,synth-0201,2024
synth-0201,synth-0401,2015
synth-0202,synth-0203,2015
synth-0202,synth-0204,2015
synth-0202,synth-0205,2015
synth-0202,synth-0211,2015
synth-0202,synth-0212,2015
synth-0202,synth-0216,2015
synth-0202,synth-0217,2015
synth-0202,synth-0218,2015
synth-0231,synth-0202,2016
synth-0240,synth-0202,2016
synth-0254,synth-0202,2017
synth-0256,synth-0202,2017
synth-0267,synth-0202,2018
synth-0274,synth-0202,2018
synth-0277,synth-0202,2018
synth-0280,synth-0202,2018
synth-0281,synth-0202,2019
synth-0293,synth-0202,2019
synth-0296,synth-0202,2019
synth-0310,synth-0202,2020
synth-0312,synth-0202,2020
synth-0332,synth-0202,2021
synth-0342,synth-0202,2022
synth-0347,synth-0202,2022
synth-0350,synth-0202,2022
synth-0353,synth-0202,2022
synth-0385,synth-0202,2024
synth-0388,synth-0202,2024
synth-0390,synth-0202,2024
synth-0400,synth-0202,2024
synth-0203,synth-0204,2015
synth-0203,synth-0206,2015
synth-0203,synth-0208,2015
synth-0203,synth-0209,2015
synth-0203,synth-0210,2015
synth-0203,synth-0211,2015
synth-0203,synth-0212,2015
synth-0203,synth-0215,2015
synth-0203,synth-0218,2015
synth-0203,synth-0219,2015
synth-0203,synth-0220,2015
synth-0222,synth-0203,2016
synth-0223,synth-0203,2016
synth-0225,synth-0203,2016
synth-0229,synth-0203,2016
synth-0231,synth-0203,2016
synth-0241,synth-0203,2017
synth-0243,synth-0203,2017
synth-0250,synth-0203,2017
synth-0254,synth-0203,2017
synth-0271,synth-0203,2018
synth-0276,synth-0203,2018
synth-0281,synth-0203,2019
synth-0290,synth-0203,2019
synth-0296,synth-0203,2019
synth-0305,synth-0203,2020
synth-0311,synth-0203,2020
synth-0313,synth-0203,2020
synth-0318,synth-0203,2020
synth-0329,synth-0203,2021
synth-0330,synth-0203,2021
synth-0334,synth-0203,2021
synth-0345,synth-0203,2022
synth-0346,synth-0203,2022
synth-0358,synth-0203,2022
synth-0363,synth-0203,2023
synth-0372,synth-0203,2023
synth-0377,synth-0203,2023
synth-0390,synth-0203,2024
synth-0394,synth-0203,2024
synth-0400,synth-0203,2024
synth-0204,synth-0205,2015
synth-0204,synth-0206,2015
synth-0204,synth-0207,2015
synth-0204,synth-0208,2015
synth-0204,synth-0210,2015
synth-0204,synth-0211,2015
synth-0204,synth-0214,2015
synth-0204,synth-0216,2015
synth-0204,synth-0217,2015
synth-0204,synth-0218,2015
synth-0222,synth-0204,2016
synth-0235,synth-0204,2016
synth-0239,synth-0204,2016
synth-0240,synth-0204,2016
synth-0242,synth-0204,2017
synth-0243,synth-0204,2017
synth-0245,synth-0204,2017
synth-0257,synth-0204,2017
synth-0272,synth-0204,2018
synth-0274,synth-0204,2018
synth-0275,synth-0204,2018
synth-0276,synth-0204,2018
synth-0277,synth-0204,2018
synth-0281,synth-0204,2019
synth-0284,synth-0204,2019
synth-0288,synth-0204,2019
synth-0293,synth-0204,2019
synth-0294,synth-0204,2019
synth-0295,synth-0204,2019
synth-0296,synth-0204,2019
synth-0297,synth-0204,2019
synth-0298,synth-0204,2019
synth-0303,synth-0204,2020
synth-0307,synth-0204,2020
synth-0313,synth-0204,2020
synth-0315,synth-0204,2020
synth-0316,synth-0204,2020
synth-0320,synth-0204,2020
synth-0326,synth-0204,2021
synth-0329,synth-0204,2021
synth-0331,synth-0204,2021
synth-0333,synth-0204,2021
synth-0337,synth-0204,2021
synth-0342,synth-0204,2022
synth-0345,synth-0204,2022
synth-0346,synth-0204,2022
synth-0353,synth-0204,2022
synth-0380,synth-0204,2023
synth-0390,synth-0204,2024
synth-0391,synth-0204,2024
synth-0393,synth-0204,2024
synth-0395,synth-0204,2024
synth-0399,synth-0204,2024
synth-0205,synth-0216,2015
synth-0240,synth-0205,2016
synth-0242,synth-0205,2017
synth-0267,synth-0205,2018
synth-0272,synth-0205,2018
synth-0353,synth-0205,2022
synth-0368,synth-0205,2023
synth-0388,synth-0205,2024
synth-0206,synth-0207,2015
synth-0206,synth-0208,2015
synth-0206,synth-0209,2015
synth-0206,synth-0210,2015
synth-0206,synth-0213,2015
synth-0206,synth-0214,2015
synth-0206,synth-0215,2015
synth-0223,synth-0206,2016
synth-0224,synth-0206,2016
synth-0226,synth-0206,2016
synth-0229,synth-0206,2016
synth-0233,synth-0206,2016
synth-0234,synth-0206,2016
synth-0245,synth-0206,2017
synth-0249,synth-0206,2017
synth-0251,synth-0206,2017
synth-0252,synth-0206,2017
synth-0260,synth-0206,2017
synth-0265,synth-0206,2018
synth-0270,synth-0206,2018
synth-0271,synth-0206,2018
synth-0278,synth-0206,2018
synth-0287,synth-0206,2019
synth-0288,synth-0206,2019
synth-0289,synth-0206,2019
synth-0290,synth-0206,2019
synth-0294,synth-0206,2019
synth-0300,synth-0206,2019
synth-0309,synth-0206,2020
synth-0315,synth-0206,2020
synth-0318,synth-0206,2020
synth-0322,synth-0206,2021
synth-0334,synth-0206,2021
synth-0336,synth-0206,2021
synth-0360,synth-0206,2022
synth-0364,synth-0206,2023
synth-0382,synth-0206,2024
synth-0389,synth-0206,2024
synth-0393,synth-0206,2024
synth-0207,synth-0213,2015
synth-0207,synth-0214,2015
synth-0235,synth-0207,2016
synth-0236,synth-0207,2016
synth-0238,synth-0207,2016
synth-0239,synth-0207,2016
synth-0246,synth-0207,2017
synth-0252,synth-0207,2017
synth-0253,synth-0207,2017
synth-0255,synth-0207,2017
synth-0257,synth-0207,2017
synth-0258,synth-0207,2017
synth-0295,synth-0207,2019
synth-0297,synth-0207,2019
synth-0300,synth-0207,2019
synth-0301,synth-0207,2020
synth-0303,synth-0207,2020
synth-0308,synth-0207,2020
synth-0341,synth-0207,2022
synth-0351,synth-0207,2022
synth-0354,synth-0207,2022
synth-0362,synth-0207,2023
synth-0379,synth-0207,2023
synth-0208,synth-0215,2015
synth-0208,synth-0220,2015
synth-0222,synth-0208,2016
synth-0225,synth-0208,2016
synth-0227,synth-0208,2016
synth-0232,synth-0208,2016
synth-0241,synth-0208,2017
synth-0247,synth-0208,2017
synth-0259,synth-0208,2017
synth-0262,synth-0208,2018
synth-0264,synth-0208,2018
synth-0268,synth-0208,2018
synth-0273,synth-0208,2018
synth-0292,synth-0208,2019
synth-0306,synth-0208,2020
synth-0311,synth-0208,2020
synth-0315,synth-0208,2020
synth-0325,synth-0208,2021
synth-0339,synth-0208,2021
synth-0357,synth-0208,2022
synth-0358,synth-0208,2022
synth-0361,synth-0208,2023
synth-0367,synth-0208,2023
synth-0377,synth-0208,2023
synth-0378,synth-0208,2023
synth-0209,synth-0219,2015
synth-0221,synth-0209,2016
synth-0234,synth-0209,2016
synth-0244,synth-0209,2017
synth-0248,synth-0209,2017
synth-0251,synth-0209,2017
synth-0260,synth-0209,2017
synth-0270,synth-0209,2018
synth-0282,synth-0209,2019
synth-0285,synth-0209,2019
synth-0289,synth-0209,2019
synth-0317,synth-0209,2020
synth-0321,synth-0209,2021
synth-0344,synth-0209,2022
synth-0373,synth-0209,2023
synth-0381,synth-0209,2024
synth-0396,synth-0209,2024
synth-0243,synth-0210,2017
synth-0245,synth-0210,2017
synth-0278,synth-0210,2018
synth-0290,synth-0210,2019
synth-0313,synth-0210,2020
synth-0316,synth-0210,2020
synth-0389,synth-0210,2024
synth-0211,synth-0212,2015
synth-0332,synth-0211,2021
synth-0231,synth-0212,2016
synth-0280,synth-0212,2018
synth-0310,synth-0212,2020
synth-0312,synth-0212,2020
synth-0328,synth-0212,2021
synth-0332,synth-0212,2021
synth-0340,synth-0212,2021
synth-0236,synth-0213,2016
synth-0238,synth-0213,2016
synth-0246,synth-0213,2017
synth-0253,synth-0213,2017
synth-0258,synth-0213,2017
synth-0283,synth-0213,2019
synth-0314,synth-0213,2020
synth-0354,synth-0213,2022
synth-0397,synth-0213,2024
synth-0288,synth-0214,2019
synth-0297,synth-0214,2019
synth-0379,synth-0214,2023
synth-0215,synth-0220,2015
synth-0363,synth-0215,2023
synth-0216,synth-0217,2015
synth-0256,synth-0216,2017
synth-0256,synth-0217,2017
synth-0347,synth-0217,2022
synth-0276,synth-0218,2018
synth-0345,synth-0218,2022
synth-0221,synth-0219,2016
synth-0244,synth-0219,2017
synth-0248,synth-0219,2017
synth-0344,synth-0219,2022
synth-0374,synth-0219,2023
synth-0241,synth-0220,2017
synth-0250,synth-0220,2017
synth-0291,synth-0220,2019
synth-0324,synth-0220,2021
synth-0363,synth-0220,2023
synth-0248,synth-0221,2017
synth-0321,synth-0221,2021
synth-0222,synth-0225,2016
synth-0222,synth-0227,2016
synth-0222,synth-0232,2016
synth-0247,synth-0222,2017
synth-0268,synth-0222,2018
synth-0269,synth-0222,2018
synth-0286,synth-0222,2019
synth-0292,synth-0222,2019
synth-0311,synth-0222,2020
synth-0338,synth-0222,2021
synth-0352,synth-0222,2022
synth-0357,synth-0222,2022
synth-0377,synth-0222,2023
synth-0223,synth-0224,2016
synth-0223,synth-0229,2016
synth-0223,synth-0233,2016
synth-0223,synth-0237,2016
synth-0249,synth-0223,2017
synth-0263,synth-0223,2018
synth-0271,synth-0223,2018
synth-0327,synth-0223,2021
synth-0364,synth-0223,2023
synth-0372,synth-0223,2023
synth-0224,synth-0226,2016
synth-0224,synth-0228,2016
synth-0224,synth-0230,2016
synth-0224,synth-0237,2016
synth-0249,synth-0224,2017
synth-0265,synth-0224,2018
synth-0299,synth-0224,2019
synth-0356,synth-0224,2022
synth-0359,synth-0224,2022
synth-0370,synth-0224,2023
synth-0375,synth-0224,2023
synth-0382,synth-0224,2024
synth-0383,synth-0224,2024
synth-0392,synth-0224,2024
synth-0225,synth-0227,2016
synth-0259,synth-0225,2017
synth-0262,synth-0225,2018
synth-0264,synth-0225,2018
synth-0266,synth-0225,2018
synth-0335,synth-0225,2021
synth-0343,synth-0225,2022
synth-0367,synth-0225,2023
synth-0369,synth-0225,2023
synth-0371,synth-0225,2023
synth-0386,synth-0225,2024
synth-0226,synth-0228,2016
synth-0226,synth-0230,2016
synth-0261,synth-0226,2018
synth-0287,synth-0226,2019
synth-0299,synth-0226,2019
synth-0383,synth-0226,2024
synth-0392,synth-0226,2024
synth-0227,synth-0232,2016
synth-0247,synth-0227,2017
synth-0259,synth-0227,2017
synth-0262,synth-0227,2018
synth-0266,synth-0227,2018
synth-0269,synth-0227,2018
synth-0273,synth-0227,2018
synth-0292,synth-0227,2019
synth-0306,synth-0227,2020
synth-0325,synth-0227,2021
synth-0338,synth-0227,2021
synth-0339,synth-0227,2021
synth-0352,synth-0227,2022
synth-0261,synth-0230,2018
synth-0279,synth-0230,2018
synth-0299,synth-0230,2019
synth-0323,synth-0230,2021
synth-0356,synth-0230,2022
synth-0359,synth-0230,2022
synth-0375,synth-0230,2023
synth-0254,synth-0231,2017
synth-0280,synth-0231,2018
synth-0305,synth-0231,2020
synth-0400,synth-0231,2024
synth-0268,synth-0232,2018
synth-0357,synth-0232,2022
synth-0361,synth-0232,2023
synth-0263,synth-0233,2018
synth-0309,synth-0233,2020
synth-0327,synth-0233,2021
synth-0251,synth-0234,2017
synth-0270,synth-0234,2018
synth-0282,synth-0234,2019
synth-0285,synth-0234,2019
synth-0384,synth-0234,2024
synth-0235,synth-0239,2016
synth-0275,synth-0235,2018
synth-0301,synth-0235,2020
synth-0304,synth-0235,2020
synth-0320,synth-0235,2020
synth-0349,synth-0235,2022
synth-0391,synth-0235,2024
synth-0395,synth-0235,2024
synth-0398,synth-0235,2024
synth-0236,synth-0238,2016
synth-0255,synth-0236,2017
synth-0258,synth-0236,2017
synth-0283,synth-0236,2019
synth-0308,synth-0236,2020
synth-0341,synth-0236,2022
synth-0362,synth-0236,2023
synth-0253,synth-0238,2017
synth-0255,synth-0238,2017
synth-0314,synth-0238,2020
synth-0354,synth-0238,2022
synth-0257,synth-0239,2017
synth-0275,synth-0239,2018
synth-0304,synth-0239,2020
synth-0307,synth-0239,2020
synth-0319,synth-0239,2020
synth-0326,synth-0239,2021
synth-0331,synth-0239,2021
synth-0333,synth-0239,2021
synth-0348,synth-0239,2022
synth-0355,synth-0239,2022
synth-0380,synth-0239,2023
synth-0387,synth-0239,2024
synth-0242,synth-0240,2017
synth-0267,synth-0240,2018
synth-0274,synth-0240,2018
synth-0277,synth-0240,2018
synth-0385,synth-0240,2024
synth-0241,synth-0250,2017
synth-0291,synth-0241,2019
synth-0358,synth-0241,2022
synth-0272,synth-0242,2018
synth-0284,synth-0242,2019
synth-0298,synth-0242,2019
synth-0302,synth-0242,2020
synth-0368,synth-0242,2023
synth-0316,synth-0243,2020
synth-0346,synth-0243,2022
synth-0399,synth-0243,2024
synth-0344,synth-0244,2022
synth-0374,synth-0244,2023
synth-0278,synth-0245,2018
synth-0397,synth-0246,2024
synth-0269,synth-0247,2018
synth-0273,synth-0247,2018
synth-0286,synth-0247,2019
synth-0352,synth-0247,2022
synth-0321,synth-0248,2021
synth-0364,synth-0249,2023
synth-0291,synth-0250,2019
synth-0324,synth-0250,2021
synth-0251,synth-0260,2017
synth-0282,synth-0251,2019
synth-0317,synth-0251,2020
synth-0365,synth-0251,2023
synth-0373,synth-0251,2023
synth-0381,synth-0251,2024
synth-0396,synth-0251,2024
synth-0322,synth-0252,2021
synth-0366,synth-0252,2023
synth-0314,synth-0253,2020
synth-0305,synth-0254,2020
synth-0347,synth-0256,2022
synth-0350,synth-0256,2022
synth-0303,synth-0257,2020
synth-0326,synth-0257,2021
synth-0283,synth-0258,2019
synth-0308,synth-0258,2020
synth-0341,synth-0258,2022
synth-0264,synth-0259,2018
synth-0266,synth-0259,2018
synth-0306,synth-0259,2020
synth-0335,synth-0259,2021
synth-0343,synth-0259,2022
synth-0369,synth-0259,2023
synth-0386,synth-0259,2024
synth-0317,synth-0260,2020
synth-0365,synth-0260,2023
synth-0381,synth-0260,2024
synth-0261,synth-0279,2018
synth-0323,synth-0261,2021
synth-0325,synth-0262,2021
synth-0339,synth-0262,2021
synth-0367,synth-0262,2023
synth-0378,synth-0262,2023
synth-0343,synth-0264,2022
synth-0369,synth-0264,2023
synth-0371,synth-0264,2023
synth-0386,synth-0264,2024
synth-0382,synth-0265,2024
synth-0335,synth-0266,2021
synth-0385,synth-0267,2024
synth-0361,synth-0268,2023
synth-0286,synth-0269,2019
synth-0289,synth-0270,2019
synth-0336,synth-0270,2021
synth-0318,synth-0271,2020
synth-0330,synth-0271,2021
synth-0372,synth-0271,2023
synth-0394,synth-0271,2024
synth-0284,synth-0272,2019
synth-0298,synth-0272,2019
synth-0302,synth-0272,2020
synth-0337,synth-0272,2021
synth-0368,synth-0272,2023
synth-0304,synth-0275,2020
synth-0307,synth-0275,2020
synth-0319,synth-0275,2020
synth-0320,synth-0275,2020
synth-0348,synth-0275,2022
synth-0349,synth-0275,2022
synth-0355,synth-0275,2022
synth-0391,synth-0275,2024
synth-0389,synth-0278,2024
synth-0323,synth-0279,2021
synth-0310,synth-0280,2020
synth-0328,synth-0280,2021
synth-0340,synth-0280,2021
synth-0376,synth-0280,2023
synth-0342,synth-0281,2022
synth-0282,synth-0285,2019
synth-0373,synth-0282,2023
synth-0384,synth-0282,2024
synth-0302,synth-0284,2020
synth-0337,synth-0284,2021
synth-0384,synth-0285,2024
synth-0288,synth-0294,2019
synth-0336,synth-0289,2021
synth-0324,synth-0291,2021
synth-0338,synth-0292,2021
synth-0393,synth-0294,2024
synth-0379,synth-0297,2023
synth-0356,synth-0299,2022
synth-0351,synth-0300,2022
synth-0304,synth-0319,2020
synth-0333,synth-0307,2021
synth-0355,synth-0307,2022
synth-0362,synth-0308,2023
synth-0310,synth-0312,2020
synth-0328,synth-0310,2021
synth-0340,synth-0310,2021
synth-0376,synth-0310,2023
synth-0399,synth-0316,2024
synth-0365,synth-0317,2023
synth-0330,synth-0318,2021
synth-0334,synth-0318,2021
synth-0394,synth-0318,2024
synth-0348,synth-0319,2022
synth-0349,synth-0320,2022
synth-0398,synth-0320,2024
synth-0360,synth-0322,2022
synth-0366,synth-0322,2023
synth-0326,synth-0331,2021
synth-0387,synth-0326,2024
synth-0387,synth-0331,2024
synth-0380,synth-0333,2023
synth-0376,synth-0340,2023
synth-0374,synth-0344,2023
synth-0347,synth-0350,2022
synth-0398,synth-0349,2024
synth-0356,synth-0359,2022
synth-0370,synth-0356,2023
synth-0370,synth-0359,2023
synth-0375,synth-0359,2023
synth-0367,synth-0378,2023
synth-0369,synth-0371,2023
synth-0396,synth-0373,2024
synth-0391,synth-0395,2024
synth-0401,synth-0402,2015
synth-0401,synth-0403,2015
synth-0401,synth-0404,2015
synth-0401,synth-0405,2015
synth-0401,synth-0406,2015
synth-0401,synth-0407,2015
synth-0401,synth-0408,2015
synth-0401,synth-0410,2015
synth-0401,synth-0412,2015
synth-0401,synth-0418,2015
synth-0424,synth-0401,2016
synth-0427,synth-0401,2016
synth-0438,synth-0401,2016
synth-0439,synth-0401,2016
synth-0440,synth-0401,2016
synth-0444,synth-0401,2017
synth-0449,synth-0401,2017
synth-0450,synth-0401,2017
synth-0451,synth-0401,2017
synth-0452,synth-0401,2017
synth-0459,synth-0401,2017
synth-0471,synth-0401,2018
synth-0472,synth-0401,2018
synth-0475,synth-0401,2018
synth-0481,synth-0401,2019
synth-0487,synth-0401,2019
synth-0501,synth-0401,2020
synth-0509,synth-0401,2020
synth-0511,synth-0401,2020
synth-0512,synth-0401,2020
synth-0516,synth-0401,2020
synth-0517,synth-0401,2020
synth-0521,synth-0401,2021
synth-0530,synth-0401,2021
synth-0531,synth-0401,2021
synth-0534,synth-0401,2021
synth-0540,synth-0401,2021
synth-0548,synth-0401,2022
synth-0550,synth-0401,2022
synth-0551,synth-0401,2022
synth-0576,synth-0401,2023
synth-0593,synth-0401,2024
synth-0598,synth-0401,2024
synth-0401,synth-0601,2015
synth-0402,synth-0403,2015
synth-0402,synth-0404,2015
synth-0402,synth-0405,2015
synth-0402,synth-0406,2015
synth-0402,synth-0407,2015
synth-0402,synth-0409,2015
synth-0402,synth-0411,2015
synth-0402,synth-0413,2015
synth-0402,synth-0414,2015
synth-0402,synth-0415,2015
synth-0402,synth-0416,2015
synth-0402,synth-0417,2015
synth-0402,synth-0419,2015
synth-0402,synth-0420,2015
synth-0421,synth-0402,2016
synth-0422,synth-0402,2016
synth-0423,synth-0402,2016
synth-0425,synth-0402,2016
synth-0429,synth-0402,2016
synth-0433,synth-0402,2016
synth-0434,synth-0402,2016
synth-0437,synth-0402,2016
synth-0445,synth-0402,2017
synth-0447,synth-0402,2017
synth-0463,synth-0402,2018
synth-0467,synth-0402,2018
synth-0474,synth-0402,2018
synth-0476,synth-0402,2018
synth-0480,synth-0402,2018
synth-0488,synth-0402,2019
synth-0489,synth-0402,2019
synth-0492,synth-0402,2019
synth-0494,synth-0402,2019
synth-0500,synth-0402,2019
synth-0512,synth-0402,2020
synth-0523,synth-0402,2021
synth-0525,synth-0402,2021
synth-0527,synth-0402,2021
synth-0535,synth-0402,2021
synth-0536,synth-0402,2021
synth-0538,synth-0402,2021
synth-0541,synth-0402,2022
synth-0542,synth-0402,2022
synth-0544,synth-0402,2022
synth-0545,synth-0402,2022
synth-0547,synth-0402,2022
synth-0549,synth-0402,2022
synth-0553,synth-0402,2022
synth-0556,synth-0402,2022
synth-0558,synth-0402,2022
synth-0562,synth-0402,2023
synth-0565,synth-0402,2023
synth-0566,synth-0402,2023
synth-0570,synth-0402,2023
synth-0575,synth-0402,2023
synth-0580,synth-0402,2023
synth-0585,synth-0402,2024
synth-0599,synth-0402,2024
synth-0403,synth-0404,2015
synth-0403,synth-0405,2015
synth-0403,synth-0408,2015
synth-0403,synth-0411,2015
synth-0403,synth-0412,2015
synth-0403,synth-0414,2015
synth-0403,synth-0415,2015
synth-0403,synth-0416,2015
synth-0403,synth-0418,2015
synth-0426,synth-0403,2016
synth-0427,synth-0403,2016
synth-0429,synth-0403,2016
synth-0450,synth-0403,2017
synth-0451,synth-0403,2017
synth-0457,synth-0403,2017
synth-0468,synth-0403,2018
synth-0475,synth-0403,2018
synth-0482,synth-0403,2019
synth-0486,synth-0403,2019
synth-0487,synth-0403,2019
synth-0491,synth-0403,2019
synth-0493,synth-0403,2019
synth-0511,synth-0403,2020
synth-0513,synth-0403,2020
synth-0521,synth-0403,2021
synth-0531,synth-0403,2021
synth-0540,synth-0403,2021
synth-0543,synth-0403,2022
synth-0556,synth-0403,2022
synth-0561,synth-0403,2023
synth-0568,synth-0403,2023
synth-0576,synth-0403,2023
synth-0579,synth-0403,2023
synth-0581,synth-0403,2024
synth-0596,synth-0403,2024
synth-0404,synth-0406,2015
synth-0404,synth-0408,2015
synth-0404,synth-0409,2015
synth-0404,synth-0411,2015
synth-0404,synth-0413,2015
synth-0404,synth-0417,2015
synth-0404,synth-0419,2015
synth-0421,synth-0404,2016
synth-0424,synth-0404,2016
synth-0428,synth-0404,2016
synth-0429,synth-0404,2016
synth-0432,synth-0404,2016
synth-0435,synth-0404,2016
synth-0436,synth-0404,2016
synth-0440,synth-0404,2016
synth-0444,synth-0404,2017
synth-0454,synth-0404,2017
synth-0458,synth-0404,2017
synth-0469,synth-0404,2018
synth-0474,synth-0404,2018
synth-0476,synth-0404,2018
synth-0481,synth-0404,2019
synth-0483,synth-0404,2019
synth-0493,synth-0404,2019
synth-0495,synth-0404,2019
synth-0497,synth-0404,2019
synth-0504,synth-0404,2020
synth-0508,synth-0404,2020
synth-0526,synth-0404,2021
synth-0527,synth-0404,2021
synth-0552,synth-0404,2022
synth-0569,synth-0404,2023
synth-0572,synth-0404,2023
synth-0599,synth-0404,2024
synth-0405,synth-0412,2015
synth-0405,synth-0414,2015
synth-0405,synth-0418,2015
synth-0422,synth-0405,2016
synth-0457,synth-0405,2017
synth-0466,synth-0405,2018
synth-0467,synth-0405,2018
synth-0470,synth-0405,2018
synth-0482,synth-0405,2019
synth-0486,synth-0405,2019
synth-0487,synth-0405,2019
synth-0524,synth-0405,2021
synth-0543,synth-0405,2022
synth-0551,synth-0405,2022
synth-0406,synth-0407,2015
synth-0406,synth-0409,2015
synth-0406,synth-0410,2015
synth-0428,synth-0406,2016
synth-0430,synth-0406,2016
synth-0438,synth-0406,2016
synth-0443,synth-0406,2017
synth-0446,synth-0406,2017
synth-0458,synth-0406,2017
synth-0472,synth-0406,2018
synth-0477,synth-0406,2018
synth-0494,synth-0406,2019
synth-0500,synth-0406,2019
synth-0523,synth-0406,2021
synth-0532,synth-0406,2021
synth-0539,synth-0406,2021
synth-0560,synth-0406,2022
synth-0566,synth-0406,2023
synth-0569,synth-0406,2023
synth-0573,synth-0406,2023
synth-0586,synth-0406,2024
synth-0592,synth-0406,2024
synth-0599,synth-0406,2024
synth-0407,synth-0410,2015
synth-0430,synth-0407,2016
synth-0438,synth-0407,2016
synth-0439,synth-0407,2016
synth-0446,synth-0407,2017
synth-0471,synth-0407,2018
synth-0494,synth-0407,2019
synth-0509,synth-0407,2020
synth-0512,synth-0407,2020
synth-0520,synth-0407,2020
synth-0530,synth-0407,2021
synth-0577,synth-0407,2023
synth-0591,synth-0407,2024
synth-0424,synth-0408,2016
synth-0427,synth-0408,2016
synth-0432,synth-0408,2016
synth-0435,synth-0408,2016
synth-0440,synth-0408,2016
synth-0444,synth-0408,2017
synth-0449,synth-0408,2017
synth-0451,synth-0408,2017
synth-0452,synth-0408,2017
synth-0454,synth-0408,2017
synth-0459,synth-0408,2017
synth-0469,synth-0408,2018
synth-0475,synth-0408,2018
synth-0491,synth-0408,2019
synth-0497,synth-0408,2019
synth-0499,synth-0408,2019
synth-0504,synth-0408,2020
synth-0506,synth-0408,2020
synth-0513,synth-0408,2020
synth-0529,synth-0408,2021
synth-0548,synth-0408,2022
synth-0552,synth-0408,2022
synth-0554,synth-0408,2022
synth-0559,synth-0408,2022
synth-0561,synth-0408,2023
synth-0563,synth-0408,2023
synth-0571,synth-0408,2023
synth-0572,synth-0408,2023
synth-0581,synth-0408,2024
synth-0596,synth-0408,2024
synth-0597,synth-0408,2024
synth-0598,synth-0408,2024
synth-0428,synth-0409,2016
synth-0443,synth-0409,2017
synth-0458,synth-0409,2017
synth-0460,synth-0409,2017
synth-0479,synth-0409,2018
synth-0500,synth-0409,2019
synth-0515,synth-0409,2020
synth-0525,synth-0409,2021
synth-0539,synth-0409,2021
synth-0564,synth-0409,2023
synth-0582,synth-0409,2024
synth-0584,synth-0409,2024
synth-0586,synth-0409,2024
synth-0589,synth-0409,2024
synth-0430,synth-0410,2016
synth-0439,synth-0410,2016
synth-0446,synth-0410,2017
synth-0471,synth-0410,2018
synth-0477,synth-0410,2018
synth-0509,synth-0410,2020
synth-0520,synth-0410,2020
synth-0530,synth-0410,2021
synth-0534,synth-0410,2021
synth-0560,synth-0410,2022
synth-0577,synth-0410,2023
synth-0591,synth-0410,2024
synth-0411,synth-0413,2015
synth-0411,synth-0415,2015
synth-0411,synth-0416,2015
synth-0411,synth-0417,2015
synth-0411,synth-0419,2015
synth-0411,synth-0420,2015
synth-0425,synth-0411,2016
synth-0426,synth-0411,2016
synth-0431,synth-0411,2016
synth-0433,synth-0411,2016
synth-0434,synth-0411,2016
synth-0442,synth-0411,2017
synth-0463,synth-0411,2018
synth-0465,synth-0411,2018
synth-0474,synth-0411,2018
synth-0480,synth-0411,2018
synth-0485,synth-0411,2019
synth-0488,synth-0411,2019
synth-0490,synth-0411,2019
synth-0493,synth-0411,2019
synth-0495,synth-0411,2019
synth-0496,synth-0411,2019
synth-0498,synth-0411,2019
synth-0507,synth-0411,2020
synth-0510,synth-0411,2020
synth-0514,synth-0411,2020
synth-0526,synth-0411,2021
synth-0533,synth-0411,2021
synth-0536,synth-0411,2021
synth-0542,synth-0411,2022
synth-0544,synth-0411,2022
synth-0545,synth-0411,2022
synth-0546,synth-0411,2022
synth-0557,synth-0411,2022
synth-0567,synth-0411,2023
synth-0578,synth-0411,2023
synth-0579,synth-0411,2023
synth-0580,synth-0411,2023
synth-0588,synth-0411,2024
synth-0482,synth-0412,2019
synth-0425,synth-0413,2016
synth-0431,synth-0413,2016
synth-0455,synth-0413,2017
synth-0498,synth-0413,2019
synth-0502,synth-0413,2020
synth-0507,synth-0413,2020
synth-0538,synth-0413,2021
synth-0547,synth-0413,2022
synth-0583,synth-0413,2024
synth-0422,synth-0414,2016
synth-0437,synth-0414,2016
synth-0447,synth-0414,2017
synth-0457,synth-0414,2017
synth-0466,synth-0414,2018
synth-0467,synth-0414,2018
synth-0470,synth-0414,2018
synth-0590,synth-0414,2024
synth-0434,synth-0415,2016
synth-0442,synth-0415,2017
synth-0496,synth-0415,2019
synth-0533,synth-0415,2021
synth-0557,synth-0415,2022
synth-0578,synth-0415,2023
synth-0579,synth-0415,2023
synth-0426,synth-0416,2016
synth-0465,synth-0416,2018
synth-0468,synth-0416,2018
synth-0485,synth-0416,2019
synth-0488,synth-0416,2019
synth-0556,synth-0416,2022
synth-0567,synth-0416,2023
synth-0417,synth-0420,2015
synth-0421,synth-0417,2016
synth-0423,synth-0417,2016
synth-0433,synth-0417,2016
synth-0441,synth-0417,2017
synth-0453,synth-0417,2017
synth-0456,synth-0417,2017
synth-0463,synth-0417,2018
synth-0464,synth-0417,2018
synth-0478,synth-0417,2018
synth-0489,synth-0417,2019
synth-0503,synth-0417,2020
synth-0514,synth-0417,2020
synth-0528,synth-0417,2021
synth-0535,synth-0417,2021
synth-0544,synth-0417,2022
synth-0549,synth-0417,2022
synth-0553,synth-0417,2022
synth-0555,synth-0417,2022
synth-0558,synth-0417,2022
synth-0575,synth-0417,2023
synth-0540,synth-0418,2021
synth-0476,synth-0419,2018
synth-0492,synth-0419,2019
synth-0495,synth-0419,2019
synth-0527,synth-0419,2021
synth-0580,synth-0419,2023
synth-0545,synth-0420,2022
synth-0421,synth-0423,2016
synth-0441,synth-0421,2017
synth-0445,synth-0421,2017
synth-0453,synth-0421,2017
synth-0478,synth-0421,2018
synth-0555,synth-0421,2022
synth-0558,synth-0421,2022
synth-0562,synth-0421,2023
synth-0595,synth-0421,2024
synth-0422,synth-0437,2016
synth-0466,synth-0422,2018
synth-0524,synth-0422,2021
synth-0541,synth-0422,2022
synth-0441,synth-0423,2017
synth-0445,synth-0423,2017
synth-0464,synth-0423,2018
synth-0424,synth-0432,2016
synth-0424,synth-0435,2016
synth-0424,synth-0436,2016
synth-0448,synth-0424,2017
synth-0473,synth-0424,2018
synth-0499,synth-0424,2019
synth-0508,synth-0424,2020
synth-0522,synth-0424,2021
synth-0559,synth-0424,2022
synth-0563,synth-0424,2023
synth-0574,synth-0424,2023
synth-0594,synth-0424,2024
synth-0598,synth-0424,2024
synth-0425,synth-0431,2016
synth-0455,synth-0425,2017
synth-0498,synth-0425,2019
synth-0538,synth-0425,2021
synth-0542,synth-0425,2022
synth-0546,synth-0425,2022
synth-0583,synth-0425,2024
synth-0588,synth-0425,2024
synth-0465,synth-0426,2018
synth-0468,synth-0426,2018
synth-0450,synth-0427,2017
synth-0459,synth-0427,2017
synth-0491,synth-0427,2019
synth-0554,synth-0427,2022
synth-0443,synth-0428,2017
synth-0460,synth-0428,2017
synth-0479,synth-0428,2018
synth-0484,synth-0428,2019
synth-0505,synth-0428,2020
synth-0518,synth-0428,2020
synth-0519,synth-0428,2020
synth-0569,synth-0428,2023
synth-0587,synth-0428,2024
synth-0592,synth-0428,2024
synth-0591,synth-0430,2024
synth-0455,synth-0431,2017
synth-0502,synth-0431,2020
synth-0507,synth-0431,2020
synth-0432,synth-0436,2016
synth-0448,synth-0432,2017
synth-0461,synth-0432,2018
synth-0483,synth-0432,2019
synth-0497,synth-0432,2019
synth-0499,synth-0432,2019
synth-0508,synth-0432,2020
synth-0522,synth-0432,2021
synth-0442,synth-0434,2017
synth-0496,synth-0434,2019
synth-0536,synth-0434,2021
synth-0454,synth-0435,2017
synth-0506,synth-0435,2020
synth-0559,synth-0435,2022
synth-0448,synth-0436,2017
synth-0461,synth-0436,2018
synth-0462,synth-0436,2018
synth-0473,synth-0436,2018
synth-0483,synth-0436,2019
synth-0594,synth-0436,2024
synth-0447,synth-0437,2017
synth-0541,synth-0437,2022
synth-0472,synth-0438,2018
synth-0449,synth-0440,2017
synth-0469,synth-0440,2018
synth-0504,synth-0440,2020
synth-0529,synth-0440,2021
synth-0597,synth-0440,2024
synth-0441,synth-0453,2017
synth-0441,synth-0456,2017
synth-0464,synth-0441,2018
synth-0478,synth-0441,2018
synth-0528,synth-0441,2021
synth-0533,synth-0442,2021
synth-0557,synth-0442,2022
synth-0443,synth-0460,2017
synth-0515,synth-0443,2020
synth-0592,synth-0443,2024
synth-0481,synth-0444,2019
synth-0593,synth-0444,2024
synth-0562,synth-0445,2023
synth-0570,synth-0445,2023
synth-0477,synth-0446,2018
synth-0520,synth-0446,2020
synth-0461,synth-0448,2018
synth-0462,synth-0448,2018
synth-0473,synth-0448,2018
synth-0594,synth-0448,2024
synth-0449,synth-0452,2017
synth-0501,synth-0449,2020
synth-0529,synth-0449,2021
synth-0511,synth-0450,2020
synth-0516,synth-0450,2020
synth-0531,synth-0450,2021
synth-0537,synth-0450,2021
synth-0521,synth-0451,2021
synth-0581,synth-0451,2024
synth-0501,synth-0452,2020
synth-0517,synth-0452,2020
synth-0453,synth-0456,2017
synth-0506,synth-0454,2020
synth-0572,synth-0454,2023
synth-0502,synth-0455,2020
synth-0583,synth-0455,2024
synth-0470,synth-0457,2018
synth-0543,synth-0457,2022
synth-0590,synth-0457,2024
synth-0539,synth-0458,2021
synth-0479,synth-0460,2018
synth-0484,synth-0460,2019
synth-0505,synth-0460,2020
synth-0515,synth-0460,2020
synth-0519,synth-0460,2020
synth-0564,synth-0460,2023
synth-0582,synth-0460,2024
synth-0584,synth-0460,2024
synth-0589,synth-0460,2024
synth-0461,synth-0462,2018
synth-0463,synth-0480,2018
synth-0489,synth-0463,2019
synth-0490,synth-0463,2019
synth-0503,synth-0463,2020
synth-0514,synth-0463,2020
synth-0535,synth-0463,2021
synth-0485,synth-0465,2019
synth-0510,synth-0465,2020
synth-0524,synth-0466,2021
synth-0597,synth-0469,2024
synth-0590,synth-0470,2024
synth-0526,synth-0474,2021
synth-0548,synth-0475,2022
synth-0492,synth-0476,2019
synth-0565,synth-0476,2023
synth-0560,synth-0477,2022
synth-0573,synth-0477,2023
synth-0528,synth-0478,2021
synth-0555,synth-0478,2022
synth-0595,synth-0478,2024
synth-0484,synth-0479,2019
synth-0564,synth-0479,2023
synth-0582,synth-0479,2024
synth-0490,synth-0480,2019
synth-0593,synth-0481,2024
synth-0482,synth-0486,2019
synth-0505,synth-0484,2020
synth-0518,synth-0484,2020
synth-0519,synth-0484,2020
synth-0587,synth-0484,2024
synth-0510,synth-0485,2020
synth-0551,synth-0487,2022
synth-0567,synth-0488,2023
synth-0503,synth-0489,2020
synth-0513,synth-0491,2020
synth-0554,synth-0491,2022
synth-0565,synth-0492,2023
synth-0523,synth-0494,2021
synth-0532,synth-0494,2021
synth-0578,synth-0496,2023
synth-0552,synth-0497,2022
synth-0522,synth-0499,2021
synth-0563,synth-0499,2023
synth-0571,synth-0499,2023
synth-0574,synth-0499,2023
synth-0525,synth-0500,2021
synth-0566,synth-0500,2023
synth-0586,synth-0500,2024
synth-0501,synth-0517,2020
synth-0505,synth-0518,2020
synth-0511,synth-0516,2020
synth-0537,synth-0511,2021
synth-0550,synth-0511,2022
synth-0600,synth-0511,2024
synth-0561,synth-0513,2023
synth-0568,synth-0513,2023
synth-0589,synth-0515,2024
synth-0537,synth-0516,2021
synth-0550,synth-0516,2022
synth-0600,synth-0516,2024
synth-0587,synth-0518,2024
synth-0577,synth-0520,2023
synth-0523,synth-0532,2021
synth-0530,synth-0534,2021
synth-0576,synth-0531,2023
synth-0553,synth-0535,2022
synth-0600,synth-0537,2024
synth-0547,synth-0538,2022
synth-0542,synth-0546,2022
synth-0588,synth-0542,2024
synth-0544,synth-0549,2022
synth-0575,synth-0549,2023
synth-0585,synth-0549,2024
synth-0595,synth-0555,2024
synth-0573,synth-0560,2023
synth-0561,synth-0568,2023
synth-0562,synth-0570,2023
synth-0563,synth-0571,2023
synth-0563,synth-0574,2023
synth-0585,synth-0575,2024
synth-0581,synth-0596,2024
synth-0582,synth-0584,2024
synth-0601,synth-0602,2015
synth-0601,synth-0603,2015
synth-0601,synth-0604,2015
synth-0601,synth-0605,2015
synth-0601,synth-0606,2015
synth-0601,synth-0608,2015
synth-0601,synth-0612,2015
synth-0601,synth-0613,2015
synth-0601,synth-0615,2015
synth-0601,synth-0616,2015
synth-0601,synth-0619,2015
synth-0601,synth-0620,2015
synth-0622,synth-0601,2016
synth-0624,synth-0601,2016
synth-0629,synth-0601,2016
synth-0634,synth-0601,2016
synth-0636,synth-0601,2016
synth-0638,synth-0601,2016
synth-0640,synth-0601,2016
synth-0642,synth-0601,2017
synth-0644,synth-0601,2017
synth-0646,synth-0601,2017
synth-0647,synth-0601,2017
synth-0654,synth-0601,2017
synth-0660,synth-0601,2017
synth-0661,synth-0601,2018
synth-0662,synth-0601,2018
synth-0663,synth-0601,2018
synth-0665,synth-0601,2018
synth-0669,synth-0601,2018
synth-0670,synth-0601,2018
synth-0671,synth-0601,2018
synth-0675,synth-0601,2018
synth-0679,synth-0601,2018
synth-0682,synth-0601,2019
synth-0684,synth-0601,2019
synth-0686,synth-0601,2019
synth-0695,synth-0601,2019
synth-0698,synth-0601,2019
synth-0701,synth-0601,2020
synth-0712,synth-0601,2020
synth-0715,synth-0601,2020
synth-0717,synth-0601,2020
synth-0718,synth-0601,2020
synth-0727,synth-0601,2021
synth-0728,synth-0601,2021
synth-0745,synth-0601,2022
synth-0746,synth-0601,2022
synth-0750,synth-0601,2022
synth-0752,synth-0601,2022
synth-0760,synth-0601,2022
synth-0761,synth-0601,2023
synth-0762,synth-0601,2023
synth-0769,synth-0601,2023
synth-0770,synth-0601,2023
synth-0772,synth-0601,2023
synth-0774,synth-0601,2023
synth-0775,synth-0601,2023
synth-0776,synth-0601,2023
synth-0781,synth-0601,2024
synth-0787,synth-0601,2024
synth-0789,synth-0601,2024
synth-0601,synth-0801,2015
synth-0602,synth-0603,2015
synth-0602,synth-0604,2015
synth-0602,synth-0605,2015
synth-0602,synth-0606,2015
synth-0602,synth-0607,2015
synth-0602,synth-0610,2015
synth-0602,synth-0612,2015
synth-0602,synth-0613,2015
synth-0602,synth-0614,2015
synth-0602,synth-0617,2015
synth-0602,synth-0619,2015
synth-0602,synth-0620,2015
synth-0625,synth-0602,2016
synth-0626,synth-0602,2016
synth-0637,synth-0602,2016
synth-0638,synth-0602,2016
synth-0639,synth-0602,2016
synth-0645,synth-0602,2017
synth-0647,synth-0602,2017
synth-0650,synth-0602,2017
synth-0654,synth-0602,2017
synth-0661,synth-0602,2018
synth-0664,synth-0602,2018
synth-0668,synth-0602,2018
synth-0679,synth-0602,2018
synth-0684,synth-0602,2019
synth-0686,synth-0602,2019
synth-0688,synth-0602,2019
synth-0689,synth-0602,2019
synth-0701,synth-0602,2020
synth-0702,synth-0602,2020
synth-0709,synth-0602,2020
synth-0715,synth-0602,2020
synth-0728,synth-0602,2021
synth-0729,synth-0602,2021
synth-0736,synth-0602,2021
synth-0747,synth-0602,2022
synth-0752,synth-0602,2022
synth-0761,synth-0602,2023
synth-0765,synth-0602,2023
synth-0772,synth-0602,2023
synth-0774,synth-0602,2023
synth-0775,synth-0602,2023
synth-0603,synth-0604,2015
synth-0603,synth-0614,2015
synth-0603,synth-0616,2015
synth-0634,synth-0603,2016
synth-0660,synth-0603,2017
synth-0663,synth-0603,2018
synth-0670,synth-0603,2018
synth-0604,synth-0605,2015
synth-0604,synth-0608,2015
synth-0604,synth-0609,2015
synth-0604,synth-0612,2015
synth-0604,synth-0613,2015
synth-0604,synth-0614,2015
synth-0604,synth-0615,2015
synth-0604,synth-0616,2015
synth-0621,synth-0604,2016
synth-0627,synth-0604,2016
synth-0629,synth-0604,2016
synth-0633,synth-0604,2016
synth-0634,synth-0604,2016
synth-0635,synth-0604,2016
synth-0636,synth-0604,2016
synth-0637,synth-0604,2016
synth-0639,synth-0604,2016
synth-0646,synth-0604,2017
synth-0650,synth-0604,2017
synth-0658,synth-0604,2017
synth-0663,synth-0604,2018
synth-0669,synth-0604,2018
synth-0670,synth-0604,2018
synth-0676,synth-0604,2018
synth-0688,synth-0604,2019
synth-0697,synth-0604,2019
synth-0698,synth-0604,2019
synth-0703,synth-0604,2020
synth-0711,synth-0604,2020
synth-0716,synth-0604,2020
synth-0717,synth-0604,2020
synth-0726,synth-0604,2021
synth-0741,synth-0604,2022
synth-0744,synth-0604,2022
synth-0746,synth-0604,2022
synth-0748,synth-0604,2022
synth-0752,synth-0604,2022
synth-0757,synth-0604,2022
synth-0776,synth-0604,2023
synth-0779,synth-0604,2023
synth-0780,synth-0604,2023
synth-0785,synth-0604,2024
synth-0788,synth-0604,2024
synth-0789,synth-0604,2024
synth-0794,synth-0604,2024
synth-0799,synth-0604,2024
synth-0605,synth-0606,2015
synth-0605,synth-0607,2015
synth-0605,synth-0608,2015
synth-0605,synth-0609,2015
synth-0605,synth-0611,2015
synth-0605,synth-0619,2015
synth-0623,synth-0605,2016
synth-0624,synth-0605,2016
synth-0625,synth-0605,2016
synth-0626,synth-0605,2016
synth-0627,synth-0605,2016
synth-0628,synth-0605,2016
synth-0630,synth-0605,2016
synth-0631,synth-0605,2016
synth-0632,synth-0605,2016
synth-0633,synth-0605,2016
synth-0643,synth-0605,2017
synth-0645,synth-0605,2017
synth-0648,synth-0605,2017
synth-0649,synth-0605,2017
synth-0650,synth-0605,2017
synth-0651,synth-0605,2017
synth-0652,synth-0605,2017
synth-0655,synth-0605,2017
synth-0657,synth-0605,2017
synth-0664,synth-0605,2018
synth-0665,synth-0605,2018
synth-0666,synth-0605,2018
synth-0667,synth-0605,2018
synth-0672,synth-0605,2018
synth-0674,synth-0605,2018
synth-0681,synth-0605,2019
synth-0683,synth-0605,2019
synth-0685,synth-0605,2019
synth-0687,synth-0605,2019
synth-0690,synth-0605,2019
synth-0692,synth-0605,2019
synth-0693,synth-0605,2019
synth-0696,synth-0605,2019
synth-0699,synth-0605,2019
synth-0710,synth-0605,2020
synth-0722,synth-0605,2021
synth-0723,synth-0605,2021
synth-0724,synth-0605,2021
synth-0725,synth-0605,2021
synth-0732,synth-0605,2021
synth-0733,synth-0605,2021
synth-0737,synth-0605,2021
synth-0743,synth-0605,2022
synth-0746,synth-0605,2022
synth-0749,synth-0605,2022
synth-0754,synth-0605,2022
synth-0756,synth-0605,2022
synth-0757,synth-0605,2022
synth-0758,synth-0605,2022
synth-0763,synth-0605,2023
synth-0765,synth-0605,2023
synth-0766,synth-0605,2023
synth-0771,synth-0605,2023
synth-0782,synth-0605,2024
synth-0783,synth-0605,2024
synth-0788,synth-0605,2024
synth-0791,synth-0605,2024
synth-0606,synth-0607,2015
synth-0606,synth-0610,2015
synth-0606,synth-0611,2015
synth-0606,synth-0620,2015
synth-0622,synth-0606,2016
synth-0624,synth-0606,2016
synth-0631,synth-0606,2016
synth-0640,synth-0606,2016
synth-0644,synth-0606,2017
synth-0655,synth-0606,2017
synth-0656,synth-0606,2017
synth-0659,synth-0606,2017
synth-0662,synth-0606,2018
synth-0668,synth-0606,2018
synth-0678,synth-0606,2018
synth-0680,synth-0606,2018
synth-0682,synth-0606,2019
synth-0693,synth-0606,2019
synth-0706,synth-0606,2020
synth-0707,synth-0606,2020
synth-0714,synth-0606,2020
synth-0719,synth-0606,2020
synth-0720,synth-0606,2020
synth-0722,synth-0606,2021
synth-0738,synth-0606,2021
synth-0742,synth-0606,2022
synth-0749,synth-0606,2022
synth-0759,synth-0606,2022
synth-0796,synth-0606,2024
synth-0607,synth-0610,2015
synth-0607,synth-0611,2015
synth-0607,synth-0617,2015
synth-0607,synth-0618,2015
synth-0623,synth-0607,2016
synth-0626,synth-0607,2016
synth-0630,synth-0607,2016
synth-0641,synth-0607,2017
synth-0643,synth-0607,2017
synth-0655,synth-0607,2017
synth-0656,synth-0607,2017
synth-0659,synth-0607,2017
synth-0677,synth-0607,2018
synth-0708,synth-0607,2020
synth-0742,synth-0607,2022
synth-0778,synth-0607,2023
synth-0608,synth-0609,2015
synth-0608,synth-0615,2015
synth-0621,synth-0608,2016
synth-0627,synth-0608,2016
synth-0629,synth-0608,2016
synth-0632,synth-0608,2016
synth-0676,synth-0608,2018
synth-0681,synth-0608,2019
synth-0700,synth-0608,2019
synth-0711,synth-0608,2020
synth-0718,synth-0608,2020
synth-0741,synth-0608,2022
synth-0794,synth-0608,2024
synth-0632,synth-0609,2016
synth-0700,synth-0609,2019
synth-0733,synth-0609,2021
synth-0741,synth-0609,2022
synth-0755,synth-0609,2022
synth-0610,synth-0617,2015
synth-0610,synth-0618,2015
synth-0656,synth-0610,2017
synth-0668,synth-0610,2018
synth-0729,synth-0610,2021
synth-0778,synth-0610,2023
synth-0786,synth-0610,2024
synth-0623,synth-0611,2016
synth-0628,synth-0611,2016
synth-0648,synth-0611,2017
synth-0651,synth-0611,2017
synth-0652,synth-0611,2017
synth-0653,synth-0611,2017
synth-0673,synth-0611,2018
synth-0693,synth-0611,2019
synth-0721,synth-0611,2021
synth-0735,synth-0611,2021
synth-0638,synth-0612,2016
synth-0646,synth-0612,2017
synth-0647,synth-0612,2017
synth-0688,synth-0612,2019
synth-0689,synth-0612,2019
synth-0709,synth-0612,2020
synth-0744,synth-0612,2022
synth-0769,synth-0612,2023
synth-0772,synth-0612,2023
synth-0637,synth-0613,2016
synth-0669,synth-0613,2018
synth-0684,synth-0613,2019
synth-0702,synth-0613,2020
synth-0727,synth-0613,2021
synth-0750,synth-0613,2022
synth-0793,synth-0613,2024
synth-0799,synth-0613,2024
synth-0639,synth-0614,2016
synth-0621,synth-0615,2016
synth-0635,synth-0615,2016
synth-0713,synth-0615,2020
synth-0716,synth-0615,2020
synth-0785,synth-0615,2024
synth-0660,synth-0616,2017
synth-0712,synth-0616,2020
synth-0739,synth-0616,2021
synth-0751,synth-0616,2022
synth-0773,synth-0616,2023
synth-0617,synth-0618,2015
synth-0729,synth-0617,2021
synth-0778,synth-0618,2023
synth-0786,synth-0618,2024
synth-0625,synth-0619,2016
synth-0665,synth-0619,2018
synth-0695,synth-0619,2019
synth-0699,synth-0619,2019
synth-0715,synth-0619,2020
synth-0740,synth-0619,2021
synth-0774,synth-0619,2023
synth-0622,synth-0620,2016
synth-0642,synth-0620,2017
synth-0675,synth-0620,2018
synth-0679,synth-0620,2018
synth-0621,synth-0635,2016
synth-0697,synth-0621,2019
synth-0713,synth-0621,2020
synth-0716,synth-0621,2020
synth-0780,synth-0621,2023
synth-0785,synth-0621,2024
synth-0622,synth-0640,2016
synth-0642,synth-0622,2017
synth-0675,synth-0622,2018
synth-0762,synth-0622,2023
synth-0781,synth-0622,2024
synth-0623,synth-0628,2016
synth-0648,synth-0623,2017
synth-0653,synth-0623,2017
synth-0704,synth-0623,2020
synth-0705,synth-0623,2020
synth-0624,synth-0631,2016
synth-0649,synth-0624,2017
synth-0657,synth-0624,2017
synth-0667,synth-0624,2018
synth-0690,synth-0624,2019
synth-0694,synth-0624,2019
synth-0706,synth-0624,2020
synth-0714,synth-0624,2020
synth-0723,synth-0624,2021
synth-0725,synth-0624,2021
synth-0730,synth-0624,2021
synth-0731,synth-0624,2021
synth-0737,synth-0624,2021
synth-0749,synth-0624,2022
synth-0753,synth-0624,2022
synth-0766,synth-0624,2023
synth-0767,synth-0624,2023
synth-0795,synth-0624,2024
synth-0796,synth-0624,2024
synth-0645,synth-0625,2017
synth-0699,synth-0625,2019
synth-0740,synth-0625,2021
synth-0626,synth-0630,2016
synth-0641,synth-0626,2017
synth-0666,synth-0626,2018
synth-0677,synth-0626,2018
synth-0627,synth-0633,2016
synth-0658,synth-0627,2017
synth-0681,synth-0627,2019
synth-0683,synth-0627,2019
synth-0687,synth-0627,2019
synth-0696,synth-0627,2019
synth-0710,synth-0627,2020
synth-0732,synth-0627,2021
synth-0756,synth-0627,2022
synth-0788,synth-0627,2024
synth-0651,synth-0628,2017
synth-0771,synth-0628,2023
synth-0676,synth-0629,2018
synth-0711,synth-0629,2020
synth-0718,synth-0629,2020
synth-0641,synth-0630,2017
synth-0643,synth-0630,2017
synth-0666,synth-0630,2018
synth-0649,synth-0631,2017
synth-0667,synth-0631,2018
synth-0690,synth-0631,2019
synth-0694,synth-0631,2019
synth-0706,synth-0631,2020
synth-0714,synth-0631,2020
synth-0723,synth-0631,2021
synth-0767,synth-0631,2023
synth-0790,synth-0631,2024
synth-0700,synth-0632,2019
synth-0733,synth-0632,2021
synth-0755,synth-0632,2022
synth-0658,synth-0633,2017
synth-0696,synth-0633,2019
synth-0732,synth-0633,2021
synth-0634,synth-0636,2016
synth-0703,synth-0634,2020
synth-0717,synth-0634,2020
synth-0726,synth-0634,2021
synth-0748,synth-0634,2022
synth-0697,synth-0635,2019
synth-0713,synth-0635,2020
synth-0703,synth-0636,2020
synth-0702,synth-0637,2020
synth-0736,synth-0637,2021
synth-0701,synth-0638,2020
synth-0709,synth-0638,2020
synth-0769,synth-0638,2023
synth-0644,synth-0640,2017
synth-0662,synth-0640,2018
synth-0678,synth-0640,2018
synth-0680,synth-0640,2018
synth-0707,synth-0640,2020
synth-0719,synth-0640,2020
synth-0720,synth-0640,2020
synth-0759,synth-0640,2022
synth-0762,synth-0640,2023
synth-0787,synth-0640,2024
synth-0677,synth-0641,2018
synth-0708,synth-0641,2020
synth-0764,synth-0641,2023
synth-0781,synth-0642,2024
synth-0678,synth-0644,2018
synth-0707,synth-0644,2020
synth-0719,synth-0644,2020
synth-0787,synth-0644,2024
synth-0765,synth-0645,2023
synth-0744,synth-0646,2022
synth-0647,synth-0654,2017
synth-0671,synth-0647,2018
synth-0689,synth-0647,2019
synth-0728,synth-0647,2021
synth-0734,synth-0647,2021
synth-0777,synth-0647,2023
synth-0648,synth-0652,2017
synth-0648,synth-0653,2017
synth-0673,synth-0648,2018
synth-0674,synth-0648,2018
synth-0704,synth-0648,2020
synth-0705,synth-0648,2020
synth-0721,synth-0648,2021
synth-0735,synth-0648,2021
synth-0784,synth-0648,2024
synth-0792,synth-0648,2024
synth-0797,synth-0648,2024
synth-0649,synth-0657,2017
synth-0672,synth-0649,2018
synth-0767,synth-0649,2023
synth-0664,synth-0650,2018
synth-0757,synth-0650,2022
synth-0771,synth-0651,2023
synth-0673,synth-0652,2018
synth-0674,synth-0652,2018
synth-0692,synth-0652,2019
synth-0724,synth-0652,2021
synth-0704,synth-0653,2020
synth-0705,synth-0653,2020
synth-0721,synth-0653,2021
synth-0735,synth-0653,2021
synth-0784,synth-0653,2024
synth-0792,synth-0653,2024
synth-0797,synth-0653,2024
synth-0661,synth-0654,2018
synth-0671,synth-0654,2018
synth-0734,synth-0654,2021
synth-0777,synth-0654,2023
synth-0655,synth-0659,2017
synth-0722,synth-0655,2021
synth-0742,synth-0655,2022
synth-0758,synth-0655,2022
synth-0763,synth-0655,2023
synth-0672,synth-0657,2018
synth-0685,synth-0657,2019
synth-0691,synth-0657,2019
synth-0743,synth-0657,2022
synth-0754,synth-0657,2022
synth-0768,synth-0657,2023
synth-0712,synth-0660,2020
synth-0739,synth-0660,2021
synth-0751,synth-0660,2022
synth-0773,synth-0660,2023
synth-0798,synth-0660,2024
synth-0775,synth-0661,2023
synth-0662,synth-0680,2018
synth-0682,synth-0662,2019
synth-0720,synth-0662,2020
synth-0738,synth-0662,2021
synth-0698,synth-0663,2019
synth-0776,synth-0663,2023
synth-0695,synth-0665,2019
synth-0694,synth-0667,2019
synth-0725,synth-0667,2021
synth-0730,synth-0667,2021
synth-0731,synth-0667,2021
synth-0790,synth-0667,2024
synth-0795,synth-0667,2024
synth-0800,synth-0667,2024
synth-0750,synth-0669,2022
synth-0760,synth-0669,2022
synth-0789,synth-0669,2024
synth-0793,synth-0669,2024
synth-0799,synth-0669,2024
synth-0734,synth-0671,2021
synth-0777,synth-0671,2023
synth-0685,synth-0672,2019
synth-0691,synth-0672,2019
synth-0743,synth-0672,2022
synth-0768,synth-0672,2023
synth-0782,synth-0672,2024
synth-0783,synth-0672,2024
synth-0692,synth-0674,2019
synth-0724,synth-0674,2021
synth-0794,synth-0676,2024
synth-0708,synth-0677,2020
synth-0764,synth-0677,2023
synth-0681,synth-0683,2019
synth-0791,synth-0681,2024
synth-0738,synth-0682,2021
synth-0683,synth-0687,2019
synth-0710,synth-0683,2020
synth-0791,synth-0683,2024
synth-0684,synth-0686,2019
synth-0727,synth-0684,2021
synth-0745,synth-0684,2022
synth-0747,synth-0684,2022
synth-0770,synth-0684,2023
synth-0685,synth-0691,2019
synth-0754,synth-0685,2022
synth-0782,synth-0685,2024
synth-0745,synth-0686,2022
synth-0747,synth-0686,2022
synth-0756,synth-0687,2022
synth-0766,synth-0690,2023
synth-0790,synth-0694,2024
synth-0740,synth-0699,2021
synth-0755,synth-0700,2022
synth-0736,synth-0702,2021
synth-0726,synth-0703,2021
synth-0792,synth-0704,2024
synth-0784,synth-0705,2024
synth-0764,synth-0708,2023
synth-0739,synth-0712,2021
synth-0798,synth-0712,2024
synth-0796,synth-0714,2024
synth-0780,synth-0716,2023
synth-0748,synth-0717,2022
synth-0779,synth-0717,2023
synth-0759,synth-0720,2022
synth-0758,synth-0722,2022
synth-0725,synth-0730,2021
synth-0725,synth-0731,2021
synth-0725,synth-0737,2021
synth-0753,synth-0725,2022
synth-0795,synth-0725,2024
synth-0800,synth-0725,2024
synth-0753,synth-0731,2022
synth-0800,synth-0731,2024
synth-0797,synth-0735,2024
synth-0751,synth-0739,2022
synth-0798,synth-0739,2024
synth-0768,synth-0743,2023
synth-0770,synth-0745,2023
synth-0779,synth-0748,2023
synth-0750,synth-0760,2022
synth-0793,synth-0750,2024
synth-0773,synth-0751,2023
synth-0761,synth-0752,2023
synth-0763,synth-0758,2023
synth-0786,synth-0778,2024
synth-0782,synth-0783,2024
synth-0801,synth-0802,2015
synth-0801,synth-0803,2015
synth-0801,synth-0804,2015
synth-0801,synth-0805,2015
synth-0801,synth-0806,2015
synth-0801,synth-0810,2015
synth-0801,synth-0811,2015
synth-0801,synth-0817,2015
synth-0801,synth-0818,2015
synth-0828,synth-0801,2016
synth-0834,synth-0801,2016
synth-0837,synth-0801,2016
synth-0854,synth-0801,2017
synth-0856,synth-0801,2017
synth-0864,synth-0801,2018
synth-0866,synth-0801,2018
synth-0875,synth-0801,2018
synth-0881,synth-0801,2019
synth-0883,synth-0801,2019
synth-0918,synth-0801,2020
synth-0921,synth-0801,2021
synth-0940,synth-0801,2021
synth-0968,synth-0801,2023
synth-0994,synth-0801,2024
synth-0801,synth-1001,2015
synth-0802,synth-0803,2015
synth-0802,synth-0804,2015
synth-0802,synth-0805,2015
synth-0802,synth-0808,2015
synth-0802,synth-0809,2015
synth-0802,synth-0811,2015
synth-0802,synth-0812,2015
synth-0822,synth-0802,2016
synth-0828,synth-0802,2016
synth-0839,synth-0802,2016
synth-0842,synth-0802,2017
synth-0843,synth-0802,2017
synth-0849,synth-0802,2017
synth-0854,synth-0802,2017
synth-0856,synth-0802,2017
synth-0865,synth-0802,2018
synth-0875,synth-0802,2018
synth-0878,synth-0802,2018
synth-0881,synth-0802,2019
synth-0898,synth-0802,2019
synth-0900,synth-0802,2019
synth-0902,synth-0802,2020
synth-0904,synth-0802,2020
synth-0910,synth-0802,2020
synth-0919,synth-0802,2020
synth-0942,synth-0802,2022
synth-0954,synth-0802,2022
synth-0961,synth-0802,2023
synth-0988,synth-0802,2024
synth-0996,synth-0802,2024
synth-0803,synth-0804,2015
synth-0803,synth-0808,2015
synth-0803,synth-0809,2015
synth-0803,synth-0810,2015
synth-0803,synth-0811,2015
synth-0803,synth-0817,2015
synth-0828,synth-0803,2016
synth-0875,synth-0803,2018
synth-0887,synth-0803,2019
synth-0898,synth-0803,2019
synth-0902,synth-0803,2020
synth-0907,synth-0803,2020
synth-0910,synth-0803,2020
synth-0938,synth-0803,2021
synth-0961,synth-0803,2023
synth-0963,synth-0803,2023
synth-0982,synth-0803,2024
synth-0984,synth-0803,2024
synth-0804,synth-0805,2015
synth-0804,synth-0806,2015
synth-0804,synth-0807,2015
synth-0804,synth-0808,2015
synth-0804,synth-0809,2015
synth-0804,synth-0810,2015
synth-0804,synth-0812,2015
synth-0804,synth-0813,2015
synth-0804,synth-0814,2015
synth-0804,synth-0815,2015
synth-0804,synth-0816,2015
synth-0804,synth-0817,2015
synth-0804,synth-0818,2015
synth-0804,synth-0819,2015
synth-0804,synth-0820,2015
synth-0821,synth-0804,2016
synth-0823,synth-0804,2016
synth-0824,synth-0804,2016
synth-0825,synth-0804,2016
synth-0826,synth-0804,2016
synth-0827,synth-0804,2016
synth-0829,synth-0804,2016
synth-0831,synth-0804,2016
synth-0832,synth-0804,2016
synth-0833,synth-0804,2016
synth-0834,synth-0804,2016
synth-0836,synth-0804,2016
synth-0839,synth-0804,2016
synth-0840,synth-0804,2016
synth-0844,synth-0804,2017
synth-0845,synth-0804,2017
synth-0846,synth-0804,2017
synth-0850,synth-0804,2017
synth-0852,synth-0804,2017
synth-0855,synth-0804,2017
synth-0857,synth-0804,2017
synth-0859,synth-0804,2017
synth-0860,synth-0804,2017
synth-0861,synth-0804,2018
synth-0862,synth-0804,2018
synth-0866,synth-0804,2018
synth-0867,synth-0804,2018
synth-0872,synth-0804,2018
synth-0873,synth-0804,2018
synth-0876,synth-0804,2018
synth-0877,synth-0804,2018
synth-0881,synth-0804,2019
synth-0882,synth-0804,2019
synth-0883,synth-0804,2019
synth-0884,synth-0804,2019
synth-0886,synth-0804,2019
synth-0887,synth-0804,2019
synth-0889,synth-0804,2019
synth-0893,synth-0804,2019
synth-0894,synth-0804,2019
synth-0896,synth-0804,2019
synth-0897,synth-0804,2019
synth-0898,synth-0804,2019
synth-0901,synth-0804,2020
synth-0903,synth-0804,2020
synth-0907,synth-0804,2020
synth-0909,synth-0804,2020
synth-0912,synth-0804,2020
synth-0913,synth-0804,2020
synth-0916,synth-0804,2020
synth-0921,synth-0804,2021
synth-0922,synth-0804,2021
synth-0923,synth-0804,2021
synth-0924,synth-0804,2021
synth-0931,synth-0804,2021
synth-0932,synth-0804,2021
synth-0935,synth-0804,2021
synth-0937,synth-0804,2021
synth-0940,synth-0804,2021
synth-0945,synth-0804,2022
synth-0948,synth-0804,2022
synth-0950,synth-0804,2022
synth-0955,synth-0804,2022
synth-0956,synth-0804,2022
synth-0958,synth-0804,2022
synth-0959,synth-0804,2022
synth-0968,synth-0804,2023
synth-0974,synth-0804,2023
synth-0980,synth-0804,2023
synth-0981,synth-0804,2024
synth-0982,synth-0804,2024
synth-0984,synth-0804,2024
synth-0986,synth-0804,2024
synth-0987,synth-0804,2024
synth-0989,synth-0804,2024
synth-0993,synth-0804,2024
synth-0997,synth-0804,2024
synth-1000,synth-0804,2024
synth-0805,synth-0806,2015
synth-0805,synth-0807,2015
synth-0805,synth-0814,2015
synth-0805,synth-0820,2015
synth-0821,synth-0805,2016
synth-0824,synth-0805,2016
synth-0830,synth-0805,2016
synth-0841,synth-0805,2017
synth-0856,synth-0805,2017
synth-0862,synth-0805,2018
synth-0864,synth-0805,2018
synth-0865,synth-0805,2018
synth-0866,synth-0805,2018
synth-0871,synth-0805,2018
synth-0879,synth-0805,2018
synth-0888,synth-0805,2019
synth-0891,synth-0805,2019
synth-0906,synth-0805,2020
synth-0909,synth-0805,2020
synth-0917,synth-0805,2020
synth-0918,synth-0805,2020
synth-0924,synth-0805,2021
synth-0927,synth-0805,2021
synth-0928,synth-0805,2021
synth-0934,synth-0805,2021
synth-0939,synth-0805,2021
synth-0949,synth-0805,2022
synth-0971,synth-0805,2023
synth-0977,synth-0805,2023
synth-0995,synth-0805,2024
synth-0806,synth-0807,2015
synth-0806,synth-0813,2015
synth-0806,synth-0814,2015
synth-0806,synth-0815,2015
synth-0806,synth-0816,2015
synth-0806,synth-0820,2015
synth-0821,synth-0806,2016
synth-0825,synth-0806,2016
synth-0826,synth-0806,2016
synth-0827,synth-0806,2016
synth-0829,synth-0806,2016
synth-0832,synth-0806,2016
synth-0835,synth-0806,2016
synth-0836,synth-0806,2016
synth-0838,synth-0806,2016
synth-0847,synth-0806,2017
synth-0863,synth-0806,2018
synth-0867,synth-0806,2018
synth-0870,synth-0806,2018
synth-0879,synth-0806,2018
synth-0888,synth-0806,2019
synth-0893,synth-0806,2019
synth-0899,synth-0806,2019
synth-0905,synth-0806,2020
synth-0908,synth-0806,2020
synth-0923,synth-0806,2021
synth-0925,synth-0806,2021
synth-0939,synth-0806,2021
synth-0950,synth-0806,2022
synth-0952,synth-0806,2022
synth-0955,synth-0806,2022
synth-0970,synth-0806,2023
synth-0978,synth-0806,2023
synth-0983,synth-0806,2024
synth-1000,synth-0806,2024
synth-0807,synth-0813,2015
synth-0807,synth-0815,2015
synth-0826,synth-0807,2016
synth-0835,synth-0807,2016
synth-0846,synth-0807,2017
synth-0862,synth-0807,2018
synth-0870,synth-0807,2018
synth-0917,synth-0807,2020
synth-0932,synth-0807,2021
synth-0934,synth-0807,2021
synth-0953,synth-0807,2022
synth-0957,synth-0807,2022
synth-0978,synth-0807,2023
synth-0887,synth-0808,2019
synth-0809,synth-0812,2015
synth-0822,synth-0809,2016
synth-0839,synth-0809,2016
synth-0842,synth-0809,2017
synth-0843,synth-0809,2017
synth-0851,synth-0809,2017
synth-0872,synth-0809,2018
synth-0904,synth-0809,2020
synth-0926,synth-0809,2021
synth-0942,synth-0809,2022
synth-0946,synth-0809,2022
synth-0947,synth-0809,2022
synth-0965,synth-0809,2023
synth-0810,synth-0818,2015
synth-0810,synth-0819,2015
synth-0831,synth-0810,2016
synth-0840,synth-0810,2016
synth-0844,synth-0810,2017
synth-0848,synth-0810,2017
synth-0853,synth-0810,2017
synth-0860,synth-0810,2017
synth-0873,synth-0810,2018
synth-0874,synth-0810,2018
synth-0880,synth-0810,2018
synth-0885,synth-0810,2019
synth-0892,synth-0810,2019
synth-0895,synth-0810,2019
synth-0911,synth-0810,2020
synth-0912,synth-0810,2020
synth-0914,synth-0810,2020
synth-0933,synth-0810,2021
synth-0935,synth-0810,2021
synth-0941,synth-0810,2022
synth-0962,synth-0810,2023
synth-0964,synth-0810,2023
synth-0968,synth-0810,2023
synth-0975,synth-0810,2023
synth-0990,synth-0810,2024
synth-0991,synth-0810,2024
synth-0992,synth-0810,2024
synth-0994,synth-0810,2024
synth-0910,synth-0811,2020
synth-0961,synth-0811,2023
synth-0963,synth-0811,2023
synth-0822,synth-0812,2016
synth-0842,synth-0812,2017
synth-0849,synth-0812,2017
synth-0872,synth-0812,2018
synth-0900,synth-0812,2019
synth-0904,synth-0812,2020
synth-0919,synth-0812,2020
synth-0926,synth-0812,2021
synth-0936,synth-0812,2021
synth-0946,synth-0812,2022
synth-0947,synth-0812,2022
synth-0988,synth-0812,2024
synth-0813,synth-0816,2015
synth-0823,synth-0813,2016
synth-0827,synth-0813,2016
synth-0833,synth-0813,2016
synth-0835,synth-0813,2016
synth-0838,synth-0813,2016
synth-0847,synth-0813,2017
synth-0863,synth-0813,2018
synth-0868,synth-0813,2018
synth-0869,synth-0813,2018
synth-0870,synth-0813,2018
synth-0876,synth-0813,2018
synth-0889,synth-0813,2019
synth-0930,synth-0813,2021
synth-0956,synth-0813,2022
synth-0967,synth-0813,2023
synth-0983,synth-0813,2024
synth-1000,synth-0813,2024
synth-0829,synth-0814,2016
synth-0867,synth-0814,2018
synth-0886,synth-0814,2019
synth-0894,synth-0814,2019
synth-0952,synth-0814,2022
synth-0993,synth-0814,2024
synth-0832,synth-0815,2016
synth-0845,synth-0815,2017
synth-0905,synth-0815,2020
synth-0823,synth-0816,2016
synth-0825,synth-0816,2016
synth-0833,synth-0816,2016
synth-0838,synth-0816,2016
synth-0869,synth-0816,2018
synth-0882,synth-0816,2019
synth-0896,synth-0816,2019
synth-0916,synth-0816,2020
synth-0925,synth-0816,2021
synth-0930,synth-0816,2021
synth-0998,synth-0816,2024
synth-0834,synth-0817,2016
synth-0837,synth-0817,2016
synth-0850,synth-0817,2017
synth-0852,synth-0817,2017
synth-0855,synth-0817,2017
synth-0884,synth-0817,2019
synth-0931,synth-0817,2021
synth-0818,synth-0819,2015
synth-0873,synth-0818,2018
synth-0892,synth-0818,2019
synth-0922,synth-0818,2021
synth-0935,synth-0818,2021
synth-0937,synth-0818,2021
synth-0976,synth-0818,2023
synth-0985,synth-0818,2024
synth-0986,synth-0818,2024
synth-0989,synth-0818,2024
synth-0990,synth-0818,2024
synth-0994,synth-0818,2024
synth-0831,synth-0819,2016
synth-0874,synth-0819,2018
synth-0877,synth-0819,2018
synth-0903,synth-0819,2020
synth-0922,synth-0819,2021
synth-0964,synth-0819,2023
synth-0981,synth-0819,2024
synth-0824,synth-0820,2016
synth-0830,synth-0820,2016
synth-0879,synth-0820,2018
synth-0891,synth-0820,2019
synth-0915,synth-0820,2020
synth-0951,synth-0820,2022
synth-0821,synth-0836,2016
synth-0909,synth-0821,2020
synth-0900,synth-0822,2019
synth-0919,synth-0822,2020
synth-0936,synth-0822,2021
synth-0942,synth-0822,2022
synth-0954,synth-0822,2022
synth-0969,synth-0822,2023
synth-0876,synth-0823,2018
synth-0882,synth-0823,2019
synth-0889,synth-0823,2019
synth-0916,synth-0823,2020
synth-0824,synth-0830,2016
synth-0841,synth-0824,2017
synth-0871,synth-0824,2018
synth-0915,synth-0824,2020
synth-0920,synth-0824,2020
synth-0944,synth-0824,2022
synth-0949,synth-0824,2022
synth-0966,synth-0824,2023
synth-0995,synth-0824,2024
synth-0846,synth-0826,2017
synth-0857,synth-0826,2017
synth-0901,synth-0826,2020
synth-0932,synth-0826,2021
synth-0950,synth-0826,2022
synth-0957,synth-0826,2022
synth-0987,synth-0826,2024
synth-0863,synth-0827,2018
synth-0854,synth-0828,2017
synth-0902,synth-0828,2020
synth-0841,synth-0830,2017
synth-0871,synth-0830,2018
synth-0915,synth-0830,2020
synth-0920,synth-0830,2020
synth-0929,synth-0830,2021
synth-0944,synth-0830,2022
synth-0951,synth-0830,2022
synth-0977,synth-0830,2023
synth-0979,synth-0830,2023
synth-0999,synth-0830,2024
synth-0831,synth-0840,2016
synth-0844,synth-0831,2017
synth-0848,synth-0831,2017
synth-0853,synth-0831,2017
synth-0858,synth-0831,2017
synth-0859,synth-0831,2017
synth-0874,synth-0831,2018
synth-0877,synth-0831,2018
synth-0880,synth-0831,2018
synth-0885,synth-0831,2019
synth-0895,synth-0831,2019
synth-0911,synth-0831,2020
synth-0914,synth-0831,2020
synth-0933,synth-0831,2021
synth-0941,synth-0831,2022
synth-0962,synth-0831,2023
synth-0980,synth-0831,2023
synth-0992,synth-0831,2024
synth-0845,synth-0832,2017
synth-0861,synth-0832,2018
synth-0905,synth-0832,2020
synth-0869,synth-0833,2018
synth-0930,synth-0833,2021
synth-0834,synth-0837,2016
synth-0850,synth-0834,2017
synth-0921,synth-0834,2021
synth-0931,synth-0834,2021
synth-0945,synth-0834,2022
synth-0847,synth-0838,2017
synth-0868,synth-0838,2018
synth-0925,synth-0838,2021
synth-0967,synth-0838,2023
synth-0973,synth-0838,2023
synth-0848,synth-0840,2017
synth-0859,synth-0840,2017
synth-0912,synth-0840,2020
synth-0933,synth-0840,2021
synth-0944,synth-0841,2022
synth-0949,synth-0841,2022
synth-0966,synth-0841,2023
synth-0979,synth-0841,2023
synth-0999,synth-0841,2024
synth-0842,synth-0843,2017
synth-0842,synth-0849,2017
synth-0842,synth-0851,2017
synth-0878,synth-0842,2018
synth-0890,synth-0842,2019
synth-0943,synth-0842,2022
synth-0960,synth-0842,2022
synth-0965,synth-0842,2023
synth-0996,synth-0842,2024
synth-0843,synth-0851,2017
synth-0890,synth-0843,2019
synth-0943,synth-0843,2022
synth-0965,synth-0843,2023
synth-0996,synth-0843,2024
synth-0844,synth-0853,2017
synth-0844,synth-0858,2017
synth-0844,synth-0860,2017
synth-0885,synth-0844,2019
synth-0895,synth-0844,2019
synth-0913,synth-0844,2020
synth-0972,synth-0844,2023
synth-0980,synth-0844,2023
synth-0991,synth-0844,2024
synth-0861,synth-0845,2018
synth-0959,synth-0845,2022
synth-0846,synth-0857,2017
synth-0901,synth-0846,2020
synth-0957,synth-0846,2022
synth-0997,synth-0846,2024
synth-0868,synth-0847,2018
synth-0967,synth-0847,2023
synth-0973,synth-0847,2023
synth-0983,synth-0847,2024
synth-0880,synth-0848,2018
synth-0878,synth-0849,2018
synth-0960,synth-0849,2022
synth-0850,synth-0852,2017
synth-0850,synth-0855,2017
synth-0884,synth-0850,2019
synth-0890,synth-0851,2019
synth-0853,synth-0858,2017
synth-0972,synth-0853,2023
synth-0864,synth-0856,2018
synth-0865,synth-0856,2018
synth-0987,synth-0857,2024
synth-0997,synth-0857,2024
synth-0972,synth-0858,2023
synth-0913,synth-0860,2020
synth-0991,synth-0860,2024
synth-0959,synth-0861,2022
synth-0917,synth-0862,2020
synth-0883,synth-0866,2019
synth-0918,synth-0866,2020
synth-0927,synth-0866,2021
synth-0948,synth-0866,2022
synth-0971,synth-0866,2023
synth-0886,synth-0867,2019
synth-0893,synth-0867,2019
synth-0894,synth-0867,2019
synth-0952,synth-0867,2022
synth-0993,synth-0867,2024
synth-0978,synth-0870,2023
synth-0977,synth-0871,2023
synth-0926,synth-0872,2021
synth-0892,synth-0873,2019
synth-0964,synth-0874,2023
synth-0956,synth-0876,2022
synth-0903,synth-0877,2020
synth-0960,synth-0878,2022
synth-0888,synth-0879,2019
synth-0891,synth-0879,2019
synth-0899,synth-0879,2019
synth-0906,synth-0879,2020
synth-0928,synth-0879,2021
synth-0882,synth-0896,2019
synth-0882,synth-0897,2019
synth-0998,synth-0882,2024
synth-0940,synth-0883,2021
synth-0948,synth-0883,2022
synth-0958,synth-0883,2022
synth-0907,synth-0887,2020
synth-0938,synth-0887,2021
synth-0974,synth-0887,2023
synth-0888,synth-0899,2019
synth-0906,synth-0888,2020
synth-0908,synth-0888,2020
synth-0939,synth-0888,2021
synth-0943,synth-0890,2022
synth-0923,synth-0893,2021
synth-0911,synth-0895,2020
synth-0914,synth-0895,2020
synth-0962,synth-0895,2023
synth-0896,synth-0897,2019
synth-0998,synth-0896,2024
synth-0982,synth-0898,2024
synth-0984,synth-0898,2024
synth-0908,synth-0899,2020
synth-0936,synth-0900,2021
synth-0981,synth-0903,2024
synth-0988,synth-0904,2024
synth-0928,synth-0906,2021
synth-0938,synth-0907,2021
synth-0974,synth-0907,2023
synth-0924,synth-0909,2021
synth-0941,synth-0914,2022
synth-0975,synth-0914,2023
synth-0915,synth-0920,2020
synth-0929,synth-0915,2021
synth-0951,synth-0915,2022
synth-0934,synth-0917,2021
synth-0953,synth-0917,2022
synth-0927,synth-0918,2021
synth-0954,synth-0919,2022
synth-0969,synth-0919,2023
synth-0929,synth-0920,2021
synth-0955,synth-0923,2022
synth-0970,synth-0923,2023
synth-0946,synth-0926,2022
synth-0971,synth-0927,2023
synth-0945,synth-0931,2022
synth-0953,synth-0934,2022
synth-0935,synth-0937,2021
synth-0976,synth-0935,2023
synth-0985,synth-0935,2024
synth-0990,synth-0935,2024
synth-0976,synth-0937,2023
synth-0986,synth-0937,2024
synth-0989,synth-0937,2024
synth-0975,synth-0941,2023
synth-0979,synth-0944,2023
synth-0946,synth-0947,2022
synth-0948,synth-0958,2022
synth-0966,synth-0949,2023
synth-0995,synth-0949,2024
synth-0969,synth-0954,2023
synth-0970,synth-0955,2023
synth-0961,synth-0963,2023
synth-0992,synth-0962,2024
synth-0967,synth-0973,2023
synth-0985,synth-0976,2024
synth-0999,synth-0979,2024
synth-1001,synth-1002,2015
synth-1001,synth-1003,2015
synth-1001,synth-1004,2015
synth-1001,synth-1010,2015
synth-1001,synth-1013,2015
synth-1001,synth-1018,2015
synth-1024,synth-1001,2016
synth-1031,synth-1001,2016
synth-1033,synth-1001,2016
synth-1047,synth-1001,2017
synth-1053,synth-1001,2017
synth-1056,synth-1001,2017
synth-1070,synth-1001,2018
synth-1072,synth-1001,2018
synth-1075,synth-1001,2018
synth-1084,synth-1001,2019
synth-1101,synth-1001,2020
synth-1117,synth-1001,2020
synth-1118,synth-1001,2020
synth-1123,synth-1001,2021
synth-1140,synth-1001,2021
synth-1142,synth-1001,2022
synth-1158,synth-1001,2022
synth-1162,synth-1001,2023
synth-1165,synth-1001,2023
synth-1170,synth-1001,2023
synth-1172,synth-1001,2023
synth-1173,synth-1001,2023
synth-1178,synth-1001,2023
synth-1182,synth-1001,2024
synth-1189,synth-1001,2024
synth-1191,synth-1001,2024
synth-1194,synth-1001,2024
synth-1195,synth-1001,2024
synth-1001,synth-1201,2015
synth-1002,synth-1003,2015
synth-1002,synth-1004,2015
synth-1002,synth-1005,2015
synth-1002,synth-1007,2015
synth-1002,synth-1009,2015
synth-1002,synth-1010,2015
synth-1002,synth-1011,2015
synth-1002,synth-1013,2015
synth-1002,synth-1014,2015
synth-1002,synth-1016,2015
synth-1002,synth-1018,2015
synth-1002,synth-1019,2015
synth-1021,synth-1002,2016
synth-1023,synth-1002,2016
synth-1024,synth-1002,2016
synth-1031,synth-1002,2016
synth-1033,synth-1002,2016
synth-1036,synth-1002,2016
synth-1042,synth-1002,2017
synth-1043,synth-1002,2017
synth-1044,synth-1002,2017
synth-1050,synth-1002,2017
synth-1064,synth-1002,2018
synth-1070,synth-1002,2018
synth-1075,synth-1002,2018
synth-1076,synth-1002,2018
synth-1081,synth-1002,2019
synth-1084,synth-1002,2019
synth-1085,synth-1002,2019
synth-1095,synth-1002,2019
synth-1101,synth-1002,2020
synth-1103,synth-1002,2020
synth-1108,synth-1002,2020
synth-1110,synth-1002,2020
synth-1111,synth-1002,2020
synth-1122,synth-1002,2021
synth-1126,synth-1002,2021
synth-1138,synth-1002,2021
synth-1142,synth-1002,2022
synth-1143,synth-1002,2022
synth-1144,synth-1002,2022
synth-1151,synth-1002,2022
synth-1156,synth-1002,2022
synth-1157,synth-1002,2022
synth-1162,synth-1002,2023
synth-1168,synth-1002,2023
synth-1172,synth-1002,2023
synth-1173,synth-1002,2023
synth-1175,synth-1002,2023
synth-1178,synth-1002,2023
synth-1181,synth-1002,2024
synth-1182,synth-1002,2024
synth-1187,synth-1002,2024
synth-1194,synth-1002,2024
synth-1195,synth-1002,2024
synth-1197,synth-1002,2024
synth-1199,synth-1002,2024
synth-1003,synth-1004,2015
synth-1003,synth-1005,2015
synth-1003,synth-1006,2015
synth-1003,synth-1007,2015
synth-1003,synth-1008,2015
synth-1003,synth-1009,2015
synth-1003,synth-1010,2015
synth-1003,synth-1011,2015
synth-1003,synth-1012,2015
synth-1003,synth-1013,2015
synth-1003,synth-1014,2015
synth-1003,synth-1015,2015
synth-1003,synth-1016,2015
synth-1003,synth-1019,2015
synth-1003,synth-1020,2015
synth-1025,synth-1003,2016
synth-1027,synth-1003,2016
synth-1028,synth-1003,2016
synth-1030,synth-1003,2016
synth-1031,synth-1003,2016
synth-1034,synth-1003,2016
synth-1039,synth-1003,2016
synth-1041,synth-1003,2017
synth-1045,synth-1003,2017
synth-1049,synth-1003,2017
synth-1053,synth-1003,2017
synth-1054,synth-1003,2017
synth-1056,synth-1003,2017
synth-1057,synth-1003,2017
synth-1060,synth-1003,2017
synth-1069,synth-1003,2018
synth-1072,synth-1003,2018
synth-1077,synth-1003,2018
synth-1082,synth-1003,2019
synth-1083,synth-1003,2019
synth-1084,synth-1003,2019
synth-1089,synth-1003,2019
synth-1091,synth-1003,2019
synth-1095,synth-1003,2019
synth-1099,synth-1003,2019
synth-1100,synth-1003,2019
synth-1108,synth-1003,2020
synth-1112,synth-1003,2020
synth-1113,synth-1003,2020
synth-1118,synth-1003,2020
synth-1120,synth-1003,2020
synth-1121,synth-1003,2021
synth-1123,synth-1003,2021
synth-1131,synth-1003,2021
synth-1132,synth-1003,2021
synth-1133,synth-1003,2021
synth-1140,synth-1003,2021
synth-1141,synth-1003,2022
synth-1154,synth-1003,2022
synth-1163,synth-1003,2023
synth-1164,synth-1003,2023
synth-1168,synth-1003,2023
synth-1177,synth-1003,2023
synth-1186,synth-1003,2024
synth-1192,synth-1003,2024
synth-1196,synth-1003,2024
synth-1004,synth-1005,2015
synth-1004,synth-1006,2015
synth-1004,synth-1007,2015
synth-1004,synth-1008,2015
synth-1004,synth-1017,2015
synth-1004,synth-1020,2015
synth-1022,synth-1004,2016
synth-1029,synth-1004,2016
synth-1030,synth-1004,2016
synth-1033,synth-1004,2016
synth-1040,synth-1004,2016
synth-1048,synth-1004,2017
synth-1051,synth-1004,2017
synth-1052,synth-1004,2017
synth-1062,synth-1004,2018
synth-1080,synth-1004,2018
synth-1082,synth-1004,2019
synth-1087,synth-1004,2019
synth-1102,synth-1004,2020
synth-1104,synth-1004,2020
synth-1117,synth-1004,2020
synth-1148,synth-1004,2022
synth-1153,synth-1004,2022
synth-1180,synth-1004,2023
synth-1182,synth-1004,2024
synth-1005,synth-1006,2015
synth-1005,synth-1009,2015
synth-1005,synth-1011,2015
synth-1005,synth-1012,2015
synth-1005,synth-1015,2015
synth-1005,synth-1017,2015
synth-1022,synth-1005,2016
synth-1025,synth-1005,2016
synth-1028,synth-1005,2016
synth-1044,synth-1005,2017
synth-1045,synth-1005,2017
synth-1048,synth-1005,2017
synth-1052,synth-1005,2017
synth-1057,synth-1005,2017
synth-1059,synth-1005,2017
synth-1060,synth-1005,2017
synth-1061,synth-1005,2018
synth-1066,synth-1005,2018
synth-1069,synth-1005,2018
synth-1071,synth-1005,2018
synth-1073,synth-1005,2018
synth-1077,synth-1005,2018
synth-1078,synth-1005,2018
synth-1079,synth-1005,2018
synth-1083,synth-1005,2019
synth-1086,synth-1005,2019
synth-1088,synth-1005,2019
synth-1094,synth-1005,2019
synth-1106,synth-1005,2020
synth-1107,synth-1005,2020
synth-1108,synth-1005,2020
synth-1109,synth-1005,2020
synth-1115,synth-1005,2020
synth-1122,synth-1005,2021
synth-1125,synth-1005,2021
synth-1131,synth-1005,2021
synth-1139,synth-1005,2021
synth-1141,synth-1005,2022
synth-1145,synth-1005,2022
synth-1151,synth-1005,2022
synth-1153,synth-1005,2022
synth-1154,synth-1005,2022
synth-1160,synth-1005,2022
synth-1166,synth-1005,2023
synth-1184,synth-1005,2024
synth-1185,synth-1005,2024
synth-1188,synth-1005,2024
synth-1190,synth-1005,2024
synth-1006,synth-1008,2015
synth-1006,synth-1012,2015
synth-1006,synth-1017,2015
synth-1006,synth-1020,2015
synth-1029,synth-1006,2016
synth-1032,synth-1006,2016
synth-1034,synth-1006,2016
synth-1035,synth-1006,2016
synth-1037,synth-1006,2016
synth-1038,synth-1006,2016
synth-1039,synth-1006,2016
synth-1040,synth-1006,2016
synth-1046,synth-1006,2017
synth-1048,synth-1006,2017
synth-1049,synth-1006,2017
synth-1051,synth-1006,2017
synth-1055,synth-1006,2017
synth-1057,synth-1006,2017
synth-1062,synth-1006,2018
synth-1063,synth-1006,2018
synth-1079,synth-1006,2018
synth-1087,synth-1006,2019
synth-1090,synth-1006,2019
synth-1092,synth-1006,2019
synth-1094,synth-1006,2019
synth-1098,synth-1006,2019
synth-1100,synth-1006,2019
synth-1104,synth-1006,2020
synth-1105,synth-1006,2020
synth-1119,synth-1006,2020
synth-1124,synth-1006,2021
synth-1130,synth-1006,2021
synth-1134,synth-1006,2021
synth-1149,synth-1006,2022
synth-1150,synth-1006,2022
synth-1159,synth-1006,2022
synth-1160,synth-1006,2022
synth-1161,synth-1006,2023
synth-1177,synth-1006,2023
synth-1180,synth-1006,2023
synth-1188,synth-1006,2024
synth-1196,synth-1006,2024
synth-1007,synth-1019,2015
synth-1027,synth-1007,2016
synth-1042,synth-1007,2017
synth-1091,synth-1007,2019
synth-1114,synth-1007,2020
synth-1138,synth-1007,2021
synth-1156,synth-1007,2022
synth-1030,synth-1008,2016
synth-1040,synth-1008,2016
synth-1080,synth-1008,2018
synth-1025,synth-1009,2016
synth-1010,synth-1018,2015
synth-1024,synth-1010,2016
synth-1047,synth-1010,2017
synth-1050,synth-1010,2017
synth-1053,synth-1010,2017
synth-1075,synth-1010,2018
synth-1095,synth-1010,2019
synth-1163,synth-1010,2023
synth-1175,synth-1010,2023
synth-1011,synth-1014,2015
synth-1021,synth-1011,2016
synth-1044,synth-1011,2017
synth-1109,synth-1011,2020
synth-1181,synth-1011,2024
synth-1185,synth-1011,2024
synth-1012,synth-1015,2015
synth-1028,synth-1012,2016
synth-1034,synth-1012,2016
synth-1041,synth-1012,2017
synth-1045,synth-1012,2017
synth-1059,synth-1012,2017
synth-1061,synth-1012,2018
synth-1068,synth-1012,2018
synth-1078,synth-1012,2018
synth-1079,synth-1012,2018
synth-1089,synth-1012,2019
synth-1090,synth-1012,2019
synth-1106,synth-1012,2020
synth-1121,synth-1012,2021
synth-1152,synth-1012,2022
synth-1161,synth-1012,2023
synth-1171,synth-1012,2023
synth-1176,synth-1012,2023
synth-1168,synth-1013,2023
synth-1014,synth-1016,2015
synth-1021,synth-1014,2016
synth-1023,synth-1014,2016
synth-1026,synth-1014,2016
synth-1036,synth-1014,2016
synth-1043,synth-1014,2017
synth-1054,synth-1014,2017
synth-1058,synth-1014,2017
synth-1064,synth-1014,2018
synth-1065,synth-1014,2018
synth-1120,synth-1014,2020
synth-1126,synth-1014,2021
synth-1135,synth-1014,2021
synth-1174,synth-1014,2023
synth-1179,synth-1014,2023
synth-1187,synth-1014,2024
synth-1193,synth-1014,2024
synth-1061,synth-1015,2018
synth-1083,synth-1015,2019
synth-1107,synth-1015,2020
synth-1128,synth-1015,2021
synth-1139,synth-1015,2021
synth-1023,synth-1016,2016
synth-1026,synth-1016,2016
synth-1043,synth-1016,2017
synth-1054,synth-1016,2017
synth-1058,synth-1016,2017
synth-1081,synth-1016,2019
synth-1110,synth-1016,2020
synth-1120,synth-1016,2020
synth-1135,synth-1016,2021
synth-1147,synth-1016,2022
synth-1157,synth-1016,2022
synth-1183,synth-1016,2024
synth-1197,synth-1016,2024
synth-1022,synth-1017,2016
synth-1051,synth-1017,2017
synth-1094,synth-1017,2019
synth-1102,synth-1017,2020
synth-1115,synth-1017,2020
synth-1125,synth-1017,2021
synth-1166,synth-1017,2023
synth-1050,synth-1018,2017
synth-1175,synth-1018,2023
synth-1027,synth-1019,2016
synth-1042,synth-1019,2017
synth-1114,synth-1019,2020
synth-1138,synth-1019,2021
synth-1029,synth-1020,2016
synth-1032,synth-1020,2016
synth-1037,synth-1020,2016
synth-1082,synth-1020,2019
synth-1112,synth-1020,2020
synth-1119,synth-1020,2020
synth-1149,synth-1020,2022
synth-1064,synth-1021,2018
synth-1076,synth-1021,2018
synth-1085,synth-1021,2019
synth-1129,synth-1021,2021
synth-1155,synth-1021,2022
synth-1169,synth-1021,2023
synth-1153,synth-1022,2022
synth-1023,synth-1026,2016
synth-1023,synth-1036,2016
synth-1193,synth-1023,2024
synth-1047,synth-1024,2017
synth-1069,synth-1025,2018
synth-1073,synth-1025,2018
synth-1058,synth-1026,2017
synth-1065,synth-1026,2018
synth-1135,synth-1026,2021
synth-1183,synth-1026,2024
synth-1091,synth-1027,2019
synth-1114,synth-1027,2020
synth-1164,synth-1027,2023
synth-1059,synth-1028,2017
synth-1066,synth-1028,2018
synth-1067,synth-1028,2018
synth-1068,synth-1028,2018
synth-1078,synth-1028,2018
synth-1089,synth-1028,2019
synth-1106,synth-1028,2020
synth-1113,synth-1028,2020
synth-1152,synth-1028,2022
synth-1171,synth-1028,2023
synth-1200,synth-1028,2024
synth-1029,synth-1032,2016
synth-1029,synth-1035,2016
synth-1029,synth-1037,2016
synth-1029,synth-1038,2016
synth-1062,synth-1029,2018
synth-1098,synth-1029,2019
synth-1104,synth-1029,2020
synth-1149,synth-1029,2022
synth-1180,synth-1029,2023
synth-1080,synth-1030,2018
synth-1056,synth-1031,2017
synth-1189,synth-1031,2024
synth-1032,synth-1035,2016
synth-1032,synth-1038,2016
synth-1046,synth-1032,2017
synth-1055,synth-1032,2017
synth-1063,synth-1032,2018
synth-1074,synth-1032,2018
synth-1092,synth-1032,2019
synth-1093,synth-1032,2019
synth-1098,synth-1032,2019
synth-1105,synth-1032,2020
synth-1119,synth-1032,2020
synth-1130,synth-1032,2021
synth-1134,synth-1032,2021
synth-1198,synth-1032,2024
synth-1070,synth-1033,2018
synth-1117,synth-1033,2020
synth-1158,synth-1033,2022
synth-1034,synth-1039,2016
synth-1041,synth-1034,2017
synth-1049,synth-1034,2017
synth-1090,synth-1034,2019
synth-1100,synth-1034,2019
synth-1124,synth-1034,2021
synth-1136,synth-1034,2021
synth-1159,synth-1034,2022
synth-1176,synth-1034,2023
synth-1192,synth-1034,2024
synth-1046,synth-1035,2017
synth-1063,synth-1035,2018
synth-1074,synth-1035,2018
synth-1093,synth-1035,2019
synth-1167,synth-1035,2023
synth-1198,synth-1035,2024
synth-1187,synth-1036,2024
synth-1193,synth-1036,2024
synth-1092,synth-1038,2019
synth-1124,synth-1039,2021
synth-1136,synth-1039,2021
synth-1176,synth-1041,2023
synth-1192,synth-1041,2024
synth-1081,synth-1043,2019
synth-1126,synth-1043,2021
synth-1147,synth-1043,2022
synth-1174,synth-1043,2023
synth-1179,synth-1043,2023
synth-1109,synth-1044,2020
synth-1181,synth-1044,2024
synth-1077,synth-1045,2018
synth-1086,synth-1045,2019
synth-1096,synth-1045,2019
synth-1097,synth-1045,2019
synth-1099,synth-1045,2019
synth-1127,synth-1045,2021
synth-1132,synth-1045,2021
synth-1137,synth-1045,2021
synth-1146,synth-1045,2022
synth-1184,synth-1045,2024
synth-1046,synth-1055,2017
synth-1074,synth-1046,2018
synth-1093,synth-1046,2019
synth-1167,synth-1046,2023
synth-1048,synth-1052,2017
synth-1088,synth-1048,2019
synth-1087,synth-1051,2019
synth-1102,synth-1051,2020
synth-1148,synth-1051,2022
synth-1088,synth-1052,2019
synth-1072,synth-1053,2018
synth-1118,synth-1053,2020
synth-1165,synth-1053,2023
synth-1170,synth-1053,2023
synth-1134,synth-1055,2021
synth-1150,synth-1055,2022
synth-1189,synth-1056,2024
synth-1057,synth-1060,2017
synth-1071,synth-1057,2018
synth-1145,synth-1057,2022
synth-1196,synth-1057,2024
synth-1065,synth-1058,2018
synth-1183,synth-1058,2024
synth-1066,synth-1059,2018
synth-1067,synth-1059,2018
synth-1068,synth-1059,2018
synth-1116,synth-1059,2020
synth-1171,synth-1059,2023
synth-1071,synth-1060,2018
synth-1141,synth-1060,2022
synth-1145,synth-1060,2022
synth-1107,synth-1061,2020
synth-1128,synth-1061,2021
synth-1064,synth-1076,2018
synth-1144,synth-1064,2022
synth-1066,synth-1067,2018
synth-1116,synth-1066,2020
synth-1200,synth-1066,2024
synth-1116,synth-1067,2020
synth-1200,synth-1067,2024
synth-1152,synth-1068,2022
synth-1069,synth-1073,2018
synth-1131,synth-1069,2021
synth-1154,synth-1069,2022
synth-1142,synth-1070,2022
synth-1178,synth-1070,2023
synth-1165,synth-1072,2023
synth-1101,synth-1075,2020
synth-1085,synth-1076,2019
synth-1103,synth-1076,2020
synth-1111,synth-1076,2020
synth-1129,synth-1076,2021
synth-1144,synth-1076,2022
synth-1086,synth-1077,2019
synth-1096,synth-1077,2019
synth-1097,synth-1077,2019
synth-1099,synth-1077,2019
synth-1137,synth-1077,2021
synth-1110,synth-1081,2020
synth-1143,synth-1081,2022
synth-1147,synth-1081,2022
synth-1112,synth-1082,2020
synth-1139,synth-1083,2021
synth-1123,synth-1084,2021
synth-1162,synth-1084,2023
synth-1103,synth-1085,2020
synth-1111,synth-1085,2020
synth-1129,synth-1085,2021
synth-1155,synth-1085,2022
synth-1086,synth-1096,2019
synth-1184,synth-1086,2024
synth-1190,synth-1086,2024
synth-1148,synth-1087,2022
synth-1113,synth-1089,2020
synth-1121,synth-1089,2021
synth-1133,synth-1089,2021
synth-1159,synth-1090,2022
synth-1161,synth-1090,2023
synth-1164,synth-1091,2023
synth-1167,synth-1093,2023
synth-1198,synth-1093,2024
synth-1115,synth-1094,2020
synth-1160,synth-1094,2022
synth-1163,synth-1095,2023
synth-1186,synth-1095,2024
synth-1096,synth-1097,2019
synth-1127,synth-1096,2021
synth-1127,synth-1097,2021
synth-1105,synth-1098,2020
synth-1130,synth-1098,2021
synth-1132,synth-1099,2021
synth-1137,synth-1099,2021
synth-1146,synth-1099,2022
synth-1177,synth-1100,2023
synth-1172,synth-1101,2023
synth-1128,synth-1107,2021
synth-1122,synth-1108,2021
synth-1185,synth-1109,2024
synth-1143,synth-1110,2022
synth-1157,synth-1110,2022
synth-1197,synth-1110,2024
synth-1199,synth-1110,2024
synth-1133,synth-1113,2021
synth-1125,synth-1115,2021
synth-1166,synth-1115,2023
synth-1158,synth-1117,2022
synth-1170,synth-1118,2023
synth-1151,synth-1122,2022
synth-1123,synth-1140,2021
synth-1124,synth-1136,2021
synth-1174,synth-1126,2023
synth-1179,synth-1126,2023
synth-1155,synth-1129,2022
synth-1169,synth-1129,2023
synth-1150,synth-1134,2022
synth-1146,synth-1137,2022
synth-1156,synth-1138,2022
synth-1173,synth-1142,2023
synth-1191,synth-1142,2024
synth-1169,synth-1155,2023
synth-1188,synth-1160,2024
synth-1186,synth-1163,2024
synth-1191,synth-1173,2024
synth-1194,synth-1173,2024
synth-1184,synth-1190,2024
synth-1194,synth-1195,2024
synth-1197,synth-1199,2024
synth-1201,synth-1202,2015
synth-1201,synth-1203,2015
synth-1201,synth-1204,2015
synth-1201,synth-1205,2015
synth-1201,synth-1207,2015
synth-1201,synth-1210,2015
synth-1201,synth-1212,2015
synth-1201,synth-1213,2015
synth-1201,synth-1214,2015
synth-1201,synth-1219,2015
synth-1225,synth-1201,2016
synth-1229,synth-1201,2016
synth-1232,synth-1201,2016
synth-1240,synth-1201,2016
synth-1242,synth-1201,2017
synth-1245,synth-1201,2017
synth-1250,synth-1201,2017
synth-1254,synth-1201,2017
synth-1262,synth-1201,2018
synth-1267,synth-1201,2018
synth-1268,synth-1201,2018
synth-1269,synth-1201,2018
synth-1272,synth-1201,2018
synth-1273,synth-1201,2018
synth-1274,synth-1201,2018
synth-1275,synth-1201,2018
synth-1278,synth-1201,2018
synth-1283,synth-1201,2019
synth-1291,synth-1201,2019
synth-1294,synth-1201,2019
synth-1295,synth-1201,2019
synth-1296,synth-1201,2019
synth-1298,synth-1201,2019
synth-1307,synth-1201,2020
synth-1313,synth-1201,2020
synth-1314,synth-1201,2020
synth-1323,synth-1201,2021
synth-1325,synth-1201,2021
synth-1328,synth-1201,2021
synth-1331,synth-1201,2021
synth-1333,synth-1201,2021
synth-1334,synth-1201,2021
synth-1337,synth-1201,2021
synth-1340,synth-1201,2021
synth-1347,synth-1201,2022
synth-1370,synth-1201,2023
synth-1373,synth-1201,2023
synth-1379,synth-1201,2023
synth-1383,synth-1201,2024
synth-1392,synth-1201,2024
synth-1395,synth-1201,2024
synth-1201,synth-1401,2015
synth-1202,synth-1203,2015
synth-1202,synth-1204,2015
synth-1202,synth-1205,2015
synth-1202,synth-1206,2015
synth-1202,synth-1208,2015
synth-1202,synth-1210,2015
synth-1202,synth-1211,2015
synth-1202,synth-1212,2015
synth-1202,synth-1213,2015
synth-1202,synth-1214,2015
synth-1202,synth-1215,2015
synth-1202,synth-1216,2015
synth-1202,synth-1218,2015
synth-1202,synth-1219,2015
synth-1221,synth-1202,2016
synth-1222,synth-1202,2016
synth-1223,synth-1202,2016
synth-1225,synth-1202,2016
synth-1226,synth-1202,2016
synth-1227,synth-1202,2016
synth-1229,synth-1202,2016
synth-1230,synth-1202,2016
synth-1233,synth-1202,2016
synth-1238,synth-1202,2016
synth-1243,synth-1202,2017
synth-1247,synth-1202,2017
synth-1248,synth-1202,2017
synth-1249,synth-1202,2017
synth-1252,synth-1202,2017
synth-1253,synth-1202,2017
synth-1254,synth-1202,2017
synth-1255,synth-1202,2017
synth-1256,synth-1202,2017
synth-1257,synth-1202,2017
synth-1263,synth-1202,2018
synth-1264,synth-1202,2018
synth-1267,synth-1202,2018
synth-1268,synth-1202,2018
synth-1270,synth-1202,2018
synth-1272,synth-1202,2018
synth-1274,synth-1202,2018
synth-1284,synth-1202,2019
synth-1285,synth-1202,2019
synth-1286,synth-1202,2019
synth-1289,synth-1202,2019
synth-1290,synth-1202,2019
synth-1293,synth-1202,2019
synth-1297,synth-1202,2019
synth-1301,synth-1202,2020
synth-1307,synth-1202,2020
synth-1308,synth-1202,2020
synth-1314,synth-1202,2020
synth-1315,synth-1202,2020
synth-1316,synth-1202,2020
synth-1320,synth-1202,2020
synth-1324,synth-1202,2021
synth-1329,synth-1202,2021
synth-1330,synth-1202,2021
synth-1335,synth-1202,2021
synth-1338,synth-1202,2021
synth-1344,synth-1202,2022
synth-1345,synth-1202,2022
synth-1347,synth-1202,2022
synth-1349,synth-1202,2022
synth-1353,synth-1202,2022
synth-1354,synth-1202,2022
synth-1356,synth-1202,2022
synth-1361,synth-1202,2023
synth-1363,synth-1202,2023
synth-1365,synth-1202,2023
synth-1367,synth-1202,2023
synth-1370,synth-1202,2023
synth-1371,synth-1202,2023
synth-1386,synth-1202,2024
synth-1388,synth-1202,2024
synth-1392,synth-1202,2024
synth-1203,synth-1204,2015
synth-1203,synth-1207,2015
synth-1203,synth-1217,2015
synth-1223,synth-1203,2016
synth-1226,synth-1203,2016
synth-1228,synth-1203,2016
synth-1230,synth-1203,2016
synth-1232,synth-1203,2016
synth-1245,synth-1203,2017
synth-1247,synth-1203,2017
synth-1250,synth-1203,2017
synth-1254,synth-1203,2017
synth-1255,synth-1203,2017
synth-1258,synth-1203,2017
synth-1259,synth-1203,2017
synth-1264,synth-1203,2018
synth-1266,synth-1203,2018
synth-1277,synth-1203,2018
synth-1291,synth-1203,2019
synth-1292,synth-1203,2019
synth-1293,synth-1203,2019
synth-1306,synth-1203,2020
synth-1311,synth-1203,2020
synth-1326,synth-1203,2021
synth-1329,synth-1203,2021
synth-1351,synth-1203,2022
synth-1366,synth-1203,2023
synth-1377,synth-1203,2023
synth-1389,synth-1203,2024
synth-1393,synth-1203,2024
synth-1204,synth-1205,2015
synth-1204,synth-1206,2015
synth-1204,synth-1207,2015
synth-1204,synth-1212,2015
synth-1204,synth-1213,2015
synth-1204,synth-1217,2015
synth-1204,synth-1220,2015
synth-1223,synth-1204,2016
synth-1226,synth-1204,2016
synth-1228,synth-1204,2016
synth-1231,synth-1204,2016
synth-1232,synth-1204,2016
synth-1233,synth-1204,2016
synth-1237,synth-1204,2016
synth-1242,synth-1204,2017
synth-1244,synth-1204,2017
synth-1246,synth-1204,2017
synth-1249,synth-1204,2017
synth-1257,synth-1204,2017
synth-1258,synth-1204,2017
synth-1266,synth-1204,2018
synth-1268,synth-1204,2018
synth-1269,synth-1204,2018
synth-1271,synth-1204,2018
synth-1273,synth-1204,2018
synth-1276,synth-1204,2018
synth-1279,synth-1204,2018
synth-1280,synth-1204,2018
synth-1281,synth-1204,2019
synth-1286,synth-1204,2019
synth-1288,synth-1204,2019
synth-1290,synth-1204,2019
synth-1292,synth-1204,2019
synth-1294,synth-1204,2019
synth-1300,synth-1204,2019
synth-1305,synth-1204,2020
synth-1309,synth-1204,2020
synth-1319,synth-1204,2020
synth-1322,synth-1204,2021
synth-1328,synth-1204,2021
synth-1332,synth-1204,2021
synth-1333,synth-1204,2021
synth-1339,synth-1204,2021
synth-1342,synth-1204,2022
synth-1343,synth-1204,2022
synth-1351,synth-1204,2022
synth-1367,synth-1204,2023
synth-1376,synth-1204,2023
synth-1386,synth-1204,2024
synth-1397,synth-1204,2024
synth-1400,synth-1204,2024
synth-1205,synth-1206,2015
synth-1205,synth-1208,2015
synth-1205,synth-1209,2015
synth-1205,synth-1210,2015
synth-1205,synth-1211,2015
synth-1205,synth-1218,2015
synth-1205,synth-1220,2015
synth-1224,synth-1205,2016
synth-1227,synth-1205,2016
synth-1231,synth-1205,2016
synth-1241,synth-1205,2017
synth-1248,synth-1205,2017
synth-1252,synth-1205,2017
synth-1265,synth-1205,2018
synth-1297,synth-1205,2019
synth-1303,synth-1205,2020
synth-1341,synth-1205,2022
synth-1352,synth-1205,2022
synth-1355,synth-1205,2022
synth-1367,synth-1205,2023
synth-1375,synth-1205,2023
synth-1378,synth-1205,2023
synth-1392,synth-1205,2024
synth-1396,synth-1205,2024
synth-1206,synth-1208,2015
synth-1206,synth-1209,2015
synth-1206,synth-1215,2015
synth-1206,synth-1220,2015
synth-1222,synth-1206,2016
synth-1224,synth-1206,2016
synth-1234,synth-1206,2016
synth-1235,synth-1206,2016
synth-1236,synth-1206,2016
synth-1239,synth-1206,2016
synth-1241,synth-1206,2017
synth-1244,synth-1206,2017
synth-1249,synth-1206,2017
synth-1257,synth-1206,2017
synth-1261,synth-1206,2018
synth-1265,synth-1206,2018
synth-1281,synth-1206,2019
synth-1282,synth-1206,2019
synth-1287,synth-1206,2019
synth-1288,synth-1206,2019
synth-1303,synth-1206,2020
synth-1308,synth-1206,2020
synth-1309,synth-1206,2020
synth-1310,synth-1206,2020
synth-1317,synth-1206,2020
synth-1332,synth-1206,2021
synth-1336,synth-1206,2021
synth-1341,synth-1206,2022
synth-1342,synth-1206,2022
synth-1345,synth-1206,2022
synth-1353,synth-1206,2022
synth-1355,synth-1206,2022
synth-1356,synth-1206,2022
synth-1359,synth-1206,2022
synth-1361,synth-1206,2023
synth-1374,synth-1206,2023
synth-1378,synth-1206,2023
synth-1382,synth-1206,2024
synth-1387,synth-1206,2024
synth-1391,synth-1206,2024
synth-1397,synth-1206,2024
synth-1207,synth-1217,2015
synth-1242,synth-1207,2017
synth-1246,synth-1207,2017
synth-1269,synth-1207,2018
synth-1311,synth-1207,2020
synth-1400,synth-1207,2024
synth-1208,synth-1209,2015
synth-1208,synth-1211,2015
synth-1208,synth-1215,2015
synth-1208,synth-1216,2015
synth-1208,synth-1218,2015
synth-1221,synth-1208,2016
synth-1227,synth-1208,2016
synth-1234,synth-1208,2016
synth-1235,synth-1208,2016
synth-1239,synth-1208,2016
synth-1251,synth-1208,2017
synth-1261,synth-1208,2018
synth-1282,synth-1208,2019
synth-1297,synth-1208,2019
synth-1299,synth-1208,2019
synth-1302,synth-1208,2020
synth-1312,synth-1208,2020
synth-1315,synth-1208,2020
synth-1318,synth-1208,2020
synth-1327,synth-1208,2021
synth-1335,synth-1208,2021
synth-1352,synth-1208,2022
synth-1361,synth-1208,2023
synth-1362,synth-1208,2023
synth-1365,synth-1208,2023
synth-1381,synth-1208,2024
synth-1265,synth-1209,2018
synth-1355,synth-1209,2022
synth-1375,synth-1209,2023
synth-1396,synth-1209,2024
synth-1210,synth-1214,2015
synth-1229,synth-1210,2016
synth-1240,synth-1210,2016
synth-1243,synth-1210,2017
synth-1284,synth-1210,2019
synth-1320,synth-1210,2020
synth-1384,synth-1210,2024
synth-1211,synth-1216,2015
synth-1274,synth-1212,2018
synth-1283,synth-1212,2019
synth-1386,synth-1212,2024
synth-1225,synth-1213,2016
synth-1289,synth-1213,2019
synth-1298,synth-1213,2019
synth-1344,synth-1213,2022
synth-1214,synth-1219,2015
synth-1238,synth-1214,2016
synth-1243,synth-1214,2017
synth-1262,synth-1214,2018
synth-1270,synth-1214,2018
synth-1285,synth-1214,2019
synth-1301,synth-1214,2020
synth-1316,synth-1214,2020
synth-1320,synth-1214,2020
synth-1321,synth-1214,2021
synth-1324,synth-1214,2021
synth-1331,synth-1214,2021
synth-1346,synth-1214,2022
synth-1371,synth-1214,2023
synth-1221,synth-1215,2016
synth-1222,synth-1215,2016
synth-1234,synth-1215,2016
synth-1235,synth-1215,2016
synth-1236,synth-1215,2016
synth-1251,synth-1215,2017
synth-1253,synth-1215,2017
synth-1260,synth-1215,2017
synth-1299,synth-1215,2019
synth-1315,synth-1215,2020
synth-1317,synth-1215,2020
synth-1350,synth-1215,2022
synth-1360,synth-1215,2022
synth-1381,synth-1215,2024
synth-1246,synth-1217,2017
synth-1311,synth-1217,2020
synth-1352,synth-1218,2022
synth-1238,synth-1219,2016
synth-1262,synth-1219,2018
synth-1263,synth-1219,2018
synth-1270,synth-1219,2018
synth-1316,synth-1219,2020
synth-1321,synth-1219,2021
synth-1324,synth-1219,2021
synth-1331,synth-1219,2021
synth-1334,synth-1219,2021
synth-1338,synth-1219,2021
synth-1346,synth-1219,2022
synth-1354,synth-1219,2022
synth-1224,synth-1220,2016
synth-1231,synth-1220,2016
synth-1244,synth-1220,2017
synth-1281,synth-1220,2019
synth-1287,synth-1220,2019
synth-1310,synth-1220,2020
synth-1319,synth-1220,2020
synth-1336,synth-1220,2021
synth-1339,synth-1220,2021
synth-1341,synth-1220,2022
synth-1359,synth-1220,2022
synth-1369,synth-1220,2023
synth-1390,synth-1220,2024
synth-1394,synth-1220,2024
synth-1398,synth-1220,2024
synth-1253,synth-1221,2017
synth-1335,synth-1221,2021
synth-1362,synth-1221,2023
synth-1222,synth-1236,2016
synth-1308,synth-1222,2020
synth-1317,synth-1222,2020
synth-1356,synth-1222,2022
synth-1374,synth-1222,2023
synth-1223,synth-1230,2016
synth-1255,synth-1223,2017
synth-1290,synth-1223,2019
synth-1330,synth-1223,2021
synth-1363,synth-1223,2023
synth-1241,synth-1224,2017
synth-1310,synth-1224,2020
synth-1289,synth-1225,2019
synth-1298,synth-1225,2019
synth-1344,synth-1225,2022
synth-1370,synth-1225,2023
synth-1226,synth-1228,2016
synth-1226,synth-1233,2016
synth-1226,synth-1237,2016
synth-1247,synth-1226,2017
synth-1266,synth-1226,2018
synth-1271,synth-1226,2018
synth-1276,synth-1226,2018
synth-1277,synth-1226,2018
synth-1279,synth-1226,2018
synth-1280,synth-1226,2018
synth-1300,synth-1226,2019
synth-1305,synth-1226,2020
synth-1322,synth-1226,2021
synth-1326,synth-1226,2021
synth-1351,synth-1226,2022
synth-1364,synth-1226,2023
synth-1376,synth-1226,2023
synth-1380,synth-1226,2023
synth-1248,synth-1227,2017
synth-1292,synth-1228,2019
synth-1393,synth-1228,2024
synth-1229,synth-1240,2016
synth-1264,synth-1230,2018
synth-1306,synth-1230,2020
synth-1330,synth-1230,2021
synth-1366,synth-1230,2023
synth-1245,synth-1232,2017
synth-1250,synth-1232,2017
synth-1258,synth-1232,2017
synth-1259,synth-1232,2017
synth-1296,synth-1232,2019
synth-1304,synth-1232,2020
synth-1357,synth-1232,2022
synth-1368,synth-1232,2023
synth-1385,synth-1232,2024
synth-1233,synth-1237,2016
synth-1271,synth-1233,2018
synth-1299,synth-1234,2019
synth-1381,synth-1234,2024
synth-1235,synth-1239,2016
synth-1251,synth-1235,2017
synth-1260,synth-1235,2017
synth-1261,synth-1235,2018
synth-1282,synth-1235,2019
synth-1302,synth-1235,2020
synth-1312,synth-1235,2020
synth-1327,synth-1235,2021
synth-1276,synth-1237,2018
synth-1364,synth-1237,2023
synth-1376,synth-1237,2023
synth-1399,synth-1237,2024
synth-1263,synth-1238,2018
synth-1354,synth-1238,2022
synth-1312,synth-1239,2020
synth-1303,synth-1241,2020
synth-1378,synth-1241,2023
synth-1382,synth-1241,2024
synth-1273,synth-1242,2018
synth-1275,synth-1242,2018
synth-1383,synth-1242,2024
synth-1284,synth-1243,2019
synth-1384,synth-1243,2024
synth-1287,synth-1244,2019
synth-1332,synth-1244,2021
synth-1394,synth-1244,2024
synth-1400,synth-1246,2024
synth-1277,synth-1247,2018
synth-1329,synth-1247,2021
synth-1377,synth-1247,2023
synth-1248,synth-1252,2017
synth-1248,synth-1256,2017
synth-1388,synth-1248,2024
synth-1250,synth-1259,2017
synth-1296,synth-1250,2019
synth-1304,synth-1250,2020
synth-1313,synth-1250,2020
synth-1357,synth-1250,2022
synth-1368,synth-1250,2023
synth-1372,synth-1250,2023
synth-1385,synth-1250,2024
synth-1251,synth-1260,2017
synth-1302,synth-1251,2020
synth-1318,synth-1251,2020
synth-1350,synth-1251,2022
synth-1358,synth-1251,2022
synth-1360,synth-1251,2022
synth-1252,synth-1256,2017
synth-1267,synth-1254,2018
synth-1291,synth-1254,2019
synth-1389,synth-1254,2024
synth-1388,synth-1256,2024
synth-1309,synth-1257,2020
synth-1353,synth-1257,2022
synth-1357,synth-1259,2022
synth-1368,synth-1259,2023
synth-1350,synth-1260,2022
synth-1293,synth-1264,2019
synth-1306,synth-1264,2020
synth-1375,synth-1265,2023
synth-1266,synth-1279,2018
synth-1266,synth-1280,2018
synth-1326,synth-1266,2021
synth-1268,synth-1272,2018
synth-1268,synth-1278,2018
synth-1286,synth-1268,2019
synth-1307,synth-1268,2020
synth-1348,synth-1268,2022
synth-1373,synth-1268,2023
synth-1285,synth-1270,2019
synth-1301,synth-1270,2020
synth-1321,synth-1270,2021
synth-1338,synth-1270,2021
synth-1346,synth-1270,2022
synth-1349,synth-1270,2022
synth-1300,synth-1271,2019
synth-1380,synth-1271,2023
synth-1272,synth-1278,2018
synth-1325,synth-1272,2021
synth-1337,synth-1272,2021
synth-1340,synth-1272,2021
synth-1348,synth-1272,2022
synth-1373,synth-1272,2023
synth-1379,synth-1272,2023
synth-1273,synth-1275,2018
synth-1294,synth-1273,2019
synth-1295,synth-1273,2019
synth-1323,synth-1273,2021
synth-1283,synth-1274,2019
synth-1383,synth-1275,2024
synth-1364,synth-1276,2023
synth-1399,synth-1276,2024
synth-1325,synth-1278,2021
synth-1340,synth-1278,2021
synth-1348,synth-1278,2022
synth-1395,synth-1278,2024
synth-1322,synth-1279,2021
synth-1305,synth-1280,2020
synth-1281,synth-1288,2019
synth-1319,synth-1281,2020
synth-1336,synth-1281,2021
synth-1339,synth-1281,2021
synth-1343,synth-1281,2022
synth-1387,synth-1281,2024
synth-1390,synth-1281,2024
synth-1327,synth-1282,2021
synth-1384,synth-1284,2024
synth-1394,synth-1287,2024
synth-1389,synth-1291,2024
synth-1393,synth-1292,2024
synth-1294,synth-1295,2019
synth-1328,synth-1294,2021
synth-1323,synth-1295,2021
synth-1304,synth-1296,2020
synth-1313,synth-1296,2020
synth-1372,synth-1296,2023
synth-1380,synth-1300,2023
synth-1349,synth-1301,2022
synth-1302,synth-1318,2020
synth-1358,synth-1302,2022
synth-1382,synth-1303,2024
synth-1385,synth-1304,2024
synth-1366,synth-1306,2023
synth-1307,synth-1314,2020
synth-1345,synth-1308,2022
synth-1359,synth-1310,2022
synth-1369,synth-1310,2023
synth-1372,synth-1313,2023
synth-1347,synth-1314,2022
synth-1365,synth-1315,2023
synth-1374,synth-1317,2023
synth-1358,synth-1318,2022
synth-1343,synth-1319,2022
synth-1371,synth-1320,2023
synth-1325,synth-1337,2021
synth-1395,synth-1325,2024
synth-1328,synth-1333,2021
synth-1377,synth-1329,2023
synth-1363,synth-1330,2023
synth-1331,synth-1334,2021
synth-1342,synth-1332,2022
synth-1391,synth-1332,2024
synth-1397,synth-1332,2024
synth-1362,synth-1335,2023
synth-1387,synth-1336,2024
synth-1390,synth-1336,2024
synth-1398,synth-1336,2024
synth-1379,synth-1337,2023
synth-1391,synth-1342,2024
synth-1350,synth-1360,2022
synth-1369,synth-1359,2023
synth-1399,synth-1364,2024
synth-1396,synth-1375,2024
synth-1390,synth-1398,2024
synth-1401,synth-1402,2015
synth-1401,synth-1403,2015
synth-1401,synth-1404,2015
synth-1401,synth-1406,2015
synth-1401,synth-1409,2015
synth-1401,synth-1411,2015
synth-1401,synth-1414,2015
synth-1401,synth-1418,2015
synth-1401,synth-1419,2015
synth-1423,synth-1401,2016
synth-1425,synth-1401,2016
synth-1451,synth-1401,2017
synth-1483,synth-1401,2019
synth-1507,synth-1401,2020
synth-1513,synth-1401,2020
synth-1515,synth-1401,2020
synth-1531,synth-1401,2021
synth-1538,synth-1401,2021
synth-1543,synth-1401,2022
synth-1551,synth-1401,2022
synth-1569,synth-1401,2023
synth-1402,synth-1403,2015
synth-1402,synth-1404,2015
synth-1402,synth-1405,2015
synth-1402,synth-1406,2015
synth-1402,synth-1407,2015
synth-1402,synth-1408,2015
synth-1402,synth-1410,2015
synth-1402,synth-1412,2015
synth-1402,synth-1413,2015
synth-1402,synth-1415,2015
synth-1402,synth-1419,2015
synth-1402,synth-1420,2015
synth-1421,synth-1402,2016
synth-1422,synth-1402,2016
synth-1425,synth-1402,2016
synth-1428,synth-1402,2016
synth-1429,synth-1402,2016
synth-1430,synth-1402,2016
synth-1432,synth-1402,2016
synth-1434,synth-1402,2016
synth-1435,synth-1402,2016
synth-1436,synth-1402,2016
synth-1437,synth-1402,2016
synth-1441,synth-1402,2017
synth-1443,synth-1402,2017
synth-1449,synth-1402,2017
synth-1451,synth-1402,2017
synth-1460,synth-1402,2017
synth-1461,synth-1402,2018
synth-1463,synth-1402,2018
synth-1465,synth-1402,2018
synth-1466,synth-1402,2018
synth-1470,synth-1402,2018
synth-1476,synth-1402,2018
synth-1478,synth-1402,2018
synth-1479,synth-1402,2018
synth-1483,synth-1402,2019
synth-1488,synth-1402,2019
synth-1493,synth-1402,2019
synth-1498,synth-1402,2019
synth-1501,synth-1402,2020
synth-1507,synth-1402,2020
synth-1511,synth-1402,2020
synth-1512,synth-1402,2020
synth-1513,synth-1402,2020
synth-1516,synth-1402,2020
synth-1519,synth-1402,2020
synth-1536,synth-1402,2021
synth-1557,synth-1402,2022
synth-1562,synth-1402,2023
synth-1563,synth-1402,2023
synth-1564,synth-1402,2023
synth-1573,synth-1402,2023
synth-1575,synth-1402,2023
synth-1576,synth-1402,2023
synth-1577,synth-1402,2023
synth-1578,synth-1402,2023
synth-1584,synth-1402,2024
synth-1588,synth-1402,2024
synth-1598,synth-1402,2024
synth-1600,synth-1402,2024
synth-1403,synth-1404,2015
synth-1403,synth-1405,2015
synth-1403,synth-1406,2015
synth-1403,synth-1407,2015
synth-1403,synth-1409,2015
synth-1403,synth-1410,2015
synth-1403,synth-1411,2015
synth-1403,synth-1412,2015
synth-1403,synth-1413,2015
synth-1403,synth-1417,2015
synth-1403,synth-1419,2015
synth-1403,synth-1420,2015
synth-1424,synth-1403,2016
synth-1428,synth-1403,2016
synth-1431,synth-1403,2016
synth-1441,synth-1403,2017
synth-1445,synth-1403,2017
synth-1451,synth-1403,2017
synth-1454,synth-1403,2017
synth-1455,synth-1403,2017
synth-1456,synth-1403,2017
synth-1458,synth-1403,2017
synth-1461,synth-1403,2018
synth-1465,synth-1403,2018
synth-1469,synth-1403,2018
synth-1476,synth-1403,2018
synth-1494,synth-1403,2019
synth-1498,synth-1403,2019
synth-1503,synth-1403,2020
synth-1516,synth-1403,2020
synth-1521,synth-1403,2021
synth-1533,synth-1403,2021
synth-1538,synth-1403,2021
synth-1541,synth-1403,2022
synth-1544,synth-1403,2022
synth-1553,synth-1403,2022
synth-1555,synth-1403,2022
synth-1556,synth-1403,2022
synth-1565,synth-1403,2023
synth-1568,synth-1403,2023
synth-1569,synth-1403,2023
synth-1573,synth-1403,2023
synth-1575,synth-1403,2023
synth-1582,synth-1403,2024
synth-1584,synth-1403,2024
synth-1591,synth-1403,2024
synth-1594,synth-1403,2024
synth-1596,synth-1403,2024
synth-1404,synth-1405,2015
synth-1404,synth-1409,2015
synth-1404,synth-1411,2015
synth-1404,synth-1412,2015
synth-1404,synth-1414,2015
synth-1404,synth-1417,2015
synth-1404,synth-1418,2015
synth-1421,synth-1404,2016
synth-1422,synth-1404,2016
synth-1423,synth-1404,2016
synth-1426,synth-1404,2016
synth-1434,synth-1404,2016
synth-1454,synth-1404,2017
synth-1456,synth-1404,2017
synth-1469,synth-1404,2018
synth-1479,synth-1404,2018
synth-1483,synth-1404,2019
synth-1489,synth-1404,2019
synth-1494,synth-1404,2019
synth-1500,synth-1404,2019
synth-1506,synth-1404,2020
synth-1508,synth-1404,2020
synth-1515,synth-1404,2020
synth-1527,synth-1404,2021
synth-1531,synth-1404,2021
synth-1539,synth-1404,2021
synth-1543,synth-1404,2022
synth-1548,synth-1404,2022
synth-1550,synth-1404,2022
synth-1554,synth-1404,2022
synth-1556,synth-1404,2022
synth-1564,synth-1404,2023
synth-1568,synth-1404,2023
synth-1579,synth-1404,2023
synth-1580,synth-1404,2023
synth-1593,synth-1404,2024
synth-1405,synth-1407,2015
synth-1405,synth-1408,2015
synth-1405,synth-1415,2015
synth-1405,synth-1416,2015
synth-1422,synth-1405,2016
synth-1424,synth-1405,2016
synth-1426,synth-1405,2016
synth-1430,synth-1405,2016
synth-1435,synth-1405,2016
synth-1437,synth-1405,2016
synth-1439,synth-1405,2016
synth-1445,synth-1405,2017
synth-1447,synth-1405,2017
synth-1448,synth-1405,2017
synth-1459,synth-1405,2017
synth-1460,synth-1405,2017
synth-1470,synth-1405,2018
synth-1471,synth-1405,2018
synth-1473,synth-1405,2018
synth-1475,synth-1405,2018
synth-1477,synth-1405,2018
synth-1482,synth-1405,2019
synth-1486,synth-1405,2019
synth-1487,synth-1405,2019
synth-1497,synth-1405,2019
synth-1499,synth-1405,2019
synth-1510,synth-1405,2020
synth-1524,synth-1405,2021
synth-1526,synth-1405,2021
synth-1532,synth-1405,2021
synth-1534,synth-1405,2021
synth-1540,synth-1405,2021
synth-1547,synth-1405,2022
synth-1549,synth-1405,2022
synth-1552,synth-1405,2022
synth-1562,synth-1405,2023
synth-1564,synth-1405,2023
synth-1565,synth-1405,2023
synth-1572,synth-1405,2023
synth-1580,synth-1405,2023
synth-1425,synth-1406,2016
synth-1432,synth-1406,2016
synth-1446,synth-1406,2017
synth-1507,synth-1406,2020
synth-1511,synth-1406,2020
synth-1512,synth-1406,2020
synth-1525,synth-1406,2021
synth-1542,synth-1406,2022
synth-1546,synth-1406,2022
synth-1586,synth-1406,2024
synth-1590,synth-1406,2024
synth-1407,synth-1408,2015
synth-1407,synth-1410,2015
synth-1407,synth-1415,2015
synth-1407,synth-1416,2015
synth-1424,synth-1407,2016
synth-1427,synth-1407,2016
synth-1437,synth-1407,2016
synth-1439,synth-1407,2016
synth-1443,synth-1407,2017
synth-1445,synth-1407,2017
synth-1448,synth-1407,2017
synth-1455,synth-1407,2017
synth-1475,synth-1407,2018
synth-1499,synth-1407,2019
synth-1519,synth-1407,2020
synth-1521,synth-1407,2021
synth-1575,synth-1407,2023
synth-1578,synth-1407,2023
synth-1584,synth-1407,2024
synth-1430,synth-1408,2016
synth-1439,synth-1408,2016
synth-1460,synth-1408,2017
synth-1470,synth-1408,2018
synth-1478,synth-1408,2018
synth-1486,synth-1408,2019
synth-1519,synth-1408,2020
synth-1526,synth-1408,2021
synth-1549,synth-1408,2022
synth-1562,synth-1408,2023
synth-1570,synth-1408,2023
synth-1571,synth-1408,2023
synth-1576,synth-1408,2023
synth-1577,synth-1408,2023
synth-1409,synth-1414,2015
synth-1409,synth-1418,2015
synth-1489,synth-1409,2019
synth-1515,synth-1409,2020
synth-1531,synth-1409,2021
synth-1428,synth-1410,2016
synth-1429,synth-1410,2016
synth-1461,synth-1410,2018
synth-1464,synth-1410,2018
synth-1466,synth-1410,2018
synth-1480,synth-1410,2018
synth-1492,synth-1410,2019
synth-1496,synth-1410,2019
synth-1516,synth-1410,2020
synth-1523,synth-1410,2021
synth-1528,synth-1410,2021
synth-1561,synth-1410,2023
synth-1563,synth-1410,2023
synth-1567,synth-1410,2023
synth-1573,synth-1410,2023
synth-1556,synth-1411,2022
synth-1569,synth-1411,2023
synth-1591,synth-1411,2024
synth-1596,synth-1411,2024
synth-1412,synth-1413,2015
synth-1412,synth-1417,2015
synth-1421,synth-1412,2016
synth-1431,synth-1412,2016
synth-1433,synth-1412,2016
synth-1436,synth-1412,2016
synth-1442,synth-1412,2017
synth-1444,synth-1412,2017
synth-1452,synth-1412,2017
synth-1456,synth-1412,2017
synth-1462,synth-1412,2018
synth-1467,synth-1412,2018
synth-1468,synth-1412,2018
synth-1474,synth-1412,2018
synth-1484,synth-1412,2019
synth-1491,synth-1412,2019
synth-1500,synth-1412,2019
synth-1506,synth-1412,2020
synth-1514,synth-1412,2020
synth-1520,synth-1412,2020
synth-1529,synth-1412,2021
synth-1535,synth-1412,2021
synth-1550,synth-1412,2022
synth-1559,synth-1412,2022
synth-1574,synth-1412,2023
synth-1413,synth-1420,2015
synth-1436,synth-1413,2016
synth-1465,synth-1413,2018
synth-1468,synth-1413,2018
synth-1472,synth-1413,2018
synth-1530,synth-1413,2021
synth-1559,synth-1413,2022
synth-1581,synth-1413,2024
synth-1415,synth-1416,2015
synth-1427,synth-1415,2016
synth-1435,synth-1415,2016
synth-1438,synth-1415,2016
synth-1443,synth-1415,2017
synth-1448,synth-1415,2017
synth-1450,synth-1415,2017
synth-1457,synth-1415,2017
synth-1475,synth-1415,2018
synth-1477,synth-1415,2018
synth-1482,synth-1415,2019
synth-1485,synth-1415,2019
synth-1487,synth-1415,2019
synth-1495,synth-1415,2019
synth-1497,synth-1415,2019
synth-1501,synth-1415,2020
synth-1510,synth-1415,2020
synth-1524,synth-1415,2021
synth-1534,synth-1415,2021
synth-1560,synth-1415,2022
synth-1583,synth-1415,2024
synth-1587,synth-1415,2024
synth-1427,synth-1416,2016
synth-1438,synth-1416,2016
synth-1440,synth-1416,2016
synth-1450,synth-1416,2017
synth-1457,synth-1416,2017
synth-1477,synth-1416,2018
synth-1485,synth-1416,2019
synth-1495,synth-1416,2019
synth-1499,synth-1416,2019
synth-1518,synth-1416,2020
synth-1522,synth-1416,2021
synth-1558,synth-1416,2022
synth-1589,synth-1416,2024
synth-1431,synth-1417,2016
synth-1433,synth-1417,2016
synth-1454,synth-1417,2017
synth-1458,synth-1417,2017
synth-1462,synth-1417,2018
synth-1467,synth-1417,2018
synth-1469,synth-1417,2018
synth-1500,synth-1417,2019
synth-1508,synth-1417,2020
synth-1527,synth-1417,2021
synth-1529,synth-1417,2021
synth-1554,synth-1417,2022
synth-1593,synth-1417,2024
synth-1423,synth-1418,2016
synth-1489,synth-1418,2019
synth-1538,synth-1419,2021
synth-1441,synth-1420,2017
synth-1449,synth-1420,2017
synth-1463,synth-1420,2018
synth-1488,synth-1420,2019
synth-1506,synth-1421,2020
synth-1422,synth-1426,2016
synth-1422,synth-1434,2016
synth-1447,synth-1422,2017
synth-1453,synth-1422,2017
synth-1532,synth-1422,2021
synth-1539,synth-1422,2021
synth-1540,synth-1422,2021
synth-1579,synth-1422,2023
synth-1597,synth-1422,2024
synth-1599,synth-1422,2024
synth-1565,synth-1424,2023
synth-1425,synth-1432,2016
synth-1446,synth-1425,2017
synth-1502,synth-1425,2020
synth-1504,synth-1425,2020
synth-1511,synth-1425,2020
synth-1512,synth-1425,2020
synth-1513,synth-1425,2020
synth-1517,synth-1425,2020
synth-1525,synth-1425,2021
synth-1545,synth-1425,2022
synth-1546,synth-1425,2022
synth-1557,synth-1425,2022
synth-1447,synth-1426,2017
synth-1453,synth-1426,2017
synth-1459,synth-1426,2017
synth-1471,synth-1426,2018
synth-1490,synth-1426,2019
synth-1509,synth-1426,2020
synth-1539,synth-1426,2021
synth-1580,synth-1426,2023
synth-1599,synth-1426,2024
synth-1427,synth-1438,2016
synth-1427,synth-1440,2016
synth-1457,synth-1427,2017
synth-1485,synth-1427,2019
synth-1522,synth-1427,2021
synth-1560,synth-1427,2022
synth-1566,synth-1427,2023
synth-1587,synth-1427,2024
synth-1428,synth-1429,2016
synth-1464,synth-1428,2018
synth-1466,synth-1428,2018
synth-1481,synth-1428,2019
synth-1492,synth-1428,2019
synth-1588,synth-1428,2024
synth-1464,synth-1429,2018
synth-1480,synth-1429,2018
synth-1481,synth-1429,2019
synth-1505,synth-1429,2020
synth-1523,synth-1429,2021
synth-1528,synth-1429,2021
synth-1588,synth-1429,2024
synth-1486,synth-1430,2019
synth-1576,synth-1430,2023
synth-1431,synth-1433,2016
synth-1442,synth-1431,2017
synth-1444,synth-1431,2017
synth-1452,synth-1431,2017
synth-1462,synth-1431,2018
synth-1484,synth-1431,2019
synth-1520,synth-1431,2020
synth-1446,synth-1432,2017
synth-1502,synth-1432,2020
synth-1504,synth-1432,2020
synth-1517,synth-1432,2020
synth-1545,synth-1432,2022
synth-1442,synth-1433,2017
synth-1529,synth-1433,2021
synth-1574,synth-1433,2023
synth-1479,synth-1434,2018
synth-1482,synth-1435,2019
synth-1501,synth-1435,2020
synth-1572,synth-1435,2023
synth-1468,synth-1436,2018
synth-1472,synth-1436,2018
synth-1474,synth-1436,2018
synth-1491,synth-1436,2019
synth-1530,synth-1436,2021
synth-1559,synth-1436,2022
synth-1581,synth-1436,2024
synth-1585,synth-1436,2024
synth-1578,synth-1437,2023
synth-1598,synth-1437,2024
synth-1438,synth-1440,2016
synth-1450,synth-1438,2017
synth-1495,synth-1438,2019
synth-1518,synth-1438,2020
synth-1522,synth-1438,2021
synth-1558,synth-1438,2022
synth-1566,synth-1438,2023
synth-1583,synth-1438,2024
synth-1589,synth-1438,2024
synth-1566,synth-1440,2023
synth-1441,synth-1449,2017
synth-1442,synth-1444,2017
synth-1484,synth-1442,2019
synth-1444,synth-1452,2017
synth-1445,synth-1455,2017
synth-1521,synth-1445,2021
synth-1541,synth-1445,2022
synth-1555,synth-1445,2022
synth-1502,synth-1446,2020
synth-1504,synth-1446,2020
synth-1525,synth-1446,2021
synth-1542,synth-1446,2022
synth-1545,synth-1446,2022
synth-1586,synth-1446,2024
synth-1447,synth-1453,2017
synth-1447,synth-1459,2017
synth-1471,synth-1447,2018
synth-1473,synth-1447,2018
synth-1490,synth-1447,2019
synth-1509,synth-1447,2020
synth-1532,synth-1447,2021
synth-1547,synth-1447,2022
synth-1597,synth-1447,2024
synth-1497,synth-1448,2019
synth-1463,synth-1449,2018
synth-1488,synth-1449,2019
synth-1536,synth-1449,2021
synth-1595,synth-1449,2024
synth-1600,synth-1449,2024
synth-1518,synth-1450,2020
synth-1583,synth-1450,2024
synth-1589,synth-1450,2024
synth-1520,synth-1452,2020
synth-1597,synth-1453,2024
synth-1454,synth-1458,2017
synth-1527,synth-1454,2021
synth-1548,synth-1454,2022
synth-1554,synth-1454,2022
synth-1494,synth-1456,2019
synth-1550,synth-1456,2022
synth-1490,synth-1459,2019
synth-1461,synth-1476,2018
synth-1498,synth-1461,2019
synth-1503,synth-1461,2020
synth-1544,synth-1461,2022
synth-1553,synth-1461,2022
synth-1582,synth-1461,2024
synth-1462,synth-1467,2018
synth-1536,synth-1463,2021
synth-1595,synth-1463,2024
synth-1464,synth-1480,2018
synth-1481,synth-1464,2019
synth-1492,synth-1464,2019
synth-1496,synth-1464,2019
synth-1505,synth-1464,2020
synth-1523,synth-1464,2021
synth-1561,synth-1464,2023
synth-1567,synth-1464,2023
synth-1563,synth-1466,2023
synth-1468,synth-1472,2018
synth-1468,synth-1474,2018
synth-1530,synth-1468,2021
synth-1535,synth-1468,2021
synth-1585,synth-1468,2024
synth-1593,synth-1469,2024
synth-1470,synth-1478,2018
synth-1493,synth-1470,2019
synth-1471,synth-1473,2018
synth-1552,synth-1471,2022
synth-1547,synth-1473,2022
synth-1552,synth-1473,2022
synth-1491,synth-1474,2019
synth-1514,synth-1474,2020
synth-1535,synth-1474,2021
synth-1585,synth-1474,2024
synth-1592,synth-1474,2024
synth-1487,synth-1475,2019
synth-1524,synth-1475,2021
synth-1544,synth-1476,2022
synth-1594,synth-1476,2024
synth-1493,synth-1478,2019
synth-1496,synth-1480,2019
synth-1505,synth-1480,2020
synth-1528,synth-1480,2021
synth-1510,synth-1482,2020
synth-1572,synth-1482,2023
synth-1560,synth-1485,2022
synth-1526,synth-1486,2021
synth-1549,synth-1486,2022
synth-1570,synth-1486,2023
synth-1571,synth-1486,2023
synth-1534,synth-1487,2021
synth-1509,synth-1490,2020
synth-1514,synth-1491,2020
synth-1592,synth-1491,2024
synth-1567,synth-1492,2023
synth-1558,synth-1495,2022
synth-1503,synth-1498,2020
synth-1533,synth-1498,2021
synth-1537,synth-1498,2021
synth-1582,synth-1498,2024
synth-1508,synth-1500,2020
synth-1533,synth-1503,2021
synth-1537,synth-1503,2021
synth-1504,synth-1517,2020
synth-1546,synth-1511,2022
synth-1590,synth-1511,2024
synth-1557,synth-1513,2022
synth-1592,synth-1514,2024
synth-1543,synth-1515,2022
synth-1551,synth-1515,2022
synth-1541,synth-1521,2022
synth-1555,synth-1521,2022
synth-1561,synth-1523,2023
synth-1542,synth-1525,2022
synth-1548,synth-1527,2022
synth-1574,synth-1529,2023
synth-1532,synth-1540,2021
synth-1533,synth-1537,2021
synth-1595,synth-1536,2024
synth-1600,synth-1536,2024
synth-1579,synth-1539,2023
synth-1599,synth-1539,2024
synth-1586,synth-1542,2024
synth-1543,synth-1551,2022
synth-1544,synth-1553,2022
synth-1594,synth-1544,2024
synth-1590,synth-1546,2024
synth-1570,synth-1549,2023
synth-1568,synth-1556,2023
synth-1591,synth-1556,2024
synth-1581,synth-1559,2024
synth-1587,synth-1560,2024
synth-1596,synth-1569,2024
synth-1570,synth-1571,2023
synth-1576,synth-1577,2023
synth-1598,synth-1578,2024
synth-1601,synth-1602,2022
synth-1612,synth-1601,2022
synth-1602,synth-1603,2022
synth-1603,synth-1604,2022
synth-1604,synth-1605,2022
synth-1605,synth-1606,2022
synth-1607,synth-1606,2022
synth-1607,synth-1608,2022
synth-1608,synth-1609,2022
synth-1609,synth-1610,2022
synth-1610,synth-1611,2022
synth-1611,synth-1612,2022
