id,title,year,category,field,authors
synth-0001,Harmonic chains in cs literature,2015,cs.LG,cs,Synth Cs 1
synth-0002,Boundary operators for cs claims,2015,cs.LG,cs,Synth Cs 2
synth-0003,On the cs kernel of L1,2015,cs.LG,cs,Synth Cs 3
synth-0004,Discrete Hodge theory of 4,2015,cs.LG,cs,Synth Cs 4
synth-0005,Fiedler versus Hodge on 5,2015,cs.LG,cs,Synth Cs 5
synth-0006,Boundary operators for cs claims,2015,cs.LG,cs,Synth Cs 6
synth-0007,Boundary operators for cs claims,2015,cs.LG,cs,Synth Cs 7
synth-0008,Intellectual debt along a cs cycle,2015,cs.LG,cs,Synth Cs 8
synth-0009,A stacked cs note on 9,2015,cs.LG,cs,Synth Cs 9
synth-0010,Spectral 10 on a cs complex,2015,cs.LG,cs,Synth Cs 10
synth-0011,Discrete Hodge theory of 11,2015,cs.LG,cs,Synth Cs 11
synth-0012,Citation triangles in cs,2015,cs.LG,cs,Synth Cs 12
synth-0013,Intellectual debt along a cs cycle,2015,cs.LG,cs,Synth Cs 13
synth-0014,Fiedler versus Hodge on 14,2015,cs.LG,cs,Synth Cs 14
synth-0015,Discrete Hodge theory of 15,2015,cs.LG,cs,Synth Cs 15
synth-0016,Boundary operators for cs claims,2015,cs.LG,cs,Synth Cs 16
synth-0017,Fiedler versus Hodge on 17,2015,cs.LG,cs,Synth Cs 17
synth-0018,Discrete Hodge theory of 18,2015,cs.LG,cs,Synth Cs 1
synth-0019,Spectral 19 on a cs complex,2015,cs.LG,cs,Synth Cs 2
synth-0020,A stacked cs note on 20,2015,cs.LG,cs,Synth Cs 3
synth-0021,Harmonic chains in cs literature,2016,cs.LG,cs,Synth Cs 4
synth-0022,Citation triangles in cs,2016,cs.LG,cs,Synth Cs 5
synth-0023,Discrete Hodge theory of 23,2016,cs.LG,cs,Synth Cs 6
synth-0024,Intellectual debt along a cs cycle,2016,cs.LG,cs,Synth Cs 7
synth-0025,Spectral 25 on a cs complex,2016,cs.LG,cs,Synth Cs 8
synth-0026,Boundary operators for cs claims,2016,cs.LG,cs,Synth Cs 9
synth-0027,On the cs kernel of L1,2016,cs.LG,cs,Synth Cs 10
synth-0028,Discrete Hodge theory of 28,2016,cs.LG,cs,Synth Cs 11
synth-0029,Spectral 29 on a cs complex,2016,cs.LG,cs,Synth Cs 12
synth-0030,A stacked cs note on 30,2016,cs.LG,cs,Synth Cs 13
synth-0031,Simplicial cuts for cs corpora,2016,cs.LG,cs,Synth Cs 14
synth-0032,Discrete Hodge theory of 32,2016,cs.LG,cs,Synth Cs 15
synth-0033,Simplicial cuts for cs corpora,2016,cs.LG,cs,Synth Cs 16
synth-0034,Intellectual debt along a cs cycle,2016,cs.LG,cs,Synth Cs 17
synth-0035,Discrete Hodge theory of 35,2016,cs.LG,cs,Synth Cs 1
synth-0036,Harmonic chains in cs literature,2016,cs.LG,cs,Synth Cs 2
synth-0037,Harmonic chains in cs literature,2016,cs.LG,cs,Synth Cs 3
synth-0038,On the cs kernel of L1,2016,cs.LG,cs,Synth Cs 4
synth-0039,Fiedler versus Hodge on 39,2016,cs.LG,cs,Synth Cs 5
synth-0040,Intellectual debt along a cs cycle,2016,cs.LG,cs,Synth Cs 6
synth-0041,Spectral 41 on a cs complex,2017,cs.LG,cs,Synth Cs 7
synth-0042,Citation triangles in cs,2017,cs.LG,cs,Synth Cs 8
synth-0043,Spectral 43 on a cs complex,2017,cs.LG,cs,Synth Cs 9
synth-0044,On the cs kernel of L1,2017,cs.LG,cs,Synth Cs 10
synth-0045,Fiedler versus Hodge on 45,2017,cs.LG,cs,Synth Cs 11
synth-0046,Fiedler versus Hodge on 46,2017,cs.LG,cs,Synth Cs 12
synth-0047,Fiedler versus Hodge on 47,2017,cs.LG,cs,Synth Cs 13
synth-0048,A stacked cs note on 48,2017,cs.LG,cs,Synth Cs 14
synth-0049,A stacked cs note on 49,2017,cs.LG,cs,Synth Cs 15
synth-0050,On the cs kernel of L1,2017,cs.LG,cs,Synth Cs 16
synth-0051,On the cs kernel of L1,2017,cs.LG,cs,Synth Cs 17
synth-0052,Discrete Hodge theory of 52,2017,cs.LG,cs,Synth Cs 1
synth-0053,Spectral 53 on a cs complex,2017,cs.LG,cs,Synth Cs 2
synth-0054,Discrete Hodge theory of 54,2017,cs.LG,cs,Synth Cs 3
synth-0055,A stacked cs note on 55,2017,cs.LG,cs,Synth Cs 4
synth-0056,Harmonic chains in cs literature,2017,cs.LG,cs,Synth Cs 5
synth-0057,Intellectual debt along a cs cycle,2017,cs.LG,cs,Synth Cs 6
synth-0058,Discrete Hodge theory of 58,2017,cs.LG,cs,Synth Cs 7
synth-0059,Fiedler versus Hodge on 59,2017,cs.LG,cs,Synth Cs 8
synth-0060,Citation triangles in cs,2017,cs.LG,cs,Synth Cs 9
synth-0061,Citation triangles in cs,2018,cs.LG,cs,Synth Cs 10
synth-0062,Intellectual debt along a cs cycle,2018,cs.LG,cs,Synth Cs 11
synth-0063,Fiedler versus Hodge on 63,2018,cs.LG,cs,Synth Cs 12
synth-0064,Fiedler versus Hodge on 64,2018,cs.LG,cs,Synth Cs 13
synth-0065,Spectral 65 on a cs complex,2018,cs.LG,cs,Synth Cs 14
synth-0066,Citation triangles in cs,2018,cs.LG,cs,Synth Cs 15
synth-0067,A stacked cs note on 67,2018,cs.LG,cs,Synth Cs 16
synth-0068,Boundary operators for cs claims,2018,cs.LG,cs,Synth Cs 17
synth-0069,On the cs kernel of L1,2018,cs.LG,cs,Synth Cs 1
synth-0070,Intellectual debt along a cs cycle,2018,cs.LG,cs,Synth Cs 2
synth-0071,Citation triangles in cs,2018,cs.LG,cs,Synth Cs 3
synth-0072,Simplicial cuts for cs corpora,2018,cs.LG,cs,Synth Cs 4
synth-0073,Boundary operators for cs claims,2018,cs.LG,cs,Synth Cs 5
synth-0074,Discrete Hodge theory of 74,2018,cs.LG,cs,Synth Cs 6
synth-0075,Fiedler versus Hodge on 75,2018,cs.LG,cs,Synth Cs 7
synth-0076,Boundary operators for cs claims,2018,cs.LG,cs,Synth Cs 8
synth-0077,On the cs kernel of L1,2018,cs.LG,cs,Synth Cs 9
synth-0078,Harmonic chains in cs literature,2018,cs.LG,cs,Synth Cs 10
synth-0079,Simplicial cuts for cs corpora,2018,cs.LG,cs,Synth Cs 11
synth-0080,Harmonic chains in cs literature,2018,cs.LG,cs,Synth Cs 12
synth-0081,A stacked cs note on 81,2019,cs.LG,cs,Synth Cs 13
synth-0082,Discrete Hodge theory of 82,2019,cs.LG,cs,Synth Cs 14
synth-0083,On the cs kernel of L1,2019,cs.LG,cs,Synth Cs 15
synth-0084,Intellectual debt along a cs cycle,2019,cs.LG,cs,Synth Cs 16
synth-0085,Spectral 85 on a cs complex,2019,cs.LG,cs,Synth Cs 17
synth-0086,Boundary operators for cs claims,2019,cs.LG,cs,Synth Cs 1
synth-0087,Fiedler versus Hodge on 87,2019,cs.LG,cs,Synth Cs 2
synth-0088,Fiedler versus Hodge on 88,2019,cs.LG,cs,Synth Cs 3
synth-0089,Simplicial cuts for cs corpora,2019,cs.LG,cs,Synth Cs 4
synth-0090,Fiedler versus Hodge on 90,2019,cs.LG,cs,Synth Cs 5
synth-0091,Simplicial cuts for cs corpora,2019,cs.LG,cs,Synth Cs 6
synth-0092,A stacked cs note on 92,2019,cs.LG,cs,Synth Cs 7
synth-0093,A stacked cs note on 93,2019,cs.LG,cs,Synth Cs 8
synth-0094,A stacked cs note on 94,2019,cs.LG,cs,Synth Cs 9
synth-0095,A stacked cs note on 95,2019,cs.LG,cs,Synth Cs 10
synth-0096,Intellectual debt along a cs cycle,2019,cs.LG,cs,Synth Cs 11
synth-0097,Intellectual debt along a cs cycle,2019,cs.LG,cs,Synth Cs 12
synth-0098,Spectral 98 on a cs complex,2019,cs.LG,cs,Synth Cs 13
synth-0099,Discrete Hodge theory of 99,2019,cs.LG,cs,Synth Cs 14
synth-0100,Intellectual debt along a cs cycle,2019,cs.LG,cs,Synth Cs 15
synth-0101,Fiedler versus Hodge on 101,2020,cs.LG,cs,Synth Cs 16
synth-0102,Citation triangles in cs,2020,cs.LG,cs,Synth Cs 17
synth-0103,A stacked cs note on 103,2020,cs.LG,cs,Synth Cs 1
synth-0104,Citation triangles in cs,2020,cs.LG,cs,Synth Cs 2
synth-0105,Intellectual debt along a cs cycle,2020,cs.LG,cs,Synth Cs 3
synth-0106,Harmonic chains in cs literature,2020,cs.LG,cs,Synth Cs 4
synth-0107,Intellectual debt along a cs cycle,2020,cs.LG,cs,Synth Cs 5
synth-0108,Simplicial cuts for cs corpora,2020,cs.LG,cs,Synth Cs 6
synth-0109,A stacked cs note on 109,2020,cs.LG,cs,Synth Cs 7
synth-0110,Simplicial cuts for cs corpora,2020,cs.LG,cs,Synth Cs 8
synth-0111,Harmonic chains in cs literature,2020,cs.LG,cs,Synth Cs 9
synth-0112,Spectral 112 on a cs complex,2020,cs.LG,cs,Synth Cs 10
synth-0113,On the cs kernel of L1,2020,cs.LG,cs,Synth Cs 11
synth-0114,A stacked cs note on 114,2020,cs.LG,cs,Synth Cs 12
synth-0115,Simplicial cuts for cs corpora,2020,cs.LG,cs,Synth Cs 13
synth-0116,Spectral 116 on a cs complex,2020,cs.LG,cs,Synth Cs 14
synth-0117,Boundary operators for cs claims,2020,cs.LG,cs,Synth Cs 15
synth-0118,Boundary operators for cs claims,2020,cs.LG,cs,Synth Cs 16
synth-0119,Harmonic chains in cs literature,2020,cs.LG,cs,Synth Cs 17
synth-0120,Fiedler versus Hodge on 120,2020,cs.LG,cs,Synth Cs 1
synth-0121,Fiedler versus Hodge on 121,2021,cs.LG,cs,Synth Cs 2
synth-0122,On the cs kernel of L1,2021,cs.LG,cs,Synth Cs 3
synth-0123,Citation triangles in cs,2021,cs.LG,cs,Synth Cs 4
synth-0124,Spectral 124 on a cs complex,2021,cs.LG,cs,Synth Cs 5
synth-0125,Simplicial cuts for cs corpora,2021,cs.LG,cs,Synth Cs 6
synth-0126,A stacked cs note on 126,2021,cs.LG,cs,Synth Cs 7
synth-0127,Discrete Hodge theory of 127,2021,cs.LG,cs,Synth Cs 8
synth-0128,Boundary operators for cs claims,2021,cs.LG,cs,Synth Cs 9
synth-0129,A stacked cs note on 129,2021,cs.LG,cs,Synth Cs 10
synth-0130,Citation triangles in cs,2021,cs.LG,cs,Synth Cs 11
synth-0131,A stacked cs note on 131,2021,cs.LG,cs,Synth Cs 12
synth-0132,Harmonic chains in cs literature,2021,cs.LG,cs,Synth Cs 13
synth-0133,Intellectual debt along a cs cycle,2021,cs.LG,cs,Synth Cs 14
synth-0134,Spectral 134 on a cs complex,2021,cs.LG,cs,Synth Cs 15
synth-0135,Discrete Hodge theory of 135,2021,cs.LG,cs,Synth Cs 16
synth-0136,Intellectual debt along a cs cycle,2021,cs.LG,cs,Synth Cs 17
synth-0137,Boundary operators for cs claims,2021,cs.LG,cs,Synth Cs 1
synth-0138,Spectral 138 on a cs complex,2021,cs.LG,cs,Synth Cs 2
synth-0139,Citation triangles in cs,2021,cs.LG,cs,Synth Cs 3
synth-0140,Citation triangles in cs,2021,cs.LG,cs,Synth Cs 4
synth-0141,Simplicial cuts for cs corpora,2022,cs.LG,cs,Synth Cs 5
synth-0142,Boundary operators for cs claims,2022,cs.LG,cs,Synth Cs 6
synth-0143,Citation triangles in cs,2022,cs.LG,cs,Synth Cs 7
synth-0144,Simplicial cuts for cs corpora,2022,cs.LG,cs,Synth Cs 8
synth-0145,Spectral 145 on a cs complex,2022,cs.LG,cs,Synth Cs 9
synth-0146,Citation triangles in cs,2022,cs.LG,cs,Synth Cs 10
synth-0147,Fiedler versus Hodge on 147,2022,cs.LG,cs,Synth Cs 11
synth-0148,Intellectual debt along a cs cycle,2022,cs.LG,cs,Synth Cs 12
synth-0149,Spectral 149 on a cs complex,2022,cs.LG,cs,Synth Cs 13
synth-0150,A stacked cs note on 150,2022,cs.LG,cs,Synth Cs 14
synth-0151,Citation triangles in cs,2022,cs.LG,cs,Synth Cs 15
synth-0152,Simplicial cuts for cs corpora,2022,cs.LG,cs,Synth Cs 16
synth-0153,On the cs kernel of L1,2022,cs.LG,cs,Synth Cs 17
synth-0154,Citation triangles in cs,2022,cs.LG,cs,Synth Cs 1
synth-0155,On the cs kernel of L1,2022,cs.LG,cs,Synth Cs 2
synth-0156,On the cs kernel of L1,2022,cs.LG,cs,Synth Cs 3
synth-0157,A stacked cs note on 157,2022,cs.LG,cs,Synth Cs 4
synth-0158,Spectral 158 on a cs complex,2022,cs.LG,cs,Synth Cs 5
synth-0159,Boundary operators for cs claims,2022,cs.LG,cs,Synth Cs 6
synth-0160,Fiedler versus Hodge on 160,2022,cs.LG,cs,Synth Cs 7
synth-0161,Harmonic chains in cs literature,2023,cs.LG,cs,Synth Cs 8
synth-0162,Discrete Hodge theory of 162,2023,cs.LG,cs,Synth Cs 9
synth-0163,On the cs kernel of L1,2023,cs.LG,cs,Synth Cs 10
synth-0164,Spectral 164 on a cs complex,2023,cs.LG,cs,Synth Cs 11
synth-0165,On the cs kernel of L1,2023,cs.LG,cs,Synth Cs 12
synth-0166,Spectral 166 on a cs complex,2023,cs.LG,cs,Synth Cs 13
synth-0167,Harmonic chains in cs literature,2023,cs.LG,cs,Synth Cs 14
synth-0168,Harmonic chains in cs literature,2023,cs.LG,cs,Synth Cs 15
synth-0169,Citation triangles in cs,2023,cs.LG,cs,Synth Cs 16
synth-0170,Simplicial cuts for cs corpora,2023,cs.LG,cs,Synth Cs 17
synth-0171,A stacked cs note on 171,2023,cs.LG,cs,Synth Cs 1
synth-0172,On the cs kernel of L1,2023,cs.LG,cs,Synth Cs 2
synth-0173,Harmonic chains in cs literature,2023,cs.LG,cs,Synth Cs 3
synth-0174,On the cs kernel of L1,2023,cs.LG,cs,Synth Cs 4
synth-0175,Intellectual debt along a cs cycle,2023,cs.LG,cs,Synth Cs 5
synth-0176,Fiedler versus Hodge on 176,2023,cs.LG,cs,Synth Cs 6
synth-0177,A stacked cs note on 177,2023,cs.LG,cs,Synth Cs 7
synth-0178,Intellectual debt along a cs cycle,2023,cs.LG,cs,Synth Cs 8
synth-0179,Intellectual debt along a cs cycle,2023,cs.LG,cs,Synth Cs 9
synth-0180,Simplicial cuts for cs corpora,2023,cs.LG,cs,Synth Cs 10
synth-0181,On the cs kernel of L1,2024,cs.LG,cs,Synth Cs 11
synth-0182,A stacked cs note on 182,2024,cs.LG,cs,Synth Cs 12
synth-0183,On the cs kernel of L1,2024,cs.LG,cs,Synth Cs 13
synth-0184,On the cs kernel of L1,2024,cs.LG,cs,Synth Cs 14
synth-0185,Simplicial cuts for cs corpora,2024,cs.LG,cs,Synth Cs 15
synth-0186,On the cs kernel of L1,2024,cs.LG,cs,Synth Cs 16
synth-0187,Spectral 187 on a cs complex,2024,cs.LG,cs,Synth Cs 17
synth-0188,On the cs kernel of L1,2024,cs.LG,cs,Synth Cs 1
synth-0189,On the cs kernel of L1,2024,cs.LG,cs,Synth Cs 2
synth-0190,A stacked cs note on 190,2024,cs.LG,cs,Synth Cs 3
synth-0191,Discrete Hodge theory of 191,2024,cs.LG,cs,Synth Cs 4
synth-0192,Spectral 192 on a cs complex,2024,cs.LG,cs,Synth Cs 5
synth-0193,A stacked cs note on 193,2024,cs.LG,cs,Synth Cs 6
synth-0194,Simplicial cuts for cs corpora,2024,cs.LG,cs,Synth Cs 7
synth-0195,Harmonic chains in cs literature,2024,cs.LG,cs,Synth Cs 8
synth-0196,On the cs kernel of L1,2024,cs.LG,cs,Synth Cs 9
synth-0197,A stacked cs note on 197,2024,cs.LG,cs,Synth Cs 10
synth-0198,Intellectual debt along a cs cycle,2024,cs.LG,cs,Synth Cs 11
synth-0199,Citation triangles in cs,2024,cs.LG,cs,Synth Cs 12
synth-0200,Fiedler versus Hodge on 200,2024,cs.LG,cs,Synth Cs 13
synth-0201,Citation triangles in stat,2015,stat.ML,stat,Synth Stat 14
synth-0202,Harmonic chains in stat literature,2015,stat.ML,stat,Synth Stat 15
synth-0203,Spectral 203 on a stat complex,2015,stat.ML,stat,Synth Stat 16
synth-0204,Boundary operators for stat claims,2015,stat.ML,stat,Synth Stat 17
synth-0205,On the stat kernel of L1,2015,stat.ML,stat,Synth Stat 1
synth-0206,Citation triangles in stat,2015,stat.ML,stat,Synth Stat 2
synth-0207,On the stat kernel of L1,2015,stat.ML,stat,Synth Stat 3
synth-0208,Harmonic chains in stat literature,2015,stat.ML,stat,Synth Stat 4
synth-0209,Spectral 209 on a stat complex,2015,stat.ML,stat,Synth Stat 5
synth-0210,Simplicial cuts for stat corpora,2015,stat.ML,stat,Synth Stat 6
synth-0211,Discrete Hodge theory of 211,2015,stat.ML,stat,Synth Stat 7
synth-0212,A stacked stat note on 212,2015,stat.ML,stat,Synth Stat 8
synth-0213,Harmonic chains in stat literature,2015,stat.ML,stat,Synth Stat 9
synth-0214,Harmonic chains in stat literature,2015,stat.ML,stat,Synth Stat 10
synth-0215,On the stat kernel of L1,2015,stat.ML,stat,Synth Stat 11
synth-0216,Fiedler versus Hodge on 216,2015,stat.ML,stat,Synth Stat 12
synth-0217,Spectral 217 on a stat complex,2015,stat.ML,stat,Synth Stat 13
synth-0218,Harmonic chains in stat literature,2015,stat.ML,stat,Synth Stat 14
synth-0219,Spectral 219 on a stat complex,2015,stat.ML,stat,Synth Stat 15
synth-0220,Discrete Hodge theory of 220,2015,stat.ML,stat,Synth Stat 16
synth-0221,Citation triangles in stat,2016,stat.ML,stat,Synth Stat 17
synth-0222,Intellectual debt along a stat cycle,2016,stat.ML,stat,Synth Stat 1
synth-0223,On the stat kernel of L1,2016,stat.ML,stat,Synth Stat 2
synth-0224,Harmonic chains in stat literature,2016,stat.ML,stat,Synth Stat 3
synth-0225,Harmonic chains in stat literature,2016,stat.ML,stat,Synth Stat 4
synth-0226,Discrete Hodge theory of 226,2016,stat.ML,stat,Synth Stat 5
synth-0227,Fiedler versus Hodge on 227,2016,stat.ML,stat,Synth Stat 6
synth-0228,Boundary operators for stat claims,2016,stat.ML,stat,Synth Stat 7
synth-0229,Boundary operators for stat claims,2016,stat.ML,stat,Synth Stat 8
synth-0230,Discrete Hodge theory of 230,2016,stat.ML,stat,Synth Stat 9
synth-0231,Citation triangles in stat,2016,stat.ML,stat,Synth Stat 10
synth-0232,Spectral 232 on a stat complex,2016,stat.ML,stat,Synth Stat 11
synth-0233,Discrete Hodge theory of 233,2016,stat.ML,stat,Synth Stat 12
synth-0234,A stacked stat note on 234,2016,stat.ML,stat,Synth Stat 13
synth-0235,Intellectual debt along a stat cycle,2016,stat.ML,stat,Synth Stat 14
synth-0236,Boundary operators for stat claims,2016,stat.ML,stat,Synth Stat 15
synth-0237,Boundary operators for stat claims,2016,stat.ML,stat,Synth Stat 16
synth-0238,Fiedler versus Hodge on 238,2016,stat.ML,stat,Synth Stat 17
synth-0239,Discrete Hodge theory of 239,2016,stat.ML,stat,Synth Stat 1
synth-0240,Simplicial cuts for stat corpora,2016,stat.ML,stat,Synth Stat 2
synth-0241,Citation triangles in stat,2017,stat.ML,stat,Synth Stat 3
synth-0242,Citation triangles in stat,2017,stat.ML,stat,Synth Stat 4
synth-0243,On the stat kernel of L1,2017,stat.ML,stat,Synth Stat 5
synth-0244,On the stat kernel of L1,2017,stat.ML,stat,Synth Stat 6
synth-0245,Boundary operators for stat claims,2017,stat.ML,stat,Synth Stat 7
synth-0246,Citation triangles in stat,2017,stat.ML,stat,Synth Stat 8
synth-0247,Discrete Hodge theory of 247,2017,stat.ML,stat,Synth Stat 9
synth-0248,Spectral 248 on a stat complex,2017,stat.ML,stat,Synth Stat 10
synth-0249,Fiedler versus Hodge on 249,2017,stat.ML,stat,Synth Stat 11
synth-0250,Harmonic chains in stat literature,2017,stat.ML,stat,Synth Stat 12
synth-0251,Harmonic chains in stat literature,2017,stat.ML,stat,Synth Stat 13
synth-0252,Spectral 252 on a stat complex,2017,stat.ML,stat,Synth Stat 14
synth-0253,Simplicial cuts for stat corpora,2017,stat.ML,stat,Synth Stat 15
synth-0254,Discrete Hodge theory of 254,2017,stat.ML,stat,Synth Stat 16
synth-0255,Fiedler versus Hodge on 255,2017,stat.ML,stat,Synth Stat 17
synth-0256,Fiedler versus Hodge on 256,2017,stat.ML,stat,Synth Stat 1
synth-0257,Intellectual debt along a stat cycle,2017,stat.ML,stat,Synth Stat 2
synth-0258,Fiedler versus Hodge on 258,2017,stat.ML,stat,Synth Stat 3
synth-0259,On the stat kernel of L1,2017,stat.ML,stat,Synth Stat 4
synth-0260,Discrete Hodge theory of 260,2017,stat.ML,stat,Synth Stat 5
synth-0261,A stacked stat note on 261,2018,stat.ML,stat,Synth Stat 6
synth-0262,A stacked stat note on 262,2018,stat.ML,stat,Synth Stat 7
synth-0263,Boundary operators for stat claims,2018,stat.ML,stat,Synth Stat 8
synth-0264,Discrete Hodge theory of 264,2018,stat.ML,stat,Synth Stat 9
synth-0265,Intellectual debt along a stat cycle,2018,stat.ML,stat,Synth Stat 10
synth-0266,On the stat kernel of L1,2018,stat.ML,stat,Synth Stat 11
synth-0267,Fiedler versus Hodge on 267,2018,stat.ML,stat,Synth Stat 12
synth-0268,Simplicial cuts for stat corpora,2018,stat.ML,stat,Synth Stat 13
synth-0269,Simplicial cuts for stat corpora,2018,stat.ML,stat,Synth Stat 14
synth-0270,On the stat kernel of L1,2018,stat.ML,stat,Synth Stat 15
synth-0271,Boundary operators for stat claims,2018,stat.ML,stat,Synth Stat 16
synth-0272,Fiedler versus Hodge on 272,2018,stat.ML,stat,Synth Stat 17
synth-0273,A stacked stat note on 273,2018,stat.ML,stat,Synth Stat 1
synth-0274,On the stat kernel of L1,2018,stat.ML,stat,Synth Stat 2
synth-0275,On the stat kernel of L1,2018,stat.ML,stat,Synth Stat 3
synth-0276,A stacked stat note on 276,2018,stat.ML,stat,Synth Stat 4
synth-0277,Harmonic chains in stat literature,2018,stat.ML,stat,Synth Stat 5
synth-0278,Boundary operators for stat claims,2018,stat.ML,stat,Synth Stat 6
synth-0279,Spectral 279 on a stat complex,2018,stat.ML,stat,Synth Stat 7
synth-0280,Simplicial cuts for stat corpora,2018,stat.ML,stat,Synth Stat 8
synth-0281,Discrete Hodge theory of 281,2019,stat.ML,stat,Synth Stat 9
synth-0282,On the stat kernel of L1,2019,stat.ML,stat,Synth Stat 10
synth-0283,Harmonic chains in stat literature,2019,stat.ML,stat,Synth Stat 11
synth-0284,Discrete Hodge theory of 284,2019,stat.ML,stat,Synth Stat 12
synth-0285,Intellectual debt along a stat cycle,2019,stat.ML,stat,Synth Stat 13
synth-0286,On the stat kernel of L1,2019,stat.ML,stat,Synth Stat 14
synth-0287,Spectral 287 on a stat complex,2019,stat.ML,stat,Synth Stat 15
synth-0288,Discrete Hodge theory of 288,2019,stat.ML,stat,Synth Stat 16
synth-0289,A stacked stat note on 289,2019,stat.ML,stat,Synth Stat 17
synth-0290,On the stat kernel of L1,2019,stat.ML,stat,Synth Stat 1
synth-0291,Harmonic chains in stat literature,2019,stat.ML,stat,Synth Stat 2
synth-0292,A stacked stat note on 292,2019,stat.ML,stat,Synth Stat 3
synth-0293,Fiedler versus Hodge on 293,2019,stat.ML,stat,Synth Stat 4
synth-0294,On the stat kernel of L1,2019,stat.ML,stat,Synth Stat 5
synth-0295,Boundary operators for stat claims,2019,stat.ML,stat,Synth Stat 6
synth-0296,Spectral 296 on a stat complex,2019,stat.ML,stat,Synth Stat 7
synth-0297,A stacked stat note on 297,2019,stat.ML,stat,Synth Stat 8
synth-0298,Citation triangles in stat,2019,stat.ML,stat,Synth Stat 9
synth-0299,On the stat kernel of L1,2019,stat.ML,stat,Synth Stat 10
synth-0300,Spectral 300 on a stat complex,2019,stat.ML,stat,Synth Stat 11
synth-0301,Simplicial cuts for stat corpora,2020,stat.ML,stat,Synth Stat 12
synth-0302,Simplicial cuts for stat corpora,2020,stat.ML,stat,Synth Stat 13
synth-0303,A stacked stat note on 303,2020,stat.ML,stat,Synth Stat 14
synth-0304,Fiedler versus Hodge on 304,2020,stat.ML,stat,Synth Stat 15
synth-0305,Fiedler versus Hodge on 305,2020,stat.ML,stat,Synth Stat 16
synth-0306,Discrete Hodge theory of 306,2020,stat.ML,stat,Synth Stat 17
synth-0307,Harmonic chains in stat literature,2020,stat.ML,stat,Synth Stat 1
synth-0308,Boundary operators for stat claims,2020,stat.ML,stat,Synth Stat 2
synth-0309,Spectral 309 on a stat complex,2020,stat.ML,stat,Synth Stat 3
synth-0310,Citation triangles in stat,2020,stat.ML,stat,Synth Stat 4
synth-0311,Discrete Hodge theory of 311,2020,stat.ML,stat,Synth Stat 5
synth-0312,Boundary operators for stat claims,2020,stat.ML,stat,Synth Stat 6
synth-0313,Fiedler versus Hodge on 313,2020,stat.ML,stat,Synth Stat 7
synth-0314,Boundary operators for stat claims,2020,stat.ML,stat,Synth Stat 8
synth-0315,Boundary operators for stat claims,2020,stat.ML,stat,Synth Stat 9
synth-0316,Citation triangles in stat,2020,stat.ML,stat,Synth Stat 10
synth-0317,Intellectual debt along a stat cycle,2020,stat.ML,stat,Synth Stat 11
synth-0318,Citation triangles in stat,2020,stat.ML,stat,Synth Stat 12
synth-0319,Boundary operators for stat claims,2020,stat.ML,stat,Synth Stat 13
synth-0320,Boundary operators for stat claims,2020,stat.ML,stat,Synth Stat 14
synth-0321,Intellectual debt along a stat cycle,2021,stat.ML,stat,Synth Stat 15
synth-0322,Citation triangles in stat,2021,stat.ML,stat,Synth Stat 16
synth-0323,Simplicial cuts for stat corpora,2021,stat.ML,stat,Synth Stat 17
synth-0324,Spectral 324 on a stat complex,2021,stat.ML,stat,Synth Stat 1
synth-0325,Spectral 325 on a stat complex,2021,stat.ML,stat,Synth Stat 2
synth-0326,A stacked stat note on 326,2021,stat.ML,stat,Synth Stat 3
synth-0327,Fiedler versus Hodge on 327,2021,stat.ML,stat,Synth Stat 4
synth-0328,Harmonic chains in stat literature,2021,stat.ML,stat,Synth Stat 5
synth-0329,A stacked stat note on 329,2021,stat.ML,stat,Synth Stat 6
synth-0330,Discrete Hodge theory of 330,2021,stat.ML,stat,Synth Stat 7
synth-0331,Citation triangles in stat,2021,stat.ML,stat,Synth Stat 8
synth-0332,Simplicial cuts for stat corpora,2021,stat.ML,stat,Synth Stat 9
synth-0333,Discrete Hodge theory of 333,2021,stat.ML,stat,Synth Stat 10
synth-0334,On the stat kernel of L1,2021,stat.ML,stat,Synth Stat 11
synth-0335,Spectral 335 on a stat complex,2021,stat.ML,stat,Synth Stat 12
synth-0336,Boundary operators for stat claims,2021,stat.ML,stat,Synth Stat 13
synth-0337,Citation triangles in stat,2021,stat.ML,stat,Synth Stat 14
synth-0338,Boundary operators for stat claims,2021,stat.ML,stat,Synth Stat 15
synth-0339,Citation triangles in stat,2021,stat.ML,stat,Synth Stat 16
synth-0340,Intellectual debt along a stat cycle,2021,stat.ML,stat,Synth Stat 17
synth-0341,Spectral 341 on a stat complex,2022,stat.ML,stat,Synth Stat 1
synth-0342,Intellectual debt along a stat cycle,2022,stat.ML,stat,Synth Stat 2
synth-0343,Spectral 343 on a stat complex,2022,stat.ML,stat,Synth Stat 3
synth-0344,A stacked stat note on 344,2022,stat.ML,stat,Synth Stat 4
synth-0345,Fiedler versus Hodge on 345,2022,stat.ML,stat,Synth Stat 5
synth-0346,On the stat kernel of L1,2022,stat.ML,stat,Synth Stat 6
synth-0347,Discrete Hodge theory of 347,2022,stat.ML,stat,Synth Stat 7
synth-0348,Spectral 348 on a stat complex,2022,stat.ML,stat,Synth Stat 8
synth-0349,A stacked stat note on 349,2022,stat.ML,stat,Synth Stat 9
synth-0350,Spectral 350 on a stat complex,2022,stat.ML,stat,Synth Stat 10
synth-0351,A stacked stat note on 351,2022,stat.ML,stat,Synth Stat 11
synth-0352,Intellectual debt along a stat cycle,2022,stat.ML,stat,Synth Stat 12
synth-0353,On the stat kernel of L1,2022,stat.ML,stat,Synth Stat 13
synth-0354,Boundary operators for stat claims,2022,stat.ML,stat,Synth Stat 14
synth-0355,A stacked stat note on 355,2022,stat.ML,stat,Synth Stat 15
synth-0356,Fiedler versus Hodge on 356,2022,stat.ML,stat,Synth Stat 16
synth-0357,Spectral 357 on a stat complex,2022,stat.ML,stat,Synth Stat 17
synth-0358,Spectral 358 on a stat complex,2022,stat.ML,stat,Synth Stat 1
synth-0359,Citation triangles in stat,2022,stat.ML,stat,Synth Stat 2
synth-0360,Spectral 360 on a stat complex,2022,stat.ML,stat,Synth Stat 3
synth-0361,Fiedler versus Hodge on 361,2023,stat.ML,stat,Synth Stat 4
synth-0362,A stacked stat note on 362,2023,stat.ML,stat,Synth Stat 5
synth-0363,On the stat kernel of L1,2023,stat.ML,stat,Synth Stat 6
synth-0364,Discrete Hodge theory of 364,2023,stat.ML,stat,Synth Stat 7
synth-0365,Intellectual debt along a stat cycle,2023,stat.ML,stat,Synth Stat 8
synth-0366,Harmonic chains in stat literature,2023,stat.ML,stat,Synth Stat 9
synth-0367,Fiedler versus Hodge on 367,2023,stat.ML,stat,Synth Stat 10
synth-0368,Simplicial cuts for stat corpora,2023,stat.ML,stat,Synth Stat 11
synth-0369,A stacked stat note on 369,2023,stat.ML,stat,Synth Stat 12
synth-0370,Citation triangles in stat,2023,stat.ML,stat,Synth Stat 13
synth-0371,Harmonic chains in stat literature,2023,stat.ML,stat,Synth Stat 14
synth-0372,Harmonic chains in stat literature,2023,stat.ML,stat,Synth Stat 15
synth-0373,Discrete Hodge theory of 373,2023,stat.ML,stat,Synth Stat 16
synth-0374,Fiedler versus Hodge on 374,2023,stat.ML,stat,Synth Stat 17
synth-0375,Citation triangles in stat,2023,stat.ML,stat,Synth Stat 1
synth-0376,Intellectual debt along a stat cycle,2023,stat.ML,stat,Synth Stat 2
synth-0377,Harmonic chains in stat literature,2023,stat.ML,stat,Synth Stat 3
synth-0378,On the stat kernel of L1,2023,stat.ML,stat,Synth Stat 4
synth-0379,Discrete Hodge theory of 379,2023,stat.ML,stat,Synth Stat 5
synth-0380,Harmonic chains in stat literature,2023,stat.ML,stat,Synth Stat 6
synth-0381,Boundary operators for stat claims,2024,stat.ML,stat,Synth Stat 7
synth-0382,Simplicial cuts for stat corpora,2024,stat.ML,stat,Synth Stat 8
synth-0383,Fiedler versus Hodge on 383,2024,stat.ML,stat,Synth Stat 9
synth-0384,Boundary operators for stat claims,2024,stat.ML,stat,Synth Stat 10
synth-0385,Simplicial cuts for stat corpora,2024,stat.ML,stat,Synth Stat 11
synth-0386,Fiedler versus Hodge on 386,2024,stat.ML,stat,Synth Stat 12
synth-0387,Harmonic chains in stat literature,2024,stat.ML,stat,Synth Stat 13
synth-0388,Discrete Hodge theory of 388,2024,stat.ML,stat,Synth Stat 14
synth-0389,A stacked stat note on 389,2024,stat.ML,stat,Synth Stat 15
synth-0390,Discrete Hodge theory of 390,2024,stat.ML,stat,Synth Stat 16
synth-0391,Simplicial cuts for stat corpora,2024,stat.ML,stat,Synth Stat 17
synth-0392,Harmonic chains in stat literature,2024,stat.ML,stat,Synth Stat 1
synth-0393,A stacked stat note on 393,2024,stat.ML,stat,Synth Stat 2
synth-0394,Discrete Hodge theory of 394,2024,stat.ML,stat,Synth Stat 3
synth-0395,Simplicial cuts for stat corpora,2024,stat.ML,stat,Synth Stat 4
synth-0396,Fiedler versus Hodge on 396,2024,stat.ML,stat,Synth Stat 5
synth-0397,Discrete Hodge theory of 397,2024,stat.ML,stat,Synth Stat 6
synth-0398,Boundary operators for stat claims,2024,stat.ML,stat,Synth Stat 7
synth-0399,A stacked stat note on 399,2024,stat.ML,stat,Synth Stat 8
synth-0400,Boundary operators for stat claims,2024,stat.ML,stat,Synth Stat 9
synth-0401,Spectral 401 on a math complex,2015,math.AT,math,Synth Math 10
synth-0402,Boundary operators for math claims,2015,math.AT,math,Synth Math 11
synth-0403,Discrete Hodge theory of 403,2015,math.AT,math,Synth Math 12
synth-0404,Boundary operators for math claims,2015,math.AT,math,Synth Math 13
synth-0405,Fiedler versus Hodge on 405,2015,math.AT,math,Synth Math 14
synth-0406,Intellectual debt along a math cycle,2015,math.AT,math,Synth Math 15
synth-0407,Harmonic chains in math literature,2015,math.AT,math,Synth Math 16
synth-0408,Citation triangles in math,2015,math.AT,math,Synth Math 17
synth-0409,A stacked math note on 409,2015,math.AT,math,Synth Math 1
synth-0410,A stacked math note on 410,2015,math.AT,math,Synth Math 2
synth-0411,Simplicial cuts for math corpora,2015,math.AT,math,Synth Math 3
synth-0412,Discrete Hodge theory of 412,2015,math.AT,math,Synth Math 4
synth-0413,Intellectual debt along a math cycle,2015,math.AT,math,Synth Math 5
synth-0414,Intellectual debt along a math cycle,2015,math.AT,math,Synth Math 6
synth-0415,Boundary operators for math claims,2015,math.AT,math,Synth Math 7
synth-0416,Intellectual debt along a math cycle,2015,math.AT,math,Synth Math 8
synth-0417,Spectral 417 on a math complex,2015,math.AT,math,Synth Math 9
synth-0418,Fiedler versus Hodge on 418,2015,math.AT,math,Synth Math 10
synth-0419,Boundary operators for math claims,2015,math.AT,math,Synth Math 11
synth-0420,Harmonic chains in math literature,2015,math.AT,math,Synth Math 12
synth-0421,Citation triangles in math,2016,math.AT,math,Synth Math 13
synth-0422,Boundary operators for math claims,2016,math.AT,math,Synth Math 14
synth-0423,Citation triangles in math,2016,math.AT,math,Synth Math 15
synth-0424,Intellectual debt along a math cycle,2016,math.AT,math,Synth Math 16
synth-0425,Intellectual debt along a math cycle,2016,math.AT,math,Synth Math 17
synth-0426,Intellectual debt along a math cycle,2016,math.AT,math,Synth Math 1
synth-0427,Fiedler versus Hodge on 427,2016,math.AT,math,Synth Math 2
synth-0428,A stacked math note on 428,2016,math.AT,math,Synth Math 3
synth-0429,Boundary operators for math claims,2016,math.AT,math,Synth Math 4
synth-0430,Boundary operators for math claims,2016,math.AT,math,Synth Math 5
synth-0431,Intellectual debt along a math cycle,2016,math.AT,math,Synth Math 6
synth-0432,Harmonic chains in math literature,2016,math.AT,math,Synth Math 7
synth-0433,Discrete Hodge theory of 433,2016,math.AT,math,Synth Math 8
synth-0434,A stacked math note on 434,2016,math.AT,math,Synth Math 9
synth-0435,Spectral 435 on a math complex,2016,math.AT,math,Synth Math 10
synth-0436,Fiedler versus Hodge on 436,2016,math.AT,math,Synth Math 11
synth-0437,Fiedler versus Hodge on 437,2016,math.AT,math,Synth Math 12
synth-0438,Intellectual debt along a math cycle,2016,math.AT,math,Synth Math 13
synth-0439,Boundary operators for math claims,2016,math.AT,math,Synth Math 14
synth-0440,Fiedler versus Hodge on 440,2016,math.AT,math,Synth Math 15
synth-0441,On the math kernel of L1,2017,math.AT,math,Synth Math 16
synth-0442,On the math kernel of L1,2017,math.AT,math,Synth Math 17
synth-0443,On the math kernel of L1,2017,math.AT,math,Synth Math 1
synth-0444,Fiedler versus Hodge on 444,2017,math.AT,math,Synth Math 2
synth-0445,Fiedler versus Hodge on 445,2017,math.AT,math,Synth Math 3
synth-0446,Fiedler versus Hodge on 446,2017,math.AT,math,Synth Math 4
synth-0447,Harmonic chains in math literature,2017,math.AT,math,Synth Math 5
synth-0448,Discrete Hodge theory of 448,2017,math.AT,math,Synth Math 6
synth-0449,Spectral 449 on a math complex,2017,math.AT,math,Synth Math 7
synth-0450,A stacked math note on 450,2017,math.AT,math,Synth Math 8
synth-0451,A stacked math note on 451,2017,math.AT,math,Synth Math 9
synth-0452,A stacked math note on 452,2017,math.AT,math,Synth Math 10
synth-0453,A stacked math note on 453,2017,math.AT,math,Synth Math 11
synth-0454,Fiedler versus Hodge on 454,2017,math.AT,math,Synth Math 12
synth-0455,On the math kernel of L1,2017,math.AT,math,Synth Math 13
synth-0456,Citation triangles in math,2017,math.AT,math,Synth Math 14
synth-0457,Boundary operators for math claims,2017,math.AT,math,Synth Math 15
synth-0458,Fiedler versus Hodge on 458,2017,math.AT,math,Synth Math 16
synth-0459,Boundary operators for math claims,2017,math.AT,math,Synth Math 17
synth-0460,Discrete Hodge theory of 460,2017,math.AT,math,Synth Math 1
synth-0461,Spectral 461 on a math complex,2018,math.AT,math,Synth Math 2
synth-0462,Simplicial cuts for math corpora,2018,math.AT,math,Synth Math 3
synth-0463,Simplicial cuts for math corpora,2018,math.AT,math,Synth Math 4
synth-0464,Boundary operators for math claims,2018,math.AT,math,Synth Math 5
synth-0465,Intellectual debt along a math cycle,2018,math.AT,math,Synth Math 6
synth-0466,Boundary operators for math claims,2018,math.AT,math,Synth Math 7
synth-0467,Fiedler versus Hodge on 467,2018,math.AT,math,Synth Math 8
synth-0468,Spectral 468 on a math complex,2018,math.AT,math,Synth Math 9
synth-0469,Spectral 469 on a math complex,2018,math.AT,math,Synth Math 10
synth-0470,Citation triangles in math,2018,math.AT,math,Synth Math 11
synth-0471,On the math kernel of L1,2018,math.AT,math,Synth Math 12
synth-0472,Simplicial cuts for math corpora,2018,math.AT,math,Synth Math 13
synth-0473,Discrete Hodge theory of 473,2018,math.AT,math,Synth Math 14
synth-0474,On the math kernel of L1,2018,math.AT,math,Synth Math 15
synth-0475,Simplicial cuts for math corpora,2018,math.AT,math,Synth Math 16
synth-0476,Simplicial cuts for math corpora,2018,math.AT,math,Synth Math 17
synth-0477,Harmonic chains in math literature,2018,math.AT,math,Synth Math 1
synth-0478,Discrete Hodge theory of 478,2018,math.AT,math,Synth Math 2
synth-0479,Citation triangles in math,2018,math.AT,math,Synth Math 3
synth-0480,Spectral 480 on a math complex,2018,math.AT,math,Synth Math 4
synth-0481,Harmonic chains in math literature,2019,math.AT,math,Synth Math 5
synth-0482,Discrete Hodge theory of 482,2019,math.AT,math,Synth Math 6
synth-0483,A stacked math note on 483,2019,math.AT,math,Synth Math 7
synth-0484,Spectral 484 on a math complex,2019,math.AT,math,Synth Math 8
synth-0485,Harmonic chains in math literature,2019,math.AT,math,Synth Math 9
synth-0486,Citation triangles in math,2019,math.AT,math,Synth Math 10
synth-0487,Discrete Hodge theory of 487,2019,math.AT,math,Synth Math 11
synth-0488,On the math kernel of L1,2019,math.AT,math,Synth Math 12
synth-0489,Fiedler versus Hodge on 489,2019,math.AT,math,Synth Math 13
synth-0490,Fiedler versus Hodge on 490,2019,math.AT,math,Synth Math 14
synth-0491,Spectral 491 on a math complex,2019,math.AT,math,Synth Math 15
synth-0492,Discrete Hodge theory of 492,2019,math.AT,math,Synth Math 16
synth-0493,Intellectual debt along a math cycle,2019,math.AT,math,Synth Math 17
synth-0494,Fiedler versus Hodge on 494,2019,math.AT,math,Synth Math 1
synth-0495,Discrete Hodge theory of 495,2019,math.AT,math,Synth Math 2
synth-0496,Citation triangles in math,2019,math.AT,math,Synth Math 3
synth-0497,A stacked math note on 497,2019,math.AT,math,Synth Math 4
synth-0498,Intellectual debt along a math cycle,2019,math.AT,math,Synth Math 5
synth-0499,Spectral 499 on a math complex,2019,math.AT,math,Synth Math 6
synth-0500,Discrete Hodge theory of 500,2019,math.AT,math,Synth Math 7
synth-0501,Spectral 501 on a math complex,2020,math.AT,math,Synth Math 8
synth-0502,On the math kernel of L1,2020,math.AT,math,Synth Math 9
synth-0503,A stacked math note on 503,2020,math.AT,math,Synth Math 10
synth-0504,Discrete Hodge theory of 504,2020,math.AT,math,Synth Math 11
synth-0505,Citation triangles in math,2020,math.AT,math,Synth Math 12
synth-0506,Boundary operators for math claims,2020,math.AT,math,Synth Math 13
synth-0507,Harmonic chains in math literature,2020,math.AT,math,Synth Math 14
synth-0508,Boundary operators for math claims,2020,math.AT,math,Synth Math 15
synth-0509,Discrete Hodge theory of 509,2020,math.AT,math,Synth Math 16
synth-0510,Citation triangles in math,2020,math.AT,math,Synth Math 17
synth-0511,Citation triangles in math,2020,math.AT,math,Synth Math 1
synth-0512,Harmonic chains in math literature,2020,math.AT,math,Synth Math 2
synth-0513,Fiedler versus Hodge on 513,2020,math.AT,math,Synth Math 3
synth-0514,Discrete Hodge theory of 514,2020,math.AT,math,Synth Math 4
synth-0515,A stacked math note on 515,2020,math.AT,math,Synth Math 5
synth-0516,Discrete Hodge theory of 516,2020,math.AT,math,Synth Math 6
synth-0517,A stacked math note on 517,2020,math.AT,math,Synth Math 7
synth-0518,Boundary operators for math claims,2020,math.AT,math,Synth Math 8
synth-0519,Intellectual debt along a math cycle,2020,math.AT,math,Synth Math 9
synth-0520,Harmonic chains in math literature,2020,math.AT,math,Synth Math 10
synth-0521,On the math kernel of L1,2021,math.AT,math,Synth Math 11
synth-0522,Boundary operators for math claims,2021,math.AT,math,Synth Math 12
synth-0523,Spectral 523 on a math complex,2021,math.AT,math,Synth Math 13
synth-0524,Boundary operators for math claims,2021,math.AT,math,Synth Math 14
synth-0525,Spectral 525 on a math complex,2021,math.AT,math,Synth Math 15
synth-0526,Simplicial cuts for math corpora,2021,math.AT,math,Synth Math 16
synth-0527,Harmonic chains in math literature,2021,math.AT,math,Synth Math 17
synth-0528,Spectral 528 on a math complex,2021,math.AT,math,Synth Math 1
synth-0529,Discrete Hodge theory of 529,2021,math.AT,math,Synth Math 2
synth-0530,Fiedler versus Hodge on 530,2021,math.AT,math,Synth Math 3
synth-0531,Fiedler versus Hodge on 531,2021,math.AT,math,Synth Math 4
synth-0532,A stacked math note on 532,2021,math.AT,math,Synth Math 5
synth-0533,Simplicial cuts for math corpora,2021,math.AT,math,Synth Math 6
synth-0534,On the math kernel of L1,2021,math.AT,math,Synth Math 7
synth-0535,Simplicial cuts for math corpora,2021,math.AT,math,Synth Math 8
synth-0536,A stacked math note on 536,2021,math.AT,math,Synth Math 9
synth-0537,Spectral 537 on a math complex,2021,math.AT,math,Synth Math 10
synth-0538,Fiedler versus Hodge on 538,2021,math.AT,math,Synth Math 11
synth-0539,Simplicial cuts for math corpora,2021,math.AT,math,Synth Math 12
synth-0540,Intellectual debt along a math cycle,2021,math.AT,math,Synth Math 13
synth-0541,Citation triangles in math,2022,math.AT,math,Synth Math 14
synth-0542,Citation triangles in math,2022,math.AT,math,Synth Math 15
synth-0543,A stacked math note on 543,2022,math.AT,math,Synth Math 16
synth-0544,A stacked math note on 544,2022,math.AT,math,Synth Math 17
synth-0545,Citation triangles in math,2022,math.AT,math,Synth Math 1
synth-0546,Discrete Hodge theory of 546,2022,math.AT,math,Synth Math 2
synth-0547,Harmonic chains in math literature,2022,math.AT,math,Synth Math 3
synth-0548,Spectral 548 on a math complex,2022,math.AT,math,Synth Math 4
synth-0549,Simplicial cuts for math corpora,2022,math.AT,math,Synth Math 5
synth-0550,Simplicial cuts for math corpora,2022,math.AT,math,Synth Math 6
synth-0551,Discrete Hodge theory of 551,2022,math.AT,math,Synth Math 7
synth-0552,A stacked math note on 552,2022,math.AT,math,Synth Math 8
synth-0553,Boundary operators for math claims,2022,math.AT,math,Synth Math 9
synth-0554,Spectral 554 on a math complex,2022,math.AT,math,Synth Math 10
synth-0555,Discrete Hodge theory of 555,2022,math.AT,math,Synth Math 11
synth-0556,Simplicial cuts for math corpora,2022,math.AT,math,Synth Math 12
synth-0557,Spectral 557 on a math complex,2022,math.AT,math,Synth Math 13
synth-0558,Discrete Hodge theory of 558,2022,math.AT,math,Synth Math 14
synth-0559,Citation triangles in math,2022,math.AT,math,Synth Math 15
synth-0560,Harmonic chains in math literature,2022,math.AT,math,Synth Math 16
synth-0561,Fiedler versus Hodge on 561,2023,math.AT,math,Synth Math 17
synth-0562,A stacked math note on 562,2023,math.AT,math,Synth Math 1
synth-0563,A stacked math note on 563,2023,math.AT,math,Synth Math 2
synth-0564,Boundary operators for math claims,2023,math.AT,math,Synth Math 3
synth-0565,Simplicial cuts for math corpora,2023,math.AT,math,Synth Math 4
synth-0566,A stacked math note on 566,2023,math.AT,math,Synth Math 5
synth-0567,Intellectual debt along a math cycle,2023,math.AT,math,Synth Math 6
synth-0568,Spectral 568 on a math complex,2023,math.AT,math,Synth Math 7
synth-0569,Boundary operators for math claims,2023,math.AT,math,Synth Math 8
synth-0570,Boundary operators for math claims,2023,math.AT,math,Synth Math 9
synth-0571,On the math kernel of L1,2023,math.AT,math,Synth Math 10
synth-0572,Citation triangles in math,2023,math.AT,math,Synth Math 11
synth-0573,A stacked math note on 573,2023,math.AT,math,Synth Math 12
synth-0574,Simplicial cuts for math corpora,2023,math.AT,math,Synth Math 13
synth-0575,Boundary operators for math claims,2023,math.AT,math,Synth Math 14
synth-0576,Simplicial cuts for math corpora,2023,math.AT,math,Synth Math 15
synth-0577,Boundary operators for math claims,2023,math.AT,math,Synth Math 16
synth-0578,A stacked math note on 578,2023,math.AT,math,Synth Math 17
synth-0579,Spectral 579 on a math complex,2023,math.AT,math,Synth Math 1
synth-0580,Fiedler versus Hodge on 580,2023,math.AT,math,Synth Math 2
synth-0581,Harmonic chains in math literature,2024,math.AT,math,Synth Math 3
synth-0582,Spectral 582 on a math complex,2024,math.AT,math,Synth Math 4
synth-0583,Harmonic chains in math literature,2024,math.AT,math,Synth Math 5
synth-0584,A stacked math note on 584,2024,math.AT,math,Synth Math 6
synth-0585,Citation triangles in math,2024,math.AT,math,Synth Math 7
synth-0586,Intellectual debt along a math cycle,2024,math.AT,math,Synth Math 8
synth-0587,A stacked math note on 587,2024,math.AT,math,Synth Math 9
synth-0588,Citation triangles in math,2024,math.AT,math,Synth Math 10
synth-0589,Discrete Hodge theory of 589,2024,math.AT,math,Synth Math 11
synth-0590,Citation triangles in math,2024,math.AT,math,Synth Math 12
synth-0591,Discrete Hodge theory of 591,2024,math.AT,math,Synth Math 13
synth-0592,Harmonic chains in math literature,2024,math.AT,math,Synth Math 14
synth-0593,Spectral 593 on a math complex,2024,math.AT,math,Synth Math 15
synth-0594,Harmonic chains in math literature,2024,math.AT,math,Synth Math 16
synth-0595,Simplicial cuts for math corpora,2024,math.AT,math,Synth Math 17
synth-0596,On the math kernel of L1,2024,math.AT,math,Synth Math 1
synth-0597,Fiedler versus Hodge on 597,2024,math.AT,math,Synth Math 2
synth-0598,Intellectual debt along a math cycle,2024,math.AT,math,Synth Math 3
synth-0599,Discrete Hodge theory of 599,2024,math.AT,math,Synth Math 4
synth-0600,Intellectual debt along a math cycle,2024,math.AT,math,Synth Math 5
synth-0601,Citation triangles in physics,2015,physics.comp-ph,physics,Synth Physics 6
synth-0602,Boundary operators for physics claims,2015,physics.comp-ph,physics,Synth Physics 7
synth-0603,Citation triangles in physics,2015,physics.comp-ph,physics,Synth Physics 8
synth-0604,Intellectual debt along a physics cycle,2015,physics.comp-ph,physics,Synth Physics 9
synth-0605,Intellectual debt along a physics cycle,2015,physics.comp-ph,physics,Synth Physics 10
synth-0606,Spectral 606 on a physics complex,2015,physics.comp-ph,physics,Synth Physics 11
synth-0607,Fiedler versus Hodge on 607,2015,physics.comp-ph,physics,Synth Physics 12
synth-0608,Discrete Hodge theory of 608,2015,physics.comp-ph,physics,Synth Physics 13
synth-0609,On the physics kernel of L1,2015,physics.comp-ph,physics,Synth Physics 14
synth-0610,Fiedler versus Hodge on 610,2015,physics.comp-ph,physics,Synth Physics 15
synth-0611,Boundary operators for physics claims,2015,physics.comp-ph,physics,Synth Physics 16
synth-0612,A stacked physics note on 612,2015,physics.comp-ph,physics,Synth Physics 17
synth-0613,Simplicial cuts for physics corpora,2015,physics.comp-ph,physics,Synth Physics 1
synth-0614,Simplicial cuts for physics corpora,2015,physics.comp-ph,physics,Synth Physics 2
synth-0615,Boundary operators for physics claims,2015,physics.comp-ph,physics,Synth Physics 3
synth-0616,Simplicial cuts for physics corpora,2015,physics.comp-ph,physics,Synth Physics 4
synth-0617,Fiedler versus Hodge on 617,2015,physics.comp-ph,physics,Synth Physics 5
synth-0618,A stacked physics note on 618,2015,physics.comp-ph,physics,Synth Physics 6
synth-0619,A stacked physics note on 619,2015,physics.comp-ph,physics,Synth Physics 7
synth-0620,Spectral 620 on a physics complex,2015,physics.comp-ph,physics,Synth Physics 8
synth-0621,Harmonic chains in physics literature,2016,physics.comp-ph,physics,Synth Physics 9
synth-0622,Simplicial cuts for physics corpora,2016,physics.comp-ph,physics,Synth Physics 10
synth-0623,Discrete Hodge theory of 623,2016,physics.comp-ph,physics,Synth Physics 11
synth-0624,Boundary operators for physics claims,2016,physics.comp-ph,physics,Synth Physics 12
synth-0625,A stacked physics note on 625,2016,physics.comp-ph,physics,Synth Physics 13
synth-0626,Boundary operators for physics claims,2016,physics.comp-ph,physics,Synth Physics 14
synth-0627,Intellectual debt along a physics cycle,2016,physics.comp-ph,physics,Synth Physics 15
synth-0628,Boundary operators for physics claims,2016,physics.comp-ph,physics,Synth Physics 16
synth-0629,Simplicial cuts for physics corpora,2016,physics.comp-ph,physics,Synth Physics 17
synth-0630,Discrete Hodge theory of 630,2016,physics.comp-ph,physics,Synth Physics 1
synth-0631,Intellectual debt along a physics cycle,2016,physics.comp-ph,physics,Synth Physics 2
synth-0632,A stacked physics note on 632,2016,physics.comp-ph,physics,Synth Physics 3
synth-0633,Intellectual debt along a physics cycle,2016,physics.comp-ph,physics,Synth Physics 4
synth-0634,Spectral 634 on a physics complex,2016,physics.comp-ph,physics,Synth Physics 5
synth-0635,Citation triangles in physics,2016,physics.comp-ph,physics,Synth Physics 6
synth-0636,On the physics kernel of L1,2016,physics.comp-ph,physics,Synth Physics 7
synth-0637,Spectral 637 on a physics complex,2016,physics.comp-ph,physics,Synth Physics 8
synth-0638,Spectral 638 on a physics complex,2016,physics.comp-ph,physics,Synth Physics 9
synth-0639,Discrete Hodge theory of 639,2016,physics.comp-ph,physics,Synth Physics 10
synth-0640,Simplicial cuts for physics corpora,2016,physics.comp-ph,physics,Synth Physics 11
synth-0641,Spectral 641 on a physics complex,2017,physics.comp-ph,physics,Synth Physics 12
synth-0642,Simplicial cuts for physics corpora,2017,physics.comp-ph,physics,Synth Physics 13
synth-0643,Spectral 643 on a physics complex,2017,physics.comp-ph,physics,Synth Physics 14
synth-0644,Simplicial cuts for physics corpora,2017,physics.comp-ph,physics,Synth Physics 15
synth-0645,Spectral 645 on a physics complex,2017,physics.comp-ph,physics,Synth Physics 16
synth-0646,Intellectual debt along a physics cycle,2017,physics.comp-ph,physics,Synth Physics 17
synth-0647,On the physics kernel of L1,2017,physics.comp-ph,physics,Synth Physics 1
synth-0648,Discrete Hodge theory of 648,2017,physics.comp-ph,physics,Synth Physics 2
synth-0649,Fiedler versus Hodge on 649,2017,physics.comp-ph,physics,Synth Physics 3
synth-0650,Intellectual debt along a physics cycle,2017,physics.comp-ph,physics,Synth Physics 4
synth-0651,Citation triangles in physics,2017,physics.comp-ph,physics,Synth Physics 5
synth-0652,Fiedler versus Hodge on 652,2017,physics.comp-ph,physics,Synth Physics 6
synth-0653,Simplicial cuts for physics corpora,2017,physics.comp-ph,physics,Synth Physics 7
synth-0654,Intellectual debt along a physics cycle,2017,physics.comp-ph,physics,Synth Physics 8
synth-0655,Fiedler versus Hodge on 655,2017,physics.comp-ph,physics,Synth Physics 9
synth-0656,Intellectual debt along a physics cycle,2017,physics.comp-ph,physics,Synth Physics 10
synth-0657,Intellectual debt along a physics cycle,2017,physics.comp-ph,physics,Synth Physics 11
synth-0658,Boundary operators for physics claims,2017,physics.comp-ph,physics,Synth Physics 12
synth-0659,Intellectual debt along a physics cycle,2017,physics.comp-ph,physics,Synth Physics 13
synth-0660,Spectral 660 on a physics complex,2017,physics.comp-ph,physics,Synth Physics 14
synth-0661,Simplicial cuts for physics corpora,2018,physics.comp-ph,physics,Synth Physics 15
synth-0662,On the physics kernel of L1,2018,physics.comp-ph,physics,Synth Physics 16
synth-0663,Citation triangles in physics,2018,physics.comp-ph,physics,Synth Physics 17
synth-0664,Simplicial cuts for physics corpora,2018,physics.comp-ph,physics,Synth Physics 1
synth-0665,Intellectual debt along a physics cycle,2018,physics.comp-ph,physics,Synth Physics 2
synth-0666,Citation triangles in physics,2018,physics.comp-ph,physics,Synth Physics 3
synth-0667,Harmonic chains in physics literature,2018,physics.comp-ph,physics,Synth Physics 4
synth-0668,Harmonic chains in physics literature,2018,physics.comp-ph,physics,Synth Physics 5
synth-0669,Simplicial cuts for physics corpora,2018,physics.comp-ph,physics,Synth Physics 6
synth-0670,Fiedler versus Hodge on 670,2018,physics.comp-ph,physics,Synth Physics 7
synth-0671,Boundary operators for physics claims,2018,physics.comp-ph,physics,Synth Physics 8
synth-0672,Citation triangles in physics,2018,physics.comp-ph,physics,Synth Physics 9
synth-0673,Simplicial cuts for physics corpora,2018,physics.comp-ph,physics,Synth Physics 10
synth-0674,Boundary operators for physics claims,2018,physics.comp-ph,physics,Synth Physics 11
synth-0675,Simplicial cuts for physics corpora,2018,physics.comp-ph,physics,Synth Physics 12
synth-0676,On the physics kernel of L1,2018,physics.comp-ph,physics,Synth Physics 13
synth-0677,Citation triangles in physics,2018,physics.comp-ph,physics,Synth Physics 14
synth-0678,Simplicial cuts for physics corpora,2018,physics.comp-ph,physics,Synth Physics 15
synth-0679,Intellectual debt along a physics cycle,2018,physics.comp-ph,physics,Synth Physics 16
synth-0680,On the physics kernel of L1,2018,physics.comp-ph,physics,Synth Physics 17
synth-0681,Simplicial cuts for physics corpora,2019,physics.comp-ph,physics,Synth Physics 1
synth-0682,On the physics kernel of L1,2019,physics.comp-ph,physics,Synth Physics 2
synth-0683,Intellectual debt along a physics cycle,2019,physics.comp-ph,physics,Synth Physics 3
synth-0684,Intellectual debt along a physics cycle,2019,physics.comp-ph,physics,Synth Physics 4
synth-0685,Citation triangles in physics,2019,physics.comp-ph,physics,Synth Physics 5
synth-0686,Simplicial cuts for physics corpora,2019,physics.comp-ph,physics,Synth Physics 6
synth-0687,Spectral 687 on a physics complex,2019,physics.comp-ph,physics,Synth Physics 7
synth-0688,Citation triangles in physics,2019,physics.comp-ph,physics,Synth Physics 8
synth-0689,Simplicial cuts for physics corpora,2019,physics.comp-ph,physics,Synth Physics 9
synth-0690,Fiedler versus Hodge on 690,2019,physics.comp-ph,physics,Synth Physics 10
synth-0691,Intellectual debt along a physics cycle,2019,physics.comp-ph,physics,Synth Physics 11
synth-0692,On the physics kernel of L1,2019,physics.comp-ph,physics,Synth Physics 12
synth-0693,Boundary operators for physics claims,2019,physics.comp-ph,physics,Synth Physics 13
synth-0694,Harmonic chains in physics literature,2019,physics.comp-ph,physics,Synth Physics 14
synth-0695,On the physics kernel of L1,2019,physics.comp-ph,physics,Synth Physics 15
synth-0696,Spectral 696 on a physics complex,2019,physics.comp-ph,physics,Synth Physics 16
synth-0697,Boundary operators for physics claims,2019,physics.comp-ph,physics,Synth Physics 17
synth-0698,Spectral 698 on a physics complex,2019,physics.comp-ph,physics,Synth Physics 1
synth-0699,Fiedler versus Hodge on 699,2019,physics.comp-ph,physics,Synth Physics 2
synth-0700,Intellectual debt along a physics cycle,2019,physics.comp-ph,physics,Synth Physics 3
synth-0701,Fiedler versus Hodge on 701,2020,physics.comp-ph,physics,Synth Physics 4
synth-0702,Harmonic chains in physics literature,2020,physics.comp-ph,physics,Synth Physics 5
synth-0703,Boundary operators for physics claims,2020,physics.comp-ph,physics,Synth Physics 6
synth-0704,Fiedler versus Hodge on 704,2020,physics.comp-ph,physics,Synth Physics 7
synth-0705,Boundary operators for physics claims,2020,physics.comp-ph,physics,Synth Physics 8
synth-0706,Harmonic chains in physics literature,2020,physics.comp-ph,physics,Synth Physics 9
synth-0707,Citation triangles in physics,2020,physics.comp-ph,physics,Synth Physics 10
synth-0708,On the physics kernel of L1,2020,physics.comp-ph,physics,Synth Physics 11
synth-0709,Spectral 709 on a physics complex,2020,physics.comp-ph,physics,Synth Physics 12
synth-0710,Harmonic chains in physics literature,2020,physics.comp-ph,physics,Synth Physics 13
synth-0711,Intellectual debt along a physics cycle,2020,physics.comp-ph,physics,Synth Physics 14
synth-0712,On the physics kernel of L1,2020,physics.comp-ph,physics,Synth Physics 15
synth-0713,Simplicial cuts for physics corpora,2020,physics.comp-ph,physics,Synth Physics 16
synth-0714,Fiedler versus Hodge on 714,2020,physics.comp-ph,physics,Synth Physics 17
synth-0715,On the physics kernel of L1,2020,physics.comp-ph,physics,Synth Physics 1
synth-0716,Discrete Hodge theory of 716,2020,physics.comp-ph,physics,Synth Physics 2
synth-0717,Boundary operators for physics claims,2020,physics.comp-ph,physics,Synth Physics 3
synth-0718,On the physics kernel of L1,2020,physics.comp-ph,physics,Synth Physics 4
synth-0719,Fiedler versus Hodge on 719,2020,physics.comp-ph,physics,Synth Physics 5
synth-0720,Spectral 720 on a physics complex,2020,physics.comp-ph,physics,Synth Physics 6
synth-0721,Harmonic chains in physics literature,2021,physics.comp-ph,physics,Synth Physics 7
synth-0722,A stacked physics note on 722,2021,physics.comp-ph,physics,Synth Physics 8
synth-0723,Harmonic chains in physics literature,2021,physics.comp-ph,physics,Synth Physics 9
synth-0724,Intellectual debt along a physics cycle,2021,physics.comp-ph,physics,Synth Physics 10
synth-0725,On the physics kernel of L1,2021,physics.comp-ph,physics,Synth Physics 11
synth-0726,Boundary operators for physics claims,2021,physics.comp-ph,physics,Synth Physics 12
synth-0727,Intellectual debt along a physics cycle,2021,physics.comp-ph,physics,Synth Physics 13
synth-0728,Intellectual debt along a physics cycle,2021,physics.comp-ph,physics,Synth Physics 14
synth-0729,Boundary operators for physics claims,2021,physics.comp-ph,physics,Synth Physics 15
synth-0730,Harmonic chains in physics literature,2021,physics.comp-ph,physics,Synth Physics 16
synth-0731,Harmonic chains in physics literature,2021,physics.comp-ph,physics,Synth Physics 17
synth-0732,A stacked physics note on 732,2021,physics.comp-ph,physics,Synth Physics 1
synth-0733,Harmonic chains in physics literature,2021,physics.comp-ph,physics,Synth Physics 2
synth-0734,Spectral 734 on a physics complex,2021,physics.comp-ph,physics,Synth Physics 3
synth-0735,Fiedler versus Hodge on 735,2021,physics.comp-ph,physics,Synth Physics 4
synth-0736,Discrete Hodge theory of 736,2021,physics.comp-ph,physics,Synth Physics 5
synth-0737,Simplicial cuts for physics corpora,2021,physics.comp-ph,physics,Synth Physics 6
synth-0738,Spectral 738 on a physics complex,2021,physics.comp-ph,physics,Synth Physics 7
synth-0739,On the physics kernel of L1,2021,physics.comp-ph,physics,Synth Physics 8
synth-0740,Intellectual debt along a physics cycle,2021,physics.comp-ph,physics,Synth Physics 9
synth-0741,Discrete Hodge theory of 741,2022,physics.comp-ph,physics,Synth Physics 10
synth-0742,Boundary operators for physics claims,2022,physics.comp-ph,physics,Synth Physics 11
synth-0743,Citation triangles in physics,2022,physics.comp-ph,physics,Synth Physics 12
synth-0744,Harmonic chains in physics literature,2022,physics.comp-ph,physics,Synth Physics 13
synth-0745,Harmonic chains in physics literature,2022,physics.comp-ph,physics,Synth Physics 14
synth-0746,On the physics kernel of L1,2022,physics.comp-ph,physics,Synth Physics 15
synth-0747,Fiedler versus Hodge on 747,2022,physics.comp-ph,physics,Synth Physics 16
synth-0748,A stacked physics note on 748,2022,physics.comp-ph,physics,Synth Physics 17
synth-0749,A stacked physics note on 749,2022,physics.comp-ph,physics,Synth Physics 1
synth-0750,Discrete Hodge theory of 750,2022,physics.comp-ph,physics,Synth Physics 2
synth-0751,Boundary operators for physics claims,2022,physics.comp-ph,physics,Synth Physics 3
synth-0752,Citation triangles in physics,2022,physics.comp-ph,physics,Synth Physics 4
synth-0753,Citation triangles in physics,2022,physics.comp-ph,physics,Synth Physics 5
synth-0754,A stacked physics note on 754,2022,physics.comp-ph,physics,Synth Physics 6
synth-0755,Fiedler versus Hodge on 755,2022,physics.comp-ph,physics,Synth Physics 7
synth-0756,Intellectual debt along a physics cycle,2022,physics.comp-ph,physics,Synth Physics 8
synth-0757,Citation triangles in physics,2022,physics.comp-ph,physics,Synth Physics 9
synth-0758,On the physics kernel of L1,2022,physics.comp-ph,physics,Synth Physics 10
synth-0759,Boundary operators for physics claims,2022,physics.comp-ph,physics,Synth Physics 11
synth-0760,Spectral 760 on a physics complex,2022,physics.comp-ph,physics,Synth Physics 12
synth-0761,Citation triangles in physics,2023,physics.comp-ph,physics,Synth Physics 13
synth-0762,Boundary operators for physics claims,2023,physics.comp-ph,physics,Synth Physics 14
synth-0763,Harmonic chains in physics literature,2023,physics.comp-ph,physics,Synth Physics 15
synth-0764,Discrete Hodge theory of 764,2023,physics.comp-ph,physics,Synth Physics 16
synth-0765,Fiedler versus Hodge on 765,2023,physics.comp-ph,physics,Synth Physics 17
synth-0766,Harmonic chains in physics literature,2023,physics.comp-ph,physics,Synth Physics 1
synth-0767,Discrete Hodge theory of 767,2023,physics.comp-ph,physics,Synth Physics 2
synth-0768,Harmonic chains in physics literature,2023,physics.comp-ph,physics,Synth Physics 3
synth-0769,A stacked physics note on 769,2023,physics.comp-ph,physics,Synth Physics 4
synth-0770,A stacked physics note on 770,2023,physics.comp-ph,physics,Synth Physics 5
synth-0771,Simplicial cuts for physics corpora,2023,physics.comp-ph,physics,Synth Physics 6
synth-0772,Boundary operators for physics claims,2023,physics.comp-ph,physics,Synth Physics 7
synth-0773,Boundary operators for physics claims,2023,physics.comp-ph,physics,Synth Physics 8
synth-0774,Citation triangles in physics,2023,physics.comp-ph,physics,Synth Physics 9
synth-0775,On the physics kernel of L1,2023,physics.comp-ph,physics,Synth Physics 10
synth-0776,Intellectual debt along a physics cycle,2023,physics.comp-ph,physics,Synth Physics 11
synth-0777,A stacked physics note on 777,2023,physics.comp-ph,physics,Synth Physics 12
synth-0778,Discrete Hodge theory of 778,2023,physics.comp-ph,physics,Synth Physics 13
synth-0779,Intellectual debt along a physics cycle,2023,physics.comp-ph,physics,Synth Physics 14
synth-0780,Spectral 780 on a physics complex,2023,physics.comp-ph,physics,Synth Physics 15
synth-0781,Boundary operators for physics claims,2024,physics.comp-ph,physics,Synth Physics 16
synth-0782,Fiedler versus Hodge on 782,2024,physics.comp-ph,physics,Synth Physics 17
synth-0783,Citation triangles in physics,2024,physics.comp-ph,physics,Synth Physics 1
synth-0784,Simplicial cuts for physics corpora,2024,physics.comp-ph,physics,Synth Physics 2
synth-0785,Boundary operators for physics claims,2024,physics.comp-ph,physics,Synth Physics 3
synth-0786,Citation triangles in physics,2024,physics.comp-ph,physics,Synth Physics 4
synth-0787,Fiedler versus Hodge on 787,2024,physics.comp-ph,physics,Synth Physics 5
synth-0788,Boundary operators for physics claims,2024,physics.comp-ph,physics,Synth Physics 6
synth-0789,A stacked physics note on 789,2024,physics.comp-ph,physics,Synth Physics 7
synth-0790,Intellectual debt along a physics cycle,2024,physics.comp-ph,physics,Synth Physics 8
synth-0791,On the physics kernel of L1,2024,physics.comp-ph,physics,Synth Physics 9
synth-0792,Discrete Hodge theory of 792,2024,physics.comp-ph,physics,Synth Physics 10
synth-0793,Intellectual debt along a physics cycle,2024,physics.comp-ph,physics,Synth Physics 11
synth-0794,Boundary operators for physics claims,2024,physics.comp-ph,physics,Synth Physics 12
synth-0795,Intellectual debt along a physics cycle,2024,physics.comp-ph,physics,Synth Physics 13
synth-0796,Boundary operators for physics claims,2024,physics.comp-ph,physics,Synth Physics 14
synth-0797,Spectral 797 on a physics complex,2024,physics.comp-ph,physics,Synth Physics 15
synth-0798,Boundary operators for physics claims,2024,physics.comp-ph,physics,Synth Physics 16
synth-0799,Harmonic chains in physics literature,2024,physics.comp-ph,physics,Synth Physics 17
synth-0800,Fiedler versus Hodge on 800,2024,physics.comp-ph,physics,Synth Physics 1
synth-0801,Discrete Hodge theory of 801,2015,q-bio.NC,qbio,Synth Qbio 2
synth-0802,Simplicial cuts for qbio corpora,2015,q-bio.NC,qbio,Synth Qbio 3
synth-0803,Simplicial cuts for qbio corpora,2015,q-bio.NC,qbio,Synth Qbio 4
synth-0804,A stacked qbio note on 804,2015,q-bio.NC,qbio,Synth Qbio 5
synth-0805,Harmonic chains in qbio literature,2015,q-bio.NC,qbio,Synth Qbio 6
synth-0806,Simplicial cuts for qbio corpora,2015,q-bio.NC,qbio,Synth Qbio 7
synth-0807,Intellectual debt along a qbio cycle,2015,q-bio.NC,qbio,Synth Qbio 8
synth-0808,Citation triangles in qbio,2015,q-bio.NC,qbio,Synth Qbio 9
synth-0809,Intellectual debt along a qbio cycle,2015,q-bio.NC,qbio,Synth Qbio 10
synth-0810,Boundary operators for qbio claims,2015,q-bio.NC,qbio,Synth Qbio 11
synth-0811,Intellectual debt along a qbio cycle,2015,q-bio.NC,qbio,Synth Qbio 12
synth-0812,Discrete Hodge theory of 812,2015,q-bio.NC,qbio,Synth Qbio 13
synth-0813,Intellectual debt along a qbio cycle,2015,q-bio.NC,qbio,Synth Qbio 14
synth-0814,Intellectual debt along a qbio cycle,2015,q-bio.NC,qbio,Synth Qbio 15
synth-0815,Simplicial cuts for qbio corpora,2015,q-bio.NC,qbio,Synth Qbio 16
synth-0816,A stacked qbio note on 816,2015,q-bio.NC,qbio,Synth Qbio 17
synth-0817,Boundary operators for qbio claims,2015,q-bio.NC,qbio,Synth Qbio 1
synth-0818,Intellectual debt along a qbio cycle,2015,q-bio.NC,qbio,Synth Qbio 2
synth-0819,Harmonic chains in qbio literature,2015,q-bio.NC,qbio,Synth Qbio 3
synth-0820,Harmonic chains in qbio literature,2015,q-bio.NC,qbio,Synth Qbio 4
synth-0821,Fiedler versus Hodge on 821,2016,q-bio.NC,qbio,Synth Qbio 5
synth-0822,A stacked qbio note on 822,2016,q-bio.NC,qbio,Synth Qbio 6
synth-0823,Intellectual debt along a qbio cycle,2016,q-bio.NC,qbio,Synth Qbio 7
synth-0824,Citation triangles in qbio,2016,q-bio.NC,qbio,Synth Qbio 8
synth-0825,On the qbio kernel of L1,2016,q-bio.NC,qbio,Synth Qbio 9
synth-0826,Boundary operators for qbio claims,2016,q-bio.NC,qbio,Synth Qbio 10
synth-0827,Fiedler versus Hodge on 827,2016,q-bio.NC,qbio,Synth Qbio 11
synth-0828,A stacked qbio note on 828,2016,q-bio.NC,qbio,Synth Qbio 12
synth-0829,On the qbio kernel of L1,2016,q-bio.NC,qbio,Synth Qbio 13
synth-0830,A stacked qbio note on 830,2016,q-bio.NC,qbio,Synth Qbio 14
synth-0831,Fiedler versus Hodge on 831,2016,q-bio.NC,qbio,Synth Qbio 15
synth-0832,Intellectual debt along a qbio cycle,2016,q-bio.NC,qbio,Synth Qbio 16
synth-0833,Spectral 833 on a qbio complex,2016,q-bio.NC,qbio,Synth Qbio 17
synth-0834,On the qbio kernel of L1,2016,q-bio.NC,qbio,Synth Qbio 1
synth-0835,Harmonic chains in qbio literature,2016,q-bio.NC,qbio,Synth Qbio 2
synth-0836,Harmonic chains in qbio literature,2016,q-bio.NC,qbio,Synth Qbio 3
synth-0837,Fiedler versus Hodge on 837,2016,q-bio.NC,qbio,Synth Qbio 4
synth-0838,Boundary operators for qbio claims,2016,q-bio.NC,qbio,Synth Qbio 5
synth-0839,Fiedler versus Hodge on 839,2016,q-bio.NC,qbio,Synth Qbio 6
synth-0840,On the qbio kernel of L1,2016,q-bio.NC,qbio,Synth Qbio 7
synth-0841,Boundary operators for qbio claims,2017,q-bio.NC,qbio,Synth Qbio 8
synth-0842,Spectral 842 on a qbio complex,2017,q-bio.NC,qbio,Synth Qbio 9
synth-0843,A stacked qbio note on 843,2017,q-bio.NC,qbio,Synth Qbio 10
synth-0844,Discrete Hodge theory of 844,2017,q-bio.NC,qbio,Synth Qbio 11
synth-0845,Harmonic chains in qbio literature,2017,q-bio.NC,qbio,Synth Qbio 12
synth-0846,Boundary operators for qbio claims,2017,q-bio.NC,qbio,Synth Qbio 13
synth-0847,Simplicial cuts for qbio corpora,2017,q-bio.NC,qbio,Synth Qbio 14
synth-0848,Intellectual debt along a qbio cycle,2017,q-bio.NC,qbio,Synth Qbio 15
synth-0849,Citation triangles in qbio,2017,q-bio.NC,qbio,Synth Qbio 16
synth-0850,Harmonic chains in qbio literature,2017,q-bio.NC,qbio,Synth Qbio 17
synth-0851,Simplicial cuts for qbio corpora,2017,q-bio.NC,qbio,Synth Qbio 1
synth-0852,Intellectual debt along a qbio cycle,2017,q-bio.NC,qbio,Synth Qbio 2
synth-0853,Simplicial cuts for qbio corpora,2017,q-bio.NC,qbio,Synth Qbio 3
synth-0854,A stacked qbio note on 854,2017,q-bio.NC,qbio,Synth Qbio 4
synth-0855,A stacked qbio note on 855,2017,q-bio.NC,qbio,Synth Qbio 5
synth-0856,On the qbio kernel of L1,2017,q-bio.NC,qbio,Synth Qbio 6
synth-0857,Simplicial cuts for qbio corpora,2017,q-bio.NC,qbio,Synth Qbio 7
synth-0858,Citation triangles in qbio,2017,q-bio.NC,qbio,Synth Qbio 8
synth-0859,On the qbio kernel of L1,2017,q-bio.NC,qbio,Synth Qbio 9
synth-0860,Spectral 860 on a qbio complex,2017,q-bio.NC,qbio,Synth Qbio 10
synth-0861,Harmonic chains in qbio literature,2018,q-bio.NC,qbio,Synth Qbio 11
synth-0862,On the qbio kernel of L1,2018,q-bio.NC,qbio,Synth Qbio 12
synth-0863,On the qbio kernel of L1,2018,q-bio.NC,qbio,Synth Qbio 13
synth-0864,Harmonic chains in qbio literature,2018,q-bio.NC,qbio,Synth Qbio 14
synth-0865,Fiedler versus Hodge on 865,2018,q-bio.NC,qbio,Synth Qbio 15
synth-0866,Boundary operators for qbio claims,2018,q-bio.NC,qbio,Synth Qbio 16
synth-0867,Harmonic chains in qbio literature,2018,q-bio.NC,qbio,Synth Qbio 17
synth-0868,Simplicial cuts for qbio corpora,2018,q-bio.NC,qbio,Synth Qbio 1
synth-0869,On the qbio kernel of L1,2018,q-bio.NC,qbio,Synth Qbio 2
synth-0870,Spectral 870 on a qbio complex,2018,q-bio.NC,qbio,Synth Qbio 3
synth-0871,Intellectual debt along a qbio cycle,2018,q-bio.NC,qbio,Synth Qbio 4
synth-0872,Spectral 872 on a qbio complex,2018,q-bio.NC,qbio,Synth Qbio 5
synth-0873,Simplicial cuts for qbio corpora,2018,q-bio.NC,qbio,Synth Qbio 6
synth-0874,On the qbio kernel of L1,2018,q-bio.NC,qbio,Synth Qbio 7
synth-0875,On the qbio kernel of L1,2018,q-bio.NC,qbio,Synth Qbio 8
synth-0876,Harmonic chains in qbio literature,2018,q-bio.NC,qbio,Synth Qbio 9
synth-0877,Citation triangles in qbio,2018,q-bio.NC,qbio,Synth Qbio 10
synth-0878,Spectral 878 on a qbio complex,2018,q-bio.NC,qbio,Synth Qbio 11
synth-0879,Discrete Hodge theory of 879,2018,q-bio.NC,qbio,Synth Qbio 12
synth-0880,Intellectual debt along a qbio cycle,2018,q-bio.NC,qbio,Synth Qbio 13
synth-0881,A stacked qbio note on 881,2019,q-bio.NC,qbio,Synth Qbio 14
synth-0882,Harmonic chains in qbio literature,2019,q-bio.NC,qbio,Synth Qbio 15
synth-0883,Boundary operators for qbio claims,2019,q-bio.NC,qbio,Synth Qbio 16
synth-0884,Discrete Hodge theory of 884,2019,q-bio.NC,qbio,Synth Qbio 17
synth-0885,Boundary operators for qbio claims,2019,q-bio.NC,qbio,Synth Qbio 1
synth-0886,Fiedler versus Hodge on 886,2019,q-bio.NC,qbio,Synth Qbio 2
synth-0887,On the qbio kernel of L1,2019,q-bio.NC,qbio,Synth Qbio 3
synth-0888,Simplicial cuts for qbio corpora,2019,q-bio.NC,qbio,Synth Qbio 4
synth-0889,A stacked qbio note on 889,2019,q-bio.NC,qbio,Synth Qbio 5
synth-0890,Fiedler versus Hodge on 890,2019,q-bio.NC,qbio,Synth Qbio 6
synth-0891,Discrete Hodge theory of 891,2019,q-bio.NC,qbio,Synth Qbio 7
synth-0892,On the qbio kernel of L1,2019,q-bio.NC,qbio,Synth Qbio 8
synth-0893,A stacked qbio note on 893,2019,q-bio.NC,qbio,Synth Qbio 9
synth-0894,Citation triangles in qbio,2019,q-bio.NC,qbio,Synth Qbio 10
synth-0895,Intellectual debt along a qbio cycle,2019,q-bio.NC,qbio,Synth Qbio 11
synth-0896,Citation triangles in qbio,2019,q-bio.NC,qbio,Synth Qbio 12
synth-0897,Intellectual debt along a qbio cycle,2019,q-bio.NC,qbio,Synth Qbio 13
synth-0898,Simplicial cuts for qbio corpora,2019,q-bio.NC,qbio,Synth Qbio 14
synth-0899,A stacked qbio note on 899,2019,q-bio.NC,qbio,Synth Qbio 15
synth-0900,Fiedler versus Hodge on 900,2019,q-bio.NC,qbio,Synth Qbio 16
synth-0901,Intellectual debt along a qbio cycle,2020,q-bio.NC,qbio,Synth Qbio 17
synth-0902,Harmonic chains in qbio literature,2020,q-bio.NC,qbio,Synth Qbio 1
synth-0903,A stacked qbio note on 903,2020,q-bio.NC,qbio,Synth Qbio 2
synth-0904,Spectral 904 on a qbio complex,2020,q-bio.NC,qbio,Synth Qbio 3
synth-0905,Harmonic chains in qbio literature,2020,q-bio.NC,qbio,Synth Qbio 4
synth-0906,Discrete Hodge theory of 906,2020,q-bio.NC,qbio,Synth Qbio 5
synth-0907,Citation triangles in qbio,2020,q-bio.NC,qbio,Synth Qbio 6
synth-0908,Boundary operators for qbio claims,2020,q-bio.NC,qbio,Synth Qbio 7
synth-0909,Simplicial cuts for qbio corpora,2020,q-bio.NC,qbio,Synth Qbio 8
synth-0910,On the qbio kernel of L1,2020,q-bio.NC,qbio,Synth Qbio 9
synth-0911,Simplicial cuts for qbio corpora,2020,q-bio.NC,qbio,Synth Qbio 10
synth-0912,Boundary operators for qbio claims,2020,q-bio.NC,qbio,Synth Qbio 11
synth-0913,On the qbio kernel of L1,2020,q-bio.NC,qbio,Synth Qbio 12
synth-0914,A stacked qbio note on 914,2020,q-bio.NC,qbio,Synth Qbio 13
synth-0915,Harmonic chains in qbio literature,2020,q-bio.NC,qbio,Synth Qbio 14
synth-0916,Intellectual debt along a qbio cycle,2020,q-bio.NC,qbio,Synth Qbio 15
synth-0917,Discrete Hodge theory of 917,2020,q-bio.NC,qbio,Synth Qbio 16
synth-0918,Fiedler versus Hodge on 918,2020,q-bio.NC,qbio,Synth Qbio 17
synth-0919,A stacked qbio note on 919,2020,q-bio.NC,qbio,Synth Qbio 1
synth-0920,Harmonic chains in qbio literature,2020,q-bio.NC,qbio,Synth Qbio 2
synth-0921,Fiedler versus Hodge on 921,2021,q-bio.NC,qbio,Synth Qbio 3
synth-0922,Boundary operators for qbio claims,2021,q-bio.NC,qbio,Synth Qbio 4
synth-0923,Boundary operators for qbio claims,2021,q-bio.NC,qbio,Synth Qbio 5
synth-0924,A stacked qbio note on 924,2021,q-bio.NC,qbio,Synth Qbio 6
synth-0925,Simplicial cuts for qbio corpora,2021,q-bio.NC,qbio,Synth Qbio 7
synth-0926,Boundary operators for qbio claims,2021,q-bio.NC,qbio,Synth Qbio 8
synth-0927,A stacked qbio note on 927,2021,q-bio.NC,qbio,Synth Qbio 9
synth-0928,Fiedler versus Hodge on 928,2021,q-bio.NC,qbio,Synth Qbio 10
synth-0929,A stacked qbio note on 929,2021,q-bio.NC,qbio,Synth Qbio 11
synth-0930,A stacked qbio note on 930,2021,q-bio.NC,qbio,Synth Qbio 12
synth-0931,A stacked qbio note on 931,2021,q-bio.NC,qbio,Synth Qbio 13
synth-0932,Discrete Hodge theory of 932,2021,q-bio.NC,qbio,Synth Qbio 14
synth-0933,Boundary operators for qbio claims,2021,q-bio.NC,qbio,Synth Qbio 15
synth-0934,Boundary operators for qbio claims,2021,q-bio.NC,qbio,Synth Qbio 16
synth-0935,Fiedler versus Hodge on 935,2021,q-bio.NC,qbio,Synth Qbio 17
synth-0936,Discrete Hodge theory of 936,2021,q-bio.NC,qbio,Synth Qbio 1
synth-0937,On the qbio kernel of L1,2021,q-bio.NC,qbio,Synth Qbio 2
synth-0938,A stacked qbio note on 938,2021,q-bio.NC,qbio,Synth Qbio 3
synth-0939,Boundary operators for qbio claims,2021,q-bio.NC,qbio,Synth Qbio 4
synth-0940,Discrete Hodge theory of 940,2021,q-bio.NC,qbio,Synth Qbio 5
synth-0941,A stacked qbio note on 941,2022,q-bio.NC,qbio,Synth Qbio 6
synth-0942,Boundary operators for qbio claims,2022,q-bio.NC,qbio,Synth Qbio 7
synth-0943,Simplicial cuts for qbio corpora,2022,q-bio.NC,qbio,Synth Qbio 8
synth-0944,On the qbio kernel of L1,2022,q-bio.NC,qbio,Synth Qbio 9
synth-0945,Spectral 945 on a qbio complex,2022,q-bio.NC,qbio,Synth Qbio 10
synth-0946,Boundary operators for qbio claims,2022,q-bio.NC,qbio,Synth Qbio 11
synth-0947,Harmonic chains in qbio literature,2022,q-bio.NC,qbio,Synth Qbio 12
synth-0948,Fiedler versus Hodge on 948,2022,q-bio.NC,qbio,Synth Qbio 13
synth-0949,Simplicial cuts for qbio corpora,2022,q-bio.NC,qbio,Synth Qbio 14
synth-0950,A stacked qbio note on 950,2022,q-bio.NC,qbio,Synth Qbio 15
synth-0951,On the qbio kernel of L1,2022,q-bio.NC,qbio,Synth Qbio 16
synth-0952,Citation triangles in qbio,2022,q-bio.NC,qbio,Synth Qbio 17
synth-0953,Fiedler versus Hodge on 953,2022,q-bio.NC,qbio,Synth Qbio 1
synth-0954,On the qbio kernel of L1,2022,q-bio.NC,qbio,Synth Qbio 2
synth-0955,On the qbio kernel of L1,2022,q-bio.NC,qbio,Synth Qbio 3
synth-0956,Discrete Hodge theory of 956,2022,q-bio.NC,qbio,Synth Qbio 4
synth-0957,Citation triangles in qbio,2022,q-bio.NC,qbio,Synth Qbio 5
synth-0958,Simplicial cuts for qbio corpora,2022,q-bio.NC,qbio,Synth Qbio 6
synth-0959,Fiedler versus Hodge on 959,2022,q-bio.NC,qbio,Synth Qbio 7
synth-0960,Simplicial cuts for qbio corpora,2022,q-bio.NC,qbio,Synth Qbio 8
synth-0961,Fiedler versus Hodge on 961,2023,q-bio.NC,qbio,Synth Qbio 9
synth-0962,Harmonic chains in qbio literature,2023,q-bio.NC,qbio,Synth Qbio 10
synth-0963,Discrete Hodge theory of 963,2023,q-bio.NC,qbio,Synth Qbio 11
synth-0964,A stacked qbio note on 964,2023,q-bio.NC,qbio,Synth Qbio 12
synth-0965,Citation triangles in qbio,2023,q-bio.NC,qbio,Synth Qbio 13
synth-0966,Harmonic chains in qbio literature,2023,q-bio.NC,qbio,Synth Qbio 14
synth-0967,Spectral 967 on a qbio complex,2023,q-bio.NC,qbio,Synth Qbio 15
synth-0968,Boundary operators for qbio claims,2023,q-bio.NC,qbio,Synth Qbio 16
synth-0969,Intellectual debt along a qbio cycle,2023,q-bio.NC,qbio,Synth Qbio 17
synth-0970,Citation triangles in qbio,2023,q-bio.NC,qbio,Synth Qbio 1
synth-0971,Discrete Hodge theory of 971,2023,q-bio.NC,qbio,Synth Qbio 2
synth-0972,On the qbio kernel of L1,2023,q-bio.NC,qbio,Synth Qbio 3
synth-0973,Simplicial cuts for qbio corpora,2023,q-bio.NC,qbio,Synth Qbio 4
synth-0974,Simplicial cuts for qbio corpora,2023,q-bio.NC,qbio,Synth Qbio 5
synth-0975,Simplicial cuts for qbio corpora,2023,q-bio.NC,qbio,Synth Qbio 6
synth-0976,Fiedler versus Hodge on 976,2023,q-bio.NC,qbio,Synth Qbio 7
synth-0977,Harmonic chains in qbio literature,2023,q-bio.NC,qbio,Synth Qbio 8
synth-0978,Citation triangles in qbio,2023,q-bio.NC,qbio,Synth Qbio 9
synth-0979,Citation triangles in qbio,2023,q-bio.NC,qbio,Synth Qbio 10
synth-0980,Fiedler versus Hodge on 980,2023,q-bio.NC,qbio,Synth Qbio 11
synth-0981,Harmonic chains in qbio literature,2024,q-bio.NC,qbio,Synth Qbio 12
synth-0982,A stacked qbio note on 982,2024,q-bio.NC,qbio,Synth Qbio 13
synth-0983,Harmonic chains in qbio literature,2024,q-bio.NC,qbio,Synth Qbio 14
synth-0984,Boundary operators for qbio claims,2024,q-bio.NC,qbio,Synth Qbio 15
synth-0985,On the qbio kernel of L1,2024,q-bio.NC,qbio,Synth Qbio 16
synth-0986,On the qbio kernel of L1,2024,q-bio.NC,qbio,Synth Qbio 17
synth-0987,Boundary operators for qbio claims,2024,q-bio.NC,qbio,Synth Qbio 1
synth-0988,Simplicial cuts for qbio corpora,2024,q-bio.NC,qbio,Synth Qbio 2
synth-0989,Spectral 989 on a qbio complex,2024,q-bio.NC,qbio,Synth Qbio 3
synth-0990,Harmonic chains in qbio literature,2024,q-bio.NC,qbio,Synth Qbio 4
synth-0991,Discrete Hodge theory of 991,2024,q-bio.NC,qbio,Synth Qbio 5
synth-0992,Boundary operators for qbio claims,2024,q-bio.NC,qbio,Synth Qbio 6
synth-0993,Discrete Hodge theory of 993,2024,q-bio.NC,qbio,Synth Qbio 7
synth-0994,Harmonic chains in qbio literature,2024,q-bio.NC,qbio,Synth Qbio 8
synth-0995,On the qbio kernel of L1,2024,q-bio.NC,qbio,Synth Qbio 9
synth-0996,Intellectual debt along a qbio cycle,2024,q-bio.NC,qbio,Synth Qbio 10
synth-0997,Simplicial cuts for qbio corpora,2024,q-bio.NC,qbio,Synth Qbio 11
synth-0998,Citation triangles in qbio,2024,q-bio.NC,qbio,Synth Qbio 12
synth-0999,Boundary operators for qbio claims,2024,q-bio.NC,qbio,Synth Qbio 13
synth-1000,Discrete Hodge theory of 1000,2024,q-bio.NC,qbio,Synth Qbio 14
synth-1001,A stacked eess note on 1001,2015,eess.SP,eess,Synth Eess 15
synth-1002,Intellectual debt along a eess cycle,2015,eess.SP,eess,Synth Eess 16
synth-1003,Discrete Hodge theory of 1003,2015,eess.SP,eess,Synth Eess 17
synth-1004,Fiedler versus Hodge on 1004,2015,eess.SP,eess,Synth Eess 1
synth-1005,Boundary operators for eess claims,2015,eess.SP,eess,Synth Eess 2
synth-1006,On the eess kernel of L1,2015,eess.SP,eess,Synth Eess 3
synth-1007,Intellectual debt along a eess cycle,2015,eess.SP,eess,Synth Eess 4
synth-1008,Intellectual debt along a eess cycle,2015,eess.SP,eess,Synth Eess 5
synth-1009,On the eess kernel of L1,2015,eess.SP,eess,Synth Eess 6
synth-1010,Discrete Hodge theory of 1010,2015,eess.SP,eess,Synth Eess 7
synth-1011,A stacked eess note on 1011,2015,eess.SP,eess,Synth Eess 8
synth-1012,Intellectual debt along a eess cycle,2015,eess.SP,eess,Synth Eess 9
synth-1013,Harmonic chains in eess literature,2015,eess.SP,eess,Synth Eess 10
synth-1014,Fiedler versus Hodge on 1014,2015,eess.SP,eess,Synth Eess 11
synth-1015,Spectral 1015 on a eess complex,2015,eess.SP,eess,Synth Eess 12
synth-1016,On the eess kernel of L1,2015,eess.SP,eess,Synth Eess 13
synth-1017,Boundary operators for eess claims,2015,eess.SP,eess,Synth Eess 14
synth-1018,Boundary operators for eess claims,2015,eess.SP,eess,Synth Eess 15
synth-1019,Harmonic chains in eess literature,2015,eess.SP,eess,Synth Eess 16
synth-1020,Citation triangles in eess,2015,eess.SP,eess,Synth Eess 17
synth-1021,Discrete Hodge theory of 1021,2016,eess.SP,eess,Synth Eess 1
synth-1022,Fiedler versus Hodge on 1022,2016,eess.SP,eess,Synth Eess 2
synth-1023,Intellectual debt along a eess cycle,2016,eess.SP,eess,Synth Eess 3
synth-1024,Harmonic chains in eess literature,2016,eess.SP,eess,Synth Eess 4
synth-1025,Fiedler versus Hodge on 1025,2016,eess.SP,eess,Synth Eess 5
synth-1026,Harmonic chains in eess literature,2016,eess.SP,eess,Synth Eess 6
synth-1027,Spectral 1027 on a eess complex,2016,eess.SP,eess,Synth Eess 7
synth-1028,A stacked eess note on 1028,2016,eess.SP,eess,Synth Eess 8
synth-1029,On the eess kernel of L1,2016,eess.SP,eess,Synth Eess 9
synth-1030,Harmonic chains in eess literature,2016,eess.SP,eess,Synth Eess 10
synth-1031,Boundary operators for eess claims,2016,eess.SP,eess,Synth Eess 11
synth-1032,Citation triangles in eess,2016,eess.SP,eess,Synth Eess 12
synth-1033,Spectral 1033 on a eess complex,2016,eess.SP,eess,Synth Eess 13
synth-1034,Spectral 1034 on a eess complex,2016,eess.SP,eess,Synth Eess 14
synth-1035,Boundary operators for eess claims,2016,eess.SP,eess,Synth Eess 15
synth-1036,A stacked eess note on 1036,2016,eess.SP,eess,Synth Eess 16
synth-1037,Fiedler versus Hodge on 1037,2016,eess.SP,eess,Synth Eess 17
synth-1038,A stacked eess note on 1038,2016,eess.SP,eess,Synth Eess 1
synth-1039,On the eess kernel of L1,2016,eess.SP,eess,Synth Eess 2
synth-1040,Boundary operators for eess claims,2016,eess.SP,eess,Synth Eess 3
synth-1041,Harmonic chains in eess literature,2017,eess.SP,eess,Synth Eess 4
synth-1042,On the eess kernel of L1,2017,eess.SP,eess,Synth Eess 5
synth-1043,Boundary operators for eess claims,2017,eess.SP,eess,Synth Eess 6
synth-1044,Fiedler versus Hodge on 1044,2017,eess.SP,eess,Synth Eess 7
synth-1045,Citation triangles in eess,2017,eess.SP,eess,Synth Eess 8
synth-1046,Simplicial cuts for eess corpora,2017,eess.SP,eess,Synth Eess 9
synth-1047,Intellectual debt along a eess cycle,2017,eess.SP,eess,Synth Eess 10
synth-1048,Citation triangles in eess,2017,eess.SP,eess,Synth Eess 11
synth-1049,A stacked eess note on 1049,2017,eess.SP,eess,Synth Eess 12
synth-1050,Intellectual debt along a eess cycle,2017,eess.SP,eess,Synth Eess 13
synth-1051,Discrete Hodge theory of 1051,2017,eess.SP,eess,Synth Eess 14
synth-1052,Fiedler versus Hodge on 1052,2017,eess.SP,eess,Synth Eess 15
synth-1053,Harmonic chains in eess literature,2017,eess.SP,eess,Synth Eess 16
synth-1054,Citation triangles in eess,2017,eess.SP,eess,Synth Eess 17
synth-1055,Spectral 1055 on a eess complex,2017,eess.SP,eess,Synth Eess 1
synth-1056,Boundary operators for eess claims,2017,eess.SP,eess,Synth Eess 2
synth-1057,A stacked eess note on 1057,2017,eess.SP,eess,Synth Eess 3
synth-1058,On the eess kernel of L1,2017,eess.SP,eess,Synth Eess 4
synth-1059,Citation triangles in eess,2017,eess.SP,eess,Synth Eess 5
synth-1060,On the eess kernel of L1,2017,eess.SP,eess,Synth Eess 6
synth-1061,Intellectual debt along a eess cycle,2018,eess.SP,eess,Synth Eess 7
synth-1062,Discrete Hodge theory of 1062,2018,eess.SP,eess,Synth Eess 8
synth-1063,Citation triangles in eess,2018,eess.SP,eess,Synth Eess 9
synth-1064,Intellectual debt along a eess cycle,2018,eess.SP,eess,Synth Eess 10
synth-1065,A stacked eess note on 1065,2018,eess.SP,eess,Synth Eess 11
synth-1066,Boundary operators for eess claims,2018,eess.SP,eess,Synth Eess 12
synth-1067,Simplicial cuts for eess corpora,2018,eess.SP,eess,Synth Eess 13
synth-1068,On the eess kernel of L1,2018,eess.SP,eess,Synth Eess 14
synth-1069,Fiedler versus Hodge on 1069,2018,eess.SP,eess,Synth Eess 15
synth-1070,Intellectual debt along a eess cycle,2018,eess.SP,eess,Synth Eess 16
synth-1071,Harmonic chains in eess literature,2018,eess.SP,eess,Synth Eess 17
synth-1072,Intellectual debt along a eess cycle,2018,eess.SP,eess,Synth Eess 1
synth-1073,Discrete Hodge theory of 1073,2018,eess.SP,eess,Synth Eess 2
synth-1074,On the eess kernel of L1,2018,eess.SP,eess,Synth Eess 3
synth-1075,Fiedler versus Hodge on 1075,2018,eess.SP,eess,Synth Eess 4
synth-1076,Harmonic chains in eess literature,2018,eess.SP,eess,Synth Eess 5
synth-1077,A stacked eess note on 1077,2018,eess.SP,eess,Synth Eess 6
synth-1078,Discrete Hodge theory of 1078,2018,eess.SP,eess,Synth Eess 7
synth-1079,Discrete Hodge theory of 1079,2018,eess.SP,eess,Synth Eess 8
synth-1080,Boundary operators for eess claims,2018,eess.SP,eess,Synth Eess 9
synth-1081,Simplicial cuts for eess corpora,2019,eess.SP,eess,Synth Eess 10
synth-1082,Discrete Hodge theory of 1082,2019,eess.SP,eess,Synth Eess 11
synth-1083,Fiedler versus Hodge on 1083,2019,eess.SP,eess,Synth Eess 12
synth-1084,Intellectual debt along a eess cycle,2019,eess.SP,eess,Synth Eess 13
synth-1085,Spectral 1085 on a eess complex,2019,eess.SP,eess,Synth Eess 14
synth-1086,Discrete Hodge theory of 1086,2019,eess.SP,eess,Synth Eess 15
synth-1087,Fiedler versus Hodge on 1087,2019,eess.SP,eess,Synth Eess 16
synth-1088,Discrete Hodge theory of 1088,2019,eess.SP,eess,Synth Eess 17
synth-1089,Intellectual debt along a eess cycle,2019,eess.SP,eess,Synth Eess 1
synth-1090,Harmonic chains in eess literature,2019,eess.SP,eess,Synth Eess 2
synth-1091,On the eess kernel of L1,2019,eess.SP,eess,Synth Eess 3
synth-1092,Boundary operators for eess claims,2019,eess.SP,eess,Synth Eess 4
synth-1093,Boundary operators for eess claims,2019,eess.SP,eess,Synth Eess 5
synth-1094,Fiedler versus Hodge on 1094,2019,eess.SP,eess,Synth Eess 6
synth-1095,Boundary operators for eess claims,2019,eess.SP,eess,Synth Eess 7
synth-1096,Simplicial cuts for eess corpora,2019,eess.SP,eess,Synth Eess 8
synth-1097,Fiedler versus Hodge on 1097,2019,eess.SP,eess,Synth Eess 9
synth-1098,Harmonic chains in eess literature,2019,eess.SP,eess,Synth Eess 10
synth-1099,Fiedler versus Hodge on 1099,2019,eess.SP,eess,Synth Eess 11
synth-1100,Spectral 1100 on a eess complex,2019,eess.SP,eess,Synth Eess 12
synth-1101,Simplicial cuts for eess corpora,2020,eess.SP,eess,Synth Eess 13
synth-1102,A stacked eess note on 1102,2020,eess.SP,eess,Synth Eess 14
synth-1103,Boundary operators for eess claims,2020,eess.SP,eess,Synth Eess 15
synth-1104,Harmonic chains in eess literature,2020,eess.SP,eess,Synth Eess 16
synth-1105,On the eess kernel of L1,2020,eess.SP,eess,Synth Eess 17
synth-1106,Fiedler versus Hodge on 1106,2020,eess.SP,eess,Synth Eess 1
synth-1107,Intellectual debt along a eess cycle,2020,eess.SP,eess,Synth Eess 2
synth-1108,Intellectual debt along a eess cycle,2020,eess.SP,eess,Synth Eess 3
synth-1109,Fiedler versus Hodge on 1109,2020,eess.SP,eess,Synth Eess 4
synth-1110,Harmonic chains in eess literature,2020,eess.SP,eess,Synth Eess 5
synth-1111,Harmonic chains in eess literature,2020,eess.SP,eess,Synth Eess 6
synth-1112,Harmonic chains in eess literature,2020,eess.SP,eess,Synth Eess 7
synth-1113,On the eess kernel of L1,2020,eess.SP,eess,Synth Eess 8
synth-1114,Intellectual debt along a eess cycle,2020,eess.SP,eess,Synth Eess 9
synth-1115,Spectral 1115 on a eess complex,2020,eess.SP,eess,Synth Eess 10
synth-1116,Harmonic chains in eess literature,2020,eess.SP,eess,Synth Eess 11
synth-1117,Simplicial cuts for eess corpora,2020,eess.SP,eess,Synth Eess 12
synth-1118,On the eess kernel of L1,2020,eess.SP,eess,Synth Eess 13
synth-1119,Discrete Hodge theory of 1119,2020,eess.SP,eess,Synth Eess 14
synth-1120,On the eess kernel of L1,2020,eess.SP,eess,Synth Eess 15
synth-1121,Discrete Hodge theory of 1121,2021,eess.SP,eess,Synth Eess 16
synth-1122,Harmonic chains in eess literature,2021,eess.SP,eess,Synth Eess 17
synth-1123,Boundary operators for eess claims,2021,eess.SP,eess,Synth Eess 1
synth-1124,Boundary operators for eess claims,2021,eess.SP,eess,Synth Eess 2
synth-1125,Discrete Hodge theory of 1125,2021,eess.SP,eess,Synth Eess 3
synth-1126,Citation triangles in eess,2021,eess.SP,eess,Synth Eess 4
synth-1127,Discrete Hodge theory of 1127,2021,eess.SP,eess,Synth Eess 5
synth-1128,Simplicial cuts for eess corpora,2021,eess.SP,eess,Synth Eess 6
synth-1129,On the eess kernel of L1,2021,eess.SP,eess,Synth Eess 7
synth-1130,Harmonic chains in eess literature,2021,eess.SP,eess,Synth Eess 8
synth-1131,Citation triangles in eess,2021,eess.SP,eess,Synth Eess 9
synth-1132,Simplicial cuts for eess corpora,2021,eess.SP,eess,Synth Eess 10
synth-1133,On the eess kernel of L1,2021,eess.SP,eess,Synth Eess 11
synth-1134,Simplicial cuts for eess corpora,2021,eess.SP,eess,Synth Eess 12
synth-1135,Simplicial cuts for eess corpora,2021,eess.SP,eess,Synth Eess 13
synth-1136,Intellectual debt along a eess cycle,2021,eess.SP,eess,Synth Eess 14
synth-1137,Citation triangles in eess,2021,eess.SP,eess,Synth Eess 15
synth-1138,Harmonic chains in eess literature,2021,eess.SP,eess,Synth Eess 16
synth-1139,Harmonic chains in eess literature,2021,eess.SP,eess,Synth Eess 17
synth-1140,Intellectual debt along a eess cycle,2021,eess.SP,eess,Synth Eess 1
synth-1141,Discrete Hodge theory of 1141,2022,eess.SP,eess,Synth Eess 2
synth-1142,Citation triangles in eess,2022,eess.SP,eess,Synth Eess 3
synth-1143,Intellectual debt along a eess cycle,2022,eess.SP,eess,Synth Eess 4
synth-1144,Spectral 1144 on a eess complex,2022,eess.SP,eess,Synth Eess 5
synth-1145,On the eess kernel of L1,2022,eess.SP,eess,Synth Eess 6
synth-1146,Simplicial cuts for eess corpora,2022,eess.SP,eess,Synth Eess 7
synth-1147,Simplicial cuts for eess corpora,2022,eess.SP,eess,Synth Eess 8
synth-1148,Discrete Hodge theory of 1148,2022,eess.SP,eess,Synth Eess 9
synth-1149,Discrete Hodge theory of 1149,2022,eess.SP,eess,Synth Eess 10
synth-1150,Intellectual debt along a eess cycle,2022,eess.SP,eess,Synth Eess 11
synth-1151,Harmonic chains in eess literature,2022,eess.SP,eess,Synth Eess 12
synth-1152,On the eess kernel of L1,2022,eess.SP,eess,Synth Eess 13
synth-1153,Boundary operators for eess claims,2022,eess.SP,eess,Synth Eess 14
synth-1154,Intellectual debt along a eess cycle,2022,eess.SP,eess,Synth Eess 15
synth-1155,Discrete Hodge theory of 1155,2022,eess.SP,eess,Synth Eess 16
synth-1156,Citation triangles in eess,2022,eess.SP,eess,Synth Eess 17
synth-1157,Fiedler versus Hodge on 1157,2022,eess.SP,eess,Synth Eess 1
synth-1158,Fiedler versus Hodge on 1158,2022,eess.SP,eess,Synth Eess 2
synth-1159,On the eess kernel of L1,2022,eess.SP,eess,Synth Eess 3
synth-1160,Citation triangles in eess,2022,eess.SP,eess,Synth Eess 4
synth-1161,Citation triangles in eess,2023,eess.SP,eess,Synth Eess 5
synth-1162,Citation triangles in eess,2023,eess.SP,eess,Synth Eess 6
synth-1163,On the eess kernel of L1,2023,eess.SP,eess,Synth Eess 7
synth-1164,Spectral 1164 on a eess complex,2023,eess.SP,eess,Synth Eess 8
synth-1165,A stacked eess note on 1165,2023,eess.SP,eess,Synth Eess 9
synth-1166,Citation triangles in eess,2023,eess.SP,eess,Synth Eess 10
synth-1167,Intellectual debt along a eess cycle,2023,eess.SP,eess,Synth Eess 11
synth-1168,Fiedler versus Hodge on 1168,2023,eess.SP,eess,Synth Eess 12
synth-1169,Spectral 1169 on a eess complex,2023,eess.SP,eess,Synth Eess 13
synth-1170,Intellectual debt along a eess cycle,2023,eess.SP,eess,Synth Eess 14
synth-1171,Simplicial cuts for eess corpora,2023,eess.SP,eess,Synth Eess 15
synth-1172,Simplicial cuts for eess corpora,2023,eess.SP,eess,Synth Eess 16
synth-1173,Spectral 1173 on a eess complex,2023,eess.SP,eess,Synth Eess 17
synth-1174,Harmonic chains in eess literature,2023,eess.SP,eess,Synth Eess 1
synth-1175,A stacked eess note on 1175,2023,eess.SP,eess,Synth Eess 2
synth-1176,Spectral 1176 on a eess complex,2023,eess.SP,eess,Synth Eess 3
synth-1177,Discrete Hodge theory of 1177,2023,eess.SP,eess,Synth Eess 4
synth-1178,Intellectual debt along a eess cycle,2023,eess.SP,eess,Synth Eess 5
synth-1179,Citation triangles in eess,2023,eess.SP,eess,Synth Eess 6
synth-1180,Boundary operators for eess claims,2023,eess.SP,eess,Synth Eess 7
synth-1181,Intellectual debt along a eess cycle,2024,eess.SP,eess,Synth Eess 8
synth-1182,On the eess kernel of L1,2024,eess.SP,eess,Synth Eess 9
synth-1183,Simplicial cuts for eess corpora,2024,eess.SP,eess,Synth Eess 10
synth-1184,Spectral 1184 on a eess complex,2024,eess.SP,eess,Synth Eess 11
synth-1185,On the eess kernel of L1,2024,eess.SP,eess,Synth Eess 12
synth-1186,On the eess kernel of L1,2024,eess.SP,eess,Synth Eess 13
synth-1187,Harmonic chains in eess literature,2024,eess.SP,eess,Synth Eess 14
synth-1188,On the eess kernel of L1,2024,eess.SP,eess,Synth Eess 15
synth-1189,Boundary operators for eess claims,2024,eess.SP,eess,Synth Eess 16
synth-1190,Intellectual debt along a eess cycle,2024,eess.SP,eess,Synth Eess 17
synth-1191,Fiedler versus Hodge on 1191,2024,eess.SP,eess,Synth Eess 1
synth-1192,Citation triangles in eess,2024,eess.SP,eess,Synth Eess 2
synth-1193,Harmonic chains in eess literature,2024,eess.SP,eess,Synth Eess 3
synth-1194,Boundary operators for eess claims,2024,eess.SP,eess,Synth Eess 4
synth-1195,Fiedler versus Hodge on 1195,2024,eess.SP,eess,Synth Eess 5
synth-1196,Fiedler versus Hodge on 1196,2024,eess.SP,eess,Synth Eess 6
synth-1197,Simplicial cuts for eess corpora,2024,eess.SP,eess,Synth Eess 7
synth-1198,Simplicial cuts for eess corpora,2024,eess.SP,eess,Synth Eess 8
synth-1199,On the eess kernel of L1,2024,eess.SP,eess,Synth Eess 9
synth-1200,Fiedler versus Hodge on 1200,2024,eess.SP,eess,Synth Eess 10
synth-1201,A stacked econ note on 1201,2015,econ.TH,econ,Synth Econ 11
synth-1202,A stacked econ note on 1202,2015,econ.TH,econ,Synth Econ 12
synth-1203,Discrete Hodge theory of 1203,2015,econ.TH,econ,Synth Econ 13
synth-1204,Simplicial cuts for econ corpora,2015,econ.TH,econ,Synth Econ 14
synth-1205,Fiedler versus Hodge on 1205,2015,econ.TH,econ,Synth Econ 15
synth-1206,Spectral 1206 on a econ complex,2015,econ.TH,econ,Synth Econ 16
synth-1207,Discrete Hodge theory of 1207,2015,econ.TH,econ,Synth Econ 17
synth-1208,Citation triangles in econ,2015,econ.TH,econ,Synth Econ 1
synth-1209,On the econ kernel of L1,2015,econ.TH,econ,Synth Econ 2
synth-1210,Citation triangles in econ,2015,econ.TH,econ,Synth Econ 3
synth-1211,On the econ kernel of L1,2015,econ.TH,econ,Synth Econ 4
synth-1212,Simplicial cuts for econ corpora,2015,econ.TH,econ,Synth Econ 5
synth-1213,Discrete Hodge theory of 1213,2015,econ.TH,econ,Synth Econ 6
synth-1214,On the econ kernel of L1,2015,econ.TH,econ,Synth Econ 7
synth-1215,Harmonic chains in econ literature,2015,econ.TH,econ,Synth Econ 8
synth-1216,Fiedler versus Hodge on 1216,2015,econ.TH,econ,Synth Econ 9
synth-1217,Intellectual debt along a econ cycle,2015,econ.TH,econ,Synth Econ 10
synth-1218,Harmonic chains in econ literature,2015,econ.TH,econ,Synth Econ 11
synth-1219,Fiedler versus Hodge on 1219,2015,econ.TH,econ,Synth Econ 12
synth-1220,On the econ kernel of L1,2015,econ.TH,econ,Synth Econ 13
synth-1221,A stacked econ note on 1221,2016,econ.TH,econ,Synth Econ 14
synth-1222,Fiedler versus Hodge on 1222,2016,econ.TH,econ,Synth Econ 15
synth-1223,On the econ kernel of L1,2016,econ.TH,econ,Synth Econ 16
synth-1224,Intellectual debt along a econ cycle,2016,econ.TH,econ,Synth Econ 17
synth-1225,Simplicial cuts for econ corpora,2016,econ.TH,econ,Synth Econ 1
synth-1226,Boundary operators for econ claims,2016,econ.TH,econ,Synth Econ 2
synth-1227,On the econ kernel of L1,2016,econ.TH,econ,Synth Econ 3
synth-1228,Harmonic chains in econ literature,2016,econ.TH,econ,Synth Econ 4
synth-1229,On the econ kernel of L1,2016,econ.TH,econ,Synth Econ 5
synth-1230,Spectral 1230 on a econ complex,2016,econ.TH,econ,Synth Econ 6
synth-1231,On the econ kernel of L1,2016,econ.TH,econ,Synth Econ 7
synth-1232,Simplicial cuts for econ corpora,2016,econ.TH,econ,Synth Econ 8
synth-1233,Discrete Hodge theory of 1233,2016,econ.TH,econ,Synth Econ 9
synth-1234,Intellectual debt along a econ cycle,2016,econ.TH,econ,Synth Econ 10
synth-1235,Spectral 1235 on a econ complex,2016,econ.TH,econ,Synth Econ 11
synth-1236,Spectral 1236 on a econ complex,2016,econ.TH,econ,Synth Econ 12
synth-1237,On the econ kernel of L1,2016,econ.TH,econ,Synth Econ 13
synth-1238,Fiedler versus Hodge on 1238,2016,econ.TH,econ,Synth Econ 14
synth-1239,On the econ kernel of L1,2016,econ.TH,econ,Synth Econ 15
synth-1240,Spectral 1240 on a econ complex,2016,econ.TH,econ,Synth Econ 16
synth-1241,Discrete Hodge theory of 1241,2017,econ.TH,econ,Synth Econ 17
synth-1242,Fiedler versus Hodge on 1242,2017,econ.TH,econ,Synth Econ 1
synth-1243,Boundary operators for econ claims,2017,econ.TH,econ,Synth Econ 2
synth-1244,Fiedler versus Hodge on 1244,2017,econ.TH,econ,Synth Econ 3
synth-1245,Boundary operators for econ claims,2017,econ.TH,econ,Synth Econ 4
synth-1246,On the econ kernel of L1,2017,econ.TH,econ,Synth Econ 5
synth-1247,On the econ kernel of L1,2017,econ.TH,econ,Synth Econ 6
synth-1248,Harmonic chains in econ literature,2017,econ.TH,econ,Synth Econ 7
synth-1249,Citation triangles in econ,2017,econ.TH,econ,Synth Econ 8
synth-1250,Spectral 1250 on a econ complex,2017,econ.TH,econ,Synth Econ 9
synth-1251,Discrete Hodge theory of 1251,2017,econ.TH,econ,Synth Econ 10
synth-1252,Intellectual debt along a econ cycle,2017,econ.TH,econ,Synth Econ 11
synth-1253,Spectral 1253 on a econ complex,2017,econ.TH,econ,Synth Econ 12
synth-1254,Fiedler versus Hodge on 1254,2017,econ.TH,econ,Synth Econ 13
synth-1255,Harmonic chains in econ literature,2017,econ.TH,econ,Synth Econ 14
synth-1256,Citation triangles in econ,2017,econ.TH,econ,Synth Econ 15
synth-1257,On the econ kernel of L1,2017,econ.TH,econ,Synth Econ 16
synth-1258,On the econ kernel of L1,2017,econ.TH,econ,Synth Econ 17
synth-1259,Harmonic chains in econ literature,2017,econ.TH,econ,Synth Econ 1
synth-1260,Fiedler versus Hodge on 1260,2017,econ.TH,econ,Synth Econ 2
synth-1261,Spectral 1261 on a econ complex,2018,econ.TH,econ,Synth Econ 3
synth-1262,Spectral 1262 on a econ complex,2018,econ.TH,econ,Synth Econ 4
synth-1263,Citation triangles in econ,2018,econ.TH,econ,Synth Econ 5
synth-1264,Boundary operators for econ claims,2018,econ.TH,econ,Synth Econ 6
synth-1265,Spectral 1265 on a econ complex,2018,econ.TH,econ,Synth Econ 7
synth-1266,A stacked econ note on 1266,2018,econ.TH,econ,Synth Econ 8
synth-1267,Simplicial cuts for econ corpora,2018,econ.TH,econ,Synth Econ 9
synth-1268,Simplicial cuts for econ corpora,2018,econ.TH,econ,Synth Econ 10
synth-1269,A stacked econ note on 1269,2018,econ.TH,econ,Synth Econ 11
synth-1270,Spectral 1270 on a econ complex,2018,econ.TH,econ,Synth Econ 12
synth-1271,Citation triangles in econ,2018,econ.TH,econ,Synth Econ 13
synth-1272,Intellectual debt along a econ cycle,2018,econ.TH,econ,Synth Econ 14
synth-1273,Citation triangles in econ,2018,econ.TH,econ,Synth Econ 15
synth-1274,On the econ kernel of L1,2018,econ.TH,econ,Synth Econ 16
synth-1275,A stacked econ note on 1275,2018,econ.TH,econ,Synth Econ 17
synth-1276,Discrete Hodge theory of 1276,2018,econ.TH,econ,Synth Econ 1
synth-1277,Intellectual debt along a econ cycle,2018,econ.TH,econ,Synth Econ 2
synth-1278,Simplicial cuts for econ corpora,2018,econ.TH,econ,Synth Econ 3
synth-1279,Citation triangles in econ,2018,econ.TH,econ,Synth Econ 4
synth-1280,On the econ kernel of L1,2018,econ.TH,econ,Synth Econ 5
synth-1281,Boundary operators for econ claims,2019,econ.TH,econ,Synth Econ 6
synth-1282,Citation triangles in econ,2019,econ.TH,econ,Synth Econ 7
synth-1283,Harmonic chains in econ literature,2019,econ.TH,econ,Synth Econ 8
synth-1284,A stacked econ note on 1284,2019,econ.TH,econ,Synth Econ 9
synth-1285,Intellectual debt along a econ cycle,2019,econ.TH,econ,Synth Econ 10
synth-1286,Boundary operators for econ claims,2019,econ.TH,econ,Synth Econ 11
synth-1287,Discrete Hodge theory of 1287,2019,econ.TH,econ,Synth Econ 12
synth-1288,Citation triangles in econ,2019,econ.TH,econ,Synth Econ 13
synth-1289,Citation triangles in econ,2019,econ.TH,econ,Synth Econ 14
synth-1290,Simplicial cuts for econ corpora,2019,econ.TH,econ,Synth Econ 15
synth-1291,Boundary operators for econ claims,2019,econ.TH,econ,Synth Econ 16
synth-1292,A stacked econ note on 1292,2019,econ.TH,econ,Synth Econ 17
synth-1293,Boundary operators for econ claims,2019,econ.TH,econ,Synth Econ 1
synth-1294,Discrete Hodge theory of 1294,2019,econ.TH,econ,Synth Econ 2
synth-1295,Spectral 1295 on a econ complex,2019,econ.TH,econ,Synth Econ 3
synth-1296,Citation triangles in econ,2019,econ.TH,econ,Synth Econ 4
synth-1297,Discrete Hodge theory of 1297,2019,econ.TH,econ,Synth Econ 5
synth-1298,Intellectual debt along a econ cycle,2019,econ.TH,econ,Synth Econ 6
synth-1299,Boundary operators for econ claims,2019,econ.TH,econ,Synth Econ 7
synth-1300,Simplicial cuts for econ corpora,2019,econ.TH,econ,Synth Econ 8
synth-1301,Spectral 1301 on a econ complex,2020,econ.TH,econ,Synth Econ 9
synth-1302,Simplicial cuts for econ corpora,2020,econ.TH,econ,Synth Econ 10
synth-1303,Discrete Hodge theory of 1303,2020,econ.TH,econ,Synth Econ 11
synth-1304,Intellectual debt along a econ cycle,2020,econ.TH,econ,Synth Econ 12
synth-1305,Intellectual debt along a econ cycle,2020,econ.TH,econ,Synth Econ 13
synth-1306,Harmonic chains in econ literature,2020,econ.TH,econ,Synth Econ 14
synth-1307,Intellectual debt along a econ cycle,2020,econ.TH,econ,Synth Econ 15
synth-1308,Simplicial cuts for econ corpora,2020,econ.TH,econ,Synth Econ 16
synth-1309,Citation triangles in econ,2020,econ.TH,econ,Synth Econ 17
synth-1310,Simplicial cuts for econ corpora,2020,econ.TH,econ,Synth Econ 1
synth-1311,Boundary operators for econ claims,2020,econ.TH,econ,Synth Econ 2
synth-1312,Intellectual debt along a econ cycle,2020,econ.TH,econ,Synth Econ 3
synth-1313,Intellectual debt along a econ cycle,2020,econ.TH,econ,Synth Econ 4
synth-1314,Fiedler versus Hodge on 1314,2020,econ.TH,econ,Synth Econ 5
synth-1315,Intellectual debt along a econ cycle,2020,econ.TH,econ,Synth Econ 6
synth-1316,Discrete Hodge theory of 1316,2020,econ.TH,econ,Synth Econ 7
synth-1317,Discrete Hodge theory of 1317,2020,econ.TH,econ,Synth Econ 8
synth-1318,A stacked econ note on 1318,2020,econ.TH,econ,Synth Econ 9
synth-1319,Discrete Hodge theory of 1319,2020,econ.TH,econ,Synth Econ 10
synth-1320,Simplicial cuts for econ corpora,2020,econ.TH,econ,Synth Econ 11
synth-1321,Spectral 1321 on a econ complex,2021,econ.TH,econ,Synth Econ 12
synth-1322,Harmonic chains in econ literature,2021,econ.TH,econ,Synth Econ 13
synth-1323,On the econ kernel of L1,2021,econ.TH,econ,Synth Econ 14
synth-1324,On the econ kernel of L1,2021,econ.TH,econ,Synth Econ 15
synth-1325,Intellectual debt along a econ cycle,2021,econ.TH,econ,Synth Econ 16
synth-1326,Boundary operators for econ claims,2021,econ.TH,econ,Synth Econ 17
synth-1327,A stacked econ note on 1327,2021,econ.TH,econ,Synth Econ 1
synth-1328,Simplicial cuts for econ corpora,2021,econ.TH,econ,Synth Econ 2
synth-1329,Simplicial cuts for econ corpora,2021,econ.TH,econ,Synth Econ 3
synth-1330,Spectral 1330 on a econ complex,2021,econ.TH,econ,Synth Econ 4
synth-1331,Simplicial cuts for econ corpora,2021,econ.TH,econ,Synth Econ 5
synth-1332,Discrete Hodge theory of 1332,2021,econ.TH,econ,Synth Econ 6
synth-1333,Harmonic chains in econ literature,2021,econ.TH,econ,Synth Econ 7
synth-1334,Simplicial cuts for econ corpora,2021,econ.TH,econ,Synth Econ 8
synth-1335,Intellectual debt along a econ cycle,2021,econ.TH,econ,Synth Econ 9
synth-1336,A stacked econ note on 1336,2021,econ.TH,econ,Synth Econ 10
synth-1337,Discrete Hodge theory of 1337,2021,econ.TH,econ,Synth Econ 11
synth-1338,Boundary operators for econ claims,2021,econ.TH,econ,Synth Econ 12
synth-1339,Simplicial cuts for econ corpora,2021,econ.TH,econ,Synth Econ 13
synth-1340,On the econ kernel of L1,2021,econ.TH,econ,Synth Econ 14
synth-1341,Discrete Hodge theory of 1341,2022,econ.TH,econ,Synth Econ 15
synth-1342,A stacked econ note on 1342,2022,econ.TH,econ,Synth Econ 16
synth-1343,Fiedler versus Hodge on 1343,2022,econ.TH,econ,Synth Econ 17
synth-1344,Spectral 1344 on a econ complex,2022,econ.TH,econ,Synth Econ 1
synth-1345,Boundary operators for econ claims,2022,econ.TH,econ,Synth Econ 2
synth-1346,Discrete Hodge theory of 1346,2022,econ.TH,econ,Synth Econ 3
synth-1347,Discrete Hodge theory of 1347,2022,econ.TH,econ,Synth Econ 4
synth-1348,Simplicial cuts for econ corpora,2022,econ.TH,econ,Synth Econ 5
synth-1349,Fiedler versus Hodge on 1349,2022,econ.TH,econ,Synth Econ 6
synth-1350,Fiedler versus Hodge on 1350,2022,econ.TH,econ,Synth Econ 7
synth-1351,A stacked econ note on 1351,2022,econ.TH,econ,Synth Econ 8
synth-1352,Fiedler versus Hodge on 1352,2022,econ.TH,econ,Synth Econ 9
synth-1353,Citation triangles in econ,2022,econ.TH,econ,Synth Econ 10
synth-1354,Spectral 1354 on a econ complex,2022,econ.TH,econ,Synth Econ 11
synth-1355,Spectral 1355 on a econ complex,2022,econ.TH,econ,Synth Econ 12
synth-1356,Simplicial cuts for econ corpora,2022,econ.TH,econ,Synth Econ 13
synth-1357,Intellectual debt along a econ cycle,2022,econ.TH,econ,Synth Econ 14
synth-1358,Discrete Hodge theory of 1358,2022,econ.TH,econ,Synth Econ 15
synth-1359,Simplicial cuts for econ corpora,2022,econ.TH,econ,Synth Econ 16
synth-1360,Fiedler versus Hodge on 1360,2022,econ.TH,econ,Synth Econ 17
synth-1361,Harmonic chains in econ literature,2023,econ.TH,econ,Synth Econ 1
synth-1362,Harmonic chains in econ literature,2023,econ.TH,econ,Synth Econ 2
synth-1363,Intellectual debt along a econ cycle,2023,econ.TH,econ,Synth Econ 3
synth-1364,Intellectual debt along a econ cycle,2023,econ.TH,econ,Synth Econ 4
synth-1365,A stacked econ note on 1365,2023,econ.TH,econ,Synth Econ 5
synth-1366,Boundary operators for econ claims,2023,econ.TH,econ,Synth Econ 6
synth-1367,Simplicial cuts for econ corpora,2023,econ.TH,econ,Synth Econ 7
synth-1368,Discrete Hodge theory of 1368,2023,econ.TH,econ,Synth Econ 8
synth-1369,Fiedler versus Hodge on 1369,2023,econ.TH,econ,Synth Econ 9
synth-1370,Discrete Hodge theory of 1370,2023,econ.TH,econ,Synth Econ 10
synth-1371,Discrete Hodge theory of 1371,2023,econ.TH,econ,Synth Econ 11
synth-1372,A stacked econ note on 1372,2023,econ.TH,econ,Synth Econ 12
synth-1373,Fiedler versus Hodge on 1373,2023,econ.TH,econ,Synth Econ 13
synth-1374,Boundary operators for econ claims,2023,econ.TH,econ,Synth Econ 14
synth-1375,Citation triangles in econ,2023,econ.TH,econ,Synth Econ 15
synth-1376,Intellectual debt along a econ cycle,2023,econ.TH,econ,Synth Econ 16
synth-1377,A stacked econ note on 1377,2023,econ.TH,econ,Synth Econ 17
synth-1378,Citation triangles in econ,2023,econ.TH,econ,Synth Econ 1
synth-1379,A stacked econ note on 1379,2023,econ.TH,econ,Synth Econ 2
synth-1380,Simplicial cuts for econ corpora,2023,econ.TH,econ,Synth Econ 3
synth-1381,Boundary operators for econ claims,2024,econ.TH,econ,Synth Econ 4
synth-1382,Spectral 1382 on a econ complex,2024,econ.TH,econ,Synth Econ 5
synth-1383,Simplicial cuts for econ corpora,2024,econ.TH,econ,Synth Econ 6
synth-1384,Spectral 1384 on a econ complex,2024,econ.TH,econ,Synth Econ 7
synth-1385,Fiedler versus Hodge on 1385,2024,econ.TH,econ,Synth Econ 8
synth-1386,Discrete Hodge theory of 1386,2024,econ.TH,econ,Synth Econ 9
synth-1387,Fiedler versus Hodge on 1387,2024,econ.TH,econ,Synth Econ 10
synth-1388,On the econ kernel of L1,2024,econ.TH,econ,Synth Econ 11
synth-1389,Discrete Hodge theory of 1389,2024,econ.TH,econ,Synth Econ 12
synth-1390,On the econ kernel of L1,2024,econ.TH,econ,Synth Econ 13
synth-1391,Citation triangles in econ,2024,econ.TH,econ,Synth Econ 14
synth-1392,Harmonic chains in econ literature,2024,econ.TH,econ,Synth Econ 15
synth-1393,Boundary operators for econ claims,2024,econ.TH,econ,Synth Econ 16
synth-1394,Discrete Hodge theory of 1394,2024,econ.TH,econ,Synth Econ 17
synth-1395,A stacked econ note on 1395,2024,econ.TH,econ,Synth Econ 1
synth-1396,Fiedler versus Hodge on 1396,2024,econ.TH,econ,Synth Econ 2
synth-1397,A stacked econ note on 1397,2024,econ.TH,econ,Synth Econ 3
synth-1398,On the econ kernel of L1,2024,econ.TH,econ,Synth Econ 4
synth-1399,A stacked econ note on 1399,2024,econ.TH,econ,Synth Econ 5
synth-1400,Intellectual debt along a econ cycle,2024,econ.TH,econ,Synth Econ 6
synth-1401,Simplicial cuts for qfin corpora,2015,q-fin.ST,qfin,Synth Qfin 7
synth-1402,Fiedler versus Hodge on 1402,2015,q-fin.ST,qfin,Synth Qfin 8
synth-1403,Intellectual debt along a qfin cycle,2015,q-fin.ST,qfin,Synth Qfin 9
synth-1404,On the qfin kernel of L1,2015,q-fin.ST,qfin,Synth Qfin 10
synth-1405,Harmonic chains in qfin literature,2015,q-fin.ST,qfin,Synth Qfin 11
synth-1406,A stacked qfin note on 1406,2015,q-fin.ST,qfin,Synth Qfin 12
synth-1407,Boundary operators for qfin claims,2015,q-fin.ST,qfin,Synth Qfin 13
synth-1408,Harmonic chains in qfin literature,2015,q-fin.ST,qfin,Synth Qfin 14
synth-1409,Spectral 1409 on a qfin complex,2015,q-fin.ST,qfin,Synth Qfin 15
synth-1410,Citation triangles in qfin,2015,q-fin.ST,qfin,Synth Qfin 16
synth-1411,Intellectual debt along a qfin cycle,2015,q-fin.ST,qfin,Synth Qfin 17
synth-1412,Citation triangles in qfin,2015,q-fin.ST,qfin,Synth Qfin 1
synth-1413,A stacked qfin note on 1413,2015,q-fin.ST,qfin,Synth Qfin 2
synth-1414,Fiedler versus Hodge on 1414,2015,q-fin.ST,qfin,Synth Qfin 3
synth-1415,A stacked qfin note on 1415,2015,q-fin.ST,qfin,Synth Qfin 4
synth-1416,Simplicial cuts for qfin corpora,2015,q-fin.ST,qfin,Synth Qfin 5
synth-1417,A stacked qfin note on 1417,2015,q-fin.ST,qfin,Synth Qfin 6
synth-1418,A stacked qfin note on 1418,2015,q-fin.ST,qfin,Synth Qfin 7
synth-1419,On the qfin kernel of L1,2015,q-fin.ST,qfin,Synth Qfin 8
synth-1420,Discrete Hodge theory of 1420,2015,q-fin.ST,qfin,Synth Qfin 9
synth-1421,A stacked qfin note on 1421,2016,q-fin.ST,qfin,Synth Qfin 10
synth-1422,Citation triangles in qfin,2016,q-fin.ST,qfin,Synth Qfin 11
synth-1423,Intellectual debt along a qfin cycle,2016,q-fin.ST,qfin,Synth Qfin 12
synth-1424,Harmonic chains in qfin literature,2016,q-fin.ST,qfin,Synth Qfin 13
synth-1425,Simplicial cuts for qfin corpora,2016,q-fin.ST,qfin,Synth Qfin 14
synth-1426,Harmonic chains in qfin literature,2016,q-fin.ST,qfin,Synth Qfin 15
synth-1427,Simplicial cuts for qfin corpora,2016,q-fin.ST,qfin,Synth Qfin 16
synth-1428,A stacked qfin note on 1428,2016,q-fin.ST,qfin,Synth Qfin 17
synth-1429,Fiedler versus Hodge on 1429,2016,q-fin.ST,qfin,Synth Qfin 1
synth-1430,Harmonic chains in qfin literature,2016,q-fin.ST,qfin,Synth Qfin 2
synth-1431,Boundary operators for qfin claims,2016,q-fin.ST,qfin,Synth Qfin 3
synth-1432,Simplicial cuts for qfin corpora,2016,q-fin.ST,qfin,Synth Qfin 4
synth-1433,Fiedler versus Hodge on 1433,2016,q-fin.ST,qfin,Synth Qfin 5
synth-1434,Discrete Hodge theory of 1434,2016,q-fin.ST,qfin,Synth Qfin 6
synth-1435,Harmonic chains in qfin literature,2016,q-fin.ST,qfin,Synth Qfin 7
synth-1436,Harmonic chains in qfin literature,2016,q-fin.ST,qfin,Synth Qfin 8
synth-1437,Citation triangles in qfin,2016,q-fin.ST,qfin,Synth Qfin 9
synth-1438,A stacked qfin note on 1438,2016,q-fin.ST,qfin,Synth Qfin 10
synth-1439,Intellectual debt along a qfin cycle,2016,q-fin.ST,qfin,Synth Qfin 11
synth-1440,On the qfin kernel of L1,2016,q-fin.ST,qfin,Synth Qfin 12
synth-1441,A stacked qfin note on 1441,2017,q-fin.ST,qfin,Synth Qfin 13
synth-1442,On the qfin kernel of L1,2017,q-fin.ST,qfin,Synth Qfin 14
synth-1443,Simplicial cuts for qfin corpora,2017,q-fin.ST,qfin,Synth Qfin 15
synth-1444,Discrete Hodge theory of 1444,2017,q-fin.ST,qfin,Synth Qfin 16
synth-1445,Intellectual debt along a qfin cycle,2017,q-fin.ST,qfin,Synth Qfin 17
synth-1446,Simplicial cuts for qfin corpora,2017,q-fin.ST,qfin,Synth Qfin 1
synth-1447,Discrete Hodge theory of 1447,2017,q-fin.ST,qfin,Synth Qfin 2
synth-1448,Simplicial cuts for qfin corpora,2017,q-fin.ST,qfin,Synth Qfin 3
synth-1449,Boundary operators for qfin claims,2017,q-fin.ST,qfin,Synth Qfin 4
synth-1450,On the qfin kernel of L1,2017,q-fin.ST,qfin,Synth Qfin 5
synth-1451,Fiedler versus Hodge on 1451,2017,q-fin.ST,qfin,Synth Qfin 6
synth-1452,Boundary operators for qfin claims,2017,q-fin.ST,qfin,Synth Qfin 7
synth-1453,Discrete Hodge theory of 1453,2017,q-fin.ST,qfin,Synth Qfin 8
synth-1454,Citation triangles in qfin,2017,q-fin.ST,qfin,Synth Qfin 9
synth-1455,Intellectual debt along a qfin cycle,2017,q-fin.ST,qfin,Synth Qfin 10
synth-1456,Harmonic chains in qfin literature,2017,q-fin.ST,qfin,Synth Qfin 11
synth-1457,Simplicial cuts for qfin corpora,2017,q-fin.ST,qfin,Synth Qfin 12
synth-1458,Intellectual debt along a qfin cycle,2017,q-fin.ST,qfin,Synth Qfin 13
synth-1459,On the qfin kernel of L1,2017,q-fin.ST,qfin,Synth Qfin 14
synth-1460,A stacked qfin note on 1460,2017,q-fin.ST,qfin,Synth Qfin 15
synth-1461,On the qfin kernel of L1,2018,q-fin.ST,qfin,Synth Qfin 16
synth-1462,Intellectual debt along a qfin cycle,2018,q-fin.ST,qfin,Synth Qfin 17
synth-1463,Simplicial cuts for qfin corpora,2018,q-fin.ST,qfin,Synth Qfin 1
synth-1464,A stacked qfin note on 1464,2018,q-fin.ST,qfin,Synth Qfin 2
synth-1465,Discrete Hodge theory of 1465,2018,q-fin.ST,qfin,Synth Qfin 3
synth-1466,Boundary operators for qfin claims,2018,q-fin.ST,qfin,Synth Qfin 4
synth-1467,Spectral 1467 on a qfin complex,2018,q-fin.ST,qfin,Synth Qfin 5
synth-1468,Fiedler versus Hodge on 1468,2018,q-fin.ST,qfin,Synth Qfin 6
synth-1469,Spectral 1469 on a qfin complex,2018,q-fin.ST,qfin,Synth Qfin 7
synth-1470,On the qfin kernel of L1,2018,q-fin.ST,qfin,Synth Qfin 8
synth-1471,On the qfin kernel of L1,2018,q-fin.ST,qfin,Synth Qfin 9
synth-1472,Discrete Hodge theory of 1472,2018,q-fin.ST,qfin,Synth Qfin 10
synth-1473,A stacked qfin note on 1473,2018,q-fin.ST,qfin,Synth Qfin 11
synth-1474,A stacked qfin note on 1474,2018,q-fin.ST,qfin,Synth Qfin 12
synth-1475,Discrete Hodge theory of 1475,2018,q-fin.ST,qfin,Synth Qfin 13
synth-1476,On the qfin kernel of L1,2018,q-fin.ST,qfin,Synth Qfin 14
synth-1477,Discrete Hodge theory of 1477,2018,q-fin.ST,qfin,Synth Qfin 15
synth-1478,Boundary operators for qfin claims,2018,q-fin.ST,qfin,Synth Qfin 16
synth-1479,On the qfin kernel of L1,2018,q-fin.ST,qfin,Synth Qfin 17
synth-1480,Spectral 1480 on a qfin complex,2018,q-fin.ST,qfin,Synth Qfin 1
synth-1481,A stacked qfin note on 1481,2019,q-fin.ST,qfin,Synth Qfin 2
synth-1482,Intellectual debt along a qfin cycle,2019,q-fin.ST,qfin,Synth Qfin 3
synth-1483,Spectral 1483 on a qfin complex,2019,q-fin.ST,qfin,Synth Qfin 4
synth-1484,Simplicial cuts for qfin corpora,2019,q-fin.ST,qfin,Synth Qfin 5
synth-1485,Fiedler versus Hodge on 1485,2019,q-fin.ST,qfin,Synth Qfin 6
synth-1486,A stacked qfin note on 1486,2019,q-fin.ST,qfin,Synth Qfin 7
synth-1487,Spectral 1487 on a qfin complex,2019,q-fin.ST,qfin,Synth Qfin 8
synth-1488,Fiedler versus Hodge on 1488,2019,q-fin.ST,qfin,Synth Qfin 9
synth-1489,Boundary operators for qfin claims,2019,q-fin.ST,qfin,Synth Qfin 10
synth-1490,Fiedler versus Hodge on 1490,2019,q-fin.ST,qfin,Synth Qfin 11
synth-1491,Discrete Hodge theory of 1491,2019,q-fin.ST,qfin,Synth Qfin 12
synth-1492,Boundary operators for qfin claims,2019,q-fin.ST,qfin,Synth Qfin 13
synth-1493,Spectral 1493 on a qfin complex,2019,q-fin.ST,qfin,Synth Qfin 14
synth-1494,Discrete Hodge theory of 1494,2019,q-fin.ST,qfin,Synth Qfin 15
synth-1495,Intellectual debt along a qfin cycle,2019,q-fin.ST,qfin,Synth Qfin 16
synth-1496,A stacked qfin note on 1496,2019,q-fin.ST,qfin,Synth Qfin 17
synth-1497,Intellectual debt along a qfin cycle,2019,q-fin.ST,qfin,Synth Qfin 1
synth-1498,Harmonic chains in qfin literature,2019,q-fin.ST,qfin,Synth Qfin 2
synth-1499,Citation triangles in qfin,2019,q-fin.ST,qfin,Synth Qfin 3
synth-1500,Spectral 1500 on a qfin complex,2019,q-fin.ST,qfin,Synth Qfin 4
synth-1501,Harmonic chains in qfin literature,2020,q-fin.ST,qfin,Synth Qfin 5
synth-1502,A stacked qfin note on 1502,2020,q-fin.ST,qfin,Synth Qfin 6
synth-1503,Harmonic chains in qfin literature,2020,q-fin.ST,qfin,Synth Qfin 7
synth-1504,Fiedler versus Hodge on 1504,2020,q-fin.ST,qfin,Synth Qfin 8
synth-1505,Intellectual debt along a qfin cycle,2020,q-fin.ST,qfin,Synth Qfin 9
synth-1506,Citation triangles in qfin,2020,q-fin.ST,qfin,Synth Qfin 10
synth-1507,Intellectual debt along a qfin cycle,2020,q-fin.ST,qfin,Synth Qfin 11
synth-1508,Simplicial cuts for qfin corpora,2020,q-fin.ST,qfin,Synth Qfin 12
synth-1509,Citation triangles in qfin,2020,q-fin.ST,qfin,Synth Qfin 13
synth-1510,A stacked qfin note on 1510,2020,q-fin.ST,qfin,Synth Qfin 14
synth-1511,Discrete Hodge theory of 1511,2020,q-fin.ST,qfin,Synth Qfin 15
synth-1512,Harmonic chains in qfin literature,2020,q-fin.ST,qfin,Synth Qfin 16
synth-1513,Boundary operators for qfin claims,2020,q-fin.ST,qfin,Synth Qfin 17
synth-1514,Simplicial cuts for qfin corpora,2020,q-fin.ST,qfin,Synth Qfin 1
synth-1515,Citation triangles in qfin,2020,q-fin.ST,qfin,Synth Qfin 2
synth-1516,Boundary operators for qfin claims,2020,q-fin.ST,qfin,Synth Qfin 3
synth-1517,Fiedler versus Hodge on 1517,2020,q-fin.ST,qfin,Synth Qfin 4
synth-1518,Harmonic chains in qfin literature,2020,q-fin.ST,qfin,Synth Qfin 5
synth-1519,Harmonic chains in qfin literature,2020,q-fin.ST,qfin,Synth Qfin 6
synth-1520,Discrete Hodge theory of 1520,2020,q-fin.ST,qfin,Synth Qfin 7
synth-1521,A stacked qfin note on 1521,2021,q-fin.ST,qfin,Synth Qfin 8
synth-1522,Harmonic chains in qfin literature,2021,q-fin.ST,qfin,Synth Qfin 9
synth-1523,Discrete Hodge theory of 1523,2021,q-fin.ST,qfin,Synth Qfin 10
synth-1524,Simplicial cuts for qfin corpora,2021,q-fin.ST,qfin,Synth Qfin 11
synth-1525,Spectral 1525 on a qfin complex,2021,q-fin.ST,qfin,Synth Qfin 12
synth-1526,On the qfin kernel of L1,2021,q-fin.ST,qfin,Synth Qfin 13
synth-1527,Harmonic chains in qfin literature,2021,q-fin.ST,qfin,Synth Qfin 14
synth-1528,Simplicial cuts for qfin corpora,2021,q-fin.ST,qfin,Synth Qfin 15
synth-1529,Discrete Hodge theory of 1529,2021,q-fin.ST,qfin,Synth Qfin 16
synth-1530,Discrete Hodge theory of 1530,2021,q-fin.ST,qfin,Synth Qfin 17
synth-1531,Discrete Hodge theory of 1531,2021,q-fin.ST,qfin,Synth Qfin 1
synth-1532,Fiedler versus Hodge on 1532,2021,q-fin.ST,qfin,Synth Qfin 2
synth-1533,Harmonic chains in qfin literature,2021,q-fin.ST,qfin,Synth Qfin 3
synth-1534,Fiedler versus Hodge on 1534,2021,q-fin.ST,qfin,Synth Qfin 4
synth-1535,Discrete Hodge theory of 1535,2021,q-fin.ST,qfin,Synth Qfin 5
synth-1536,Harmonic chains in qfin literature,2021,q-fin.ST,qfin,Synth Qfin 6
synth-1537,Simplicial cuts for qfin corpora,2021,q-fin.ST,qfin,Synth Qfin 7
synth-1538,Intellectual debt along a qfin cycle,2021,q-fin.ST,qfin,Synth Qfin 8
synth-1539,Intellectual debt along a qfin cycle,2021,q-fin.ST,qfin,Synth Qfin 9
synth-1540,Harmonic chains in qfin literature,2021,q-fin.ST,qfin,Synth Qfin 10
synth-1541,On the qfin kernel of L1,2022,q-fin.ST,qfin,Synth Qfin 11
synth-1542,A stacked qfin note on 1542,2022,q-fin.ST,qfin,Synth Qfin 12
synth-1543,Harmonic chains in qfin literature,2022,q-fin.ST,qfin,Synth Qfin 13
synth-1544,On the qfin kernel of L1,2022,q-fin.ST,qfin,Synth Qfin 14
synth-1545,A stacked qfin note on 1545,2022,q-fin.ST,qfin,Synth Qfin 15
synth-1546,Discrete Hodge theory of 1546,2022,q-fin.ST,qfin,Synth Qfin 16
synth-1547,Harmonic chains in qfin literature,2022,q-fin.ST,qfin,Synth Qfin 17
synth-1548,Boundary operators for qfin claims,2022,q-fin.ST,qfin,Synth Qfin 1
synth-1549,Discrete Hodge theory of 1549,2022,q-fin.ST,qfin,Synth Qfin 2
synth-1550,Harmonic chains in qfin literature,2022,q-fin.ST,qfin,Synth Qfin 3
synth-1551,On the qfin kernel of L1,2022,q-fin.ST,qfin,Synth Qfin 4
synth-1552,Intellectual debt along a qfin cycle,2022,q-fin.ST,qfin,Synth Qfin 5
synth-1553,Citation triangles in qfin,2022,q-fin.ST,qfin,Synth Qfin 6
synth-1554,Boundary operators for qfin claims,2022,q-fin.ST,qfin,Synth Qfin 7
synth-1555,Discrete Hodge theory of 1555,2022,q-fin.ST,qfin,Synth Qfin 8
synth-1556,Discrete Hodge theory of 1556,2022,q-fin.ST,qfin,Synth Qfin 9
synth-1557,Spectral 1557 on a qfin complex,2022,q-fin.ST,qfin,Synth Qfin 10
synth-1558,Harmonic chains in qfin literature,2022,q-fin.ST,qfin,Synth Qfin 11
synth-1559,Discrete Hodge theory of 1559,2022,q-fin.ST,qfin,Synth Qfin 12
synth-1560,Harmonic chains in qfin literature,2022,q-fin.ST,qfin,Synth Qfin 13
synth-1561,Simplicial cuts for qfin corpora,2023,q-fin.ST,qfin,Synth Qfin 14
synth-1562,Citation triangles in qfin,2023,q-fin.ST,qfin,Synth Qfin 15
synth-1563,Boundary operators for qfin claims,2023,q-fin.ST,qfin,Synth Qfin 16
synth-1564,On the qfin kernel of L1,2023,q-fin.ST,qfin,Synth Qfin 17
synth-1565,Intellectual debt along a qfin cycle,2023,q-fin.ST,qfin,Synth Qfin 1
synth-1566,Harmonic chains in qfin literature,2023,q-fin.ST,qfin,Synth Qfin 2
synth-1567,Fiedler versus Hodge on 1567,2023,q-fin.ST,qfin,Synth Qfin 3
synth-1568,Fiedler versus Hodge on 1568,2023,q-fin.ST,qfin,Synth Qfin 4
synth-1569,Boundary operators for qfin claims,2023,q-fin.ST,qfin,Synth Qfin 5
synth-1570,Citation triangles in qfin,2023,q-fin.ST,qfin,Synth Qfin 6
synth-1571,A stacked qfin note on 1571,2023,q-fin.ST,qfin,Synth Qfin 7
synth-1572,Citation triangles in qfin,2023,q-fin.ST,qfin,Synth Qfin 8
synth-1573,A stacked qfin note on 1573,2023,q-fin.ST,qfin,Synth Qfin 9
synth-1574,On the qfin kernel of L1,2023,q-fin.ST,qfin,Synth Qfin 10
synth-1575,On the qfin kernel of L1,2023,q-fin.ST,qfin,Synth Qfin 11
synth-1576,A stacked qfin note on 1576,2023,q-fin.ST,qfin,Synth Qfin 12
synth-1577,Fiedler versus Hodge on 1577,2023,q-fin.ST,qfin,Synth Qfin 13
synth-1578,Citation triangles in qfin,2023,q-fin.ST,qfin,Synth Qfin 14
synth-1579,Harmonic chains in qfin literature,2023,q-fin.ST,qfin,Synth Qfin 15
synth-1580,On the qfin kernel of L1,2023,q-fin.ST,qfin,Synth Qfin 16
synth-1581,Discrete Hodge theory of 1581,2024,q-fin.ST,qfin,Synth Qfin 17
synth-1582,Boundary operators for qfin claims,2024,q-fin.ST,qfin,Synth Qfin 1
synth-1583,Simplicial cuts for qfin corpora,2024,q-fin.ST,qfin,Synth Qfin 2
synth-1584,Fiedler versus Hodge on 1584,2024,q-fin.ST,qfin,Synth Qfin 3
synth-1585,Fiedler versus Hodge on 1585,2024,q-fin.ST,qfin,Synth Qfin 4
synth-1586,A stacked qfin note on 1586,2024,q-fin.ST,qfin,Synth Qfin 5
synth-1587,Spectral 1587 on a qfin complex,2024,q-fin.ST,qfin,Synth Qfin 6
synth-1588,Fiedler versus Hodge on 1588,2024,q-fin.ST,qfin,Synth Qfin 7
synth-1589,Spectral 1589 on a qfin complex,2024,q-fin.ST,qfin,Synth Qfin 8
synth-1590,Simplicial cuts for qfin corpora,2024,q-fin.ST,qfin,Synth Qfin 9
synth-1591,Simplicial cuts for qfin corpora,2024,q-fin.ST,qfin,Synth Qfin 10
synth-1592,Harmonic chains in qfin literature,2024,q-fin.ST,qfin,Synth Qfin 11
synth-1593,Fiedler versus Hodge on 1593,2024,q-fin.ST,qfin,Synth Qfin 12
synth-1594,Boundary operators for qfin claims,2024,q-fin.ST,qfin,Synth Qfin 13
synth-1595,Simplicial cuts for qfin corpora,2024,q-fin.ST,qfin,Synth Qfin 14
synth-1596,On the qfin kernel of L1,2024,q-fin.ST,qfin,Synth Qfin 15
synth-1597,A stacked qfin note on 1597,2024,q-fin.ST,qfin,Synth Qfin 16
synth-1598,Boundary operators for qfin claims,2024,q-fin.ST,qfin,Synth Qfin 17
synth-1599,Citation triangles in qfin,2024,q-fin.ST,qfin,Synth Qfin 1
synth-1600,On the qfin kernel of L1,2024,q-fin.ST,qfin,Synth Qfin 2
synth-1601,Boundary operators for cs claims,2021,cs.LG,cs,Cycle Cs 0
synth-1602,Discrete Hodge theory of 1602,2021,q-bio.NC,qbio,Cycle Qbio 1
synth-1603,On the cs kernel of L1,2021,cs.LG,cs,Cycle Cs 2
synth-1604,Spectral 1604 on a qbio complex,2021,q-bio.NC,qbio,Cycle Qbio 3
synth-1605,On the cs kernel of L1,2021,cs.LG,cs,Cycle Cs 4
synth-1606,Discrete Hodge theory of 1606,2021,q-bio.NC,qbio,Cycle Qbio 5
synth-1607,A stacked cs note on 1607,2022,cs.LG,cs,Cycle Cs 6
synth-1608,Spectral 1608 on a qbio complex,2022,q-bio.NC,qbio,Cycle Qbio 7
synth-1609,On the cs kernel of L1,2022,cs.LG,cs,Cycle Cs 8
synth-1610,Harmonic chains in qbio literature,2022,q-bio.NC,qbio,Cycle Qbio 9
synth-1611,A stacked cs note on 1611,2022,cs.LG,cs,Cycle Cs 10
synth-1612,On the qbio kernel of L1,2022,q-bio.NC,qbio,Cycle Qbio 11
