a,b,c
synth-0001,synth-0002,synth-0003
synth-0001,synth-0002,synth-0004
synth-0001,synth-0003,synth-0004
synth-0002,synth-0003,synth-0004
synth-0002,synth-0003,synth-0005
synth-0003,synth-0004,synth-0005
synth-0002,synth-0004,synth-0005
synth-0003,synth-0004,synth-0006
synth-0004,synth-0005,synth-0006
synth-0003,synth-0005,synth-0006
synth-0001,synth-0002,synth-0007
synth-0002,synth-0003,synth-0007
synth-0001,synth-0003,synth-0007
synth-0001,synth-0003,synth-0008
synth-0003,synth-0007,synth-0008
synth-0001,synth-0007,synth-0008
synth-0001,synth-0002,synth-0009
synth-0002,synth-0004,synth-0009
synth-0001,synth-0004,synth-0009
synth-0002,synth-0004,synth-0010
synth-0004,synth-0009,synth-0010
synth-0002,synth-0009,synth-0010
synth-0002,synth-0004,synth-0011
synth-0004,synth-0009,synth-0011
synth-0002,synth-0009,synth-0011
synth-0002,synth-0009,synth-0012
synth-0009,synth-0011,synth-0012
synth-0002,synth-0011,synth-0012
synth-0002,synth-0003,synth-0013
synth-0003,synth-0007,synth-0013
synth-0002,synth-0007,synth-0013
synth-0004,synth-0009,synth-0014
synth-0009,synth-0011,synth-0014
synth-0004,synth-0011,synth-0014
synth-0002,synth-0009,synth-0015
synth-0009,synth-0012,synth-0015
synth-0002,synth-0012,synth-0015
synth-0001,synth-0003,synth-0016
synth-0003,synth-0004,synth-0016
synth-0001,synth-0004,synth-0016
synth-0009,synth-0012,synth-0017
synth-0012,synth-0015,synth-0017
synth-0009,synth-0015,synth-0017
synth-0001,synth-0002,synth-0018
synth-0002,synth-0004,synth-0018
synth-0001,synth-0004,synth-0018
synth-0009,synth-0011,synth-0019
synth-0011,synth-0014,synth-0019
synth-0009,synth-0014,synth-0019
synth-0009,synth-0011,synth-0020
synth-0011,synth-0019,synth-0020
synth-0009,synth-0019,synth-0020
synth-0004,synth-0009,synth-0021
synth-0009,synth-0011,synth-0021
synth-0004,synth-0011,synth-0021
synth-0001,synth-0003,synth-0022
synth-0003,synth-0008,synth-0022
synth-0001,synth-0008,synth-0022
synth-0001,synth-0002,synth-0023
synth-0002,synth-0007,synth-0023
synth-0001,synth-0007,synth-0023
synth-0009,synth-0014,synth-0024
synth-0014,synth-0019,synth-0024
synth-0009,synth-0019,synth-0024
synth-0003,synth-0007,synth-0025
synth-0007,synth-0008,synth-0025
synth-0003,synth-0008,synth-0025
synth-0002,synth-0009,synth-0026
synth-0009,synth-0012,synth-0026
synth-0002,synth-0012,synth-0026
synth-0003,synth-0007,synth-0027
synth-0007,synth-0008,synth-0027
synth-0003,synth-0008,synth-0027
synth-0009,synth-0019,synth-0028
synth-0019,synth-0024,synth-0028
synth-0009,synth-0024,synth-0028
synth-0001,synth-0002,synth-0029
synth-0002,synth-0004,synth-0029
synth-0001,synth-0004,synth-0029
synth-0001,synth-0003,synth-0030
synth-0003,synth-0007,synth-0030
synth-0001,synth-0007,synth-0030
synth-0009,synth-0012,synth-0031
synth-0012,synth-0017,synth-0031
synth-0009,synth-0017,synth-0031
synth-0009,synth-0012,synth-0032
synth-0012,synth-0017,synth-0032
synth-0009,synth-0017,synth-0032
synth-0001,synth-0002,synth-0033
synth-0002,synth-0023,synth-0033
synth-0001,synth-0023,synth-0033
synth-0001,synth-0003,synth-0034
synth-0003,synth-0030,synth-0034
synth-0001,synth-0030,synth-0034
synth-0001,synth-0002,synth-0035
synth-0002,synth-0007,synth-0035
synth-0001,synth-0007,synth-0035
synth-0001,synth-0002,synth-0036
synth-0002,synth-0003,synth-0036
synth-0001,synth-0003,synth-0036
synth-0002,synth-0003,synth-0037
synth-0003,synth-0036,synth-0037
synth-0002,synth-0036,synth-0037
synth-0009,synth-0017,synth-0038
synth-0017,synth-0031,synth-0038
synth-0009,synth-0031,synth-0038
synth-0009,synth-0017,synth-0039
synth-0017,synth-0038,synth-0039
synth-0009,synth-0038,synth-0039
synth-0002,synth-0003,synth-0040
synth-0003,synth-0013,synth-0040
synth-0002,synth-0013,synth-0040
synth-0003,synth-0007,synth-0041
synth-0007,synth-0008,synth-0041
synth-0003,synth-0008,synth-0041
synth-0017,synth-0038,synth-0042
synth-0038,synth-0039,synth-0042
synth-0017,synth-0039,synth-0042
synth-0012,synth-0015,synth-0043
synth-0015,synth-0017,synth-0043
synth-0012,synth-0017,synth-0043
synth-0002,synth-0009,synth-0044
synth-0009,synth-0015,synth-0044
synth-0002,synth-0015,synth-0044
synth-0038,synth-0039,synth-0045
synth-0039,synth-0042,synth-0045
synth-0038,synth-0042,synth-0045
synth-0009,synth-0017,synth-0046
synth-0017,synth-0038,synth-0046
synth-0009,synth-0038,synth-0046
synth-0001,synth-0003,synth-0047
synth-0003,synth-0036,synth-0047
synth-0001,synth-0036,synth-0047
synth-0009,synth-0019,synth-0048
synth-0019,synth-0024,synth-0048
synth-0009,synth-0024,synth-0048
synth-0009,synth-0019,synth-0049
synth-0019,synth-0024,synth-0049
synth-0009,synth-0024,synth-0049
synth-0012,synth-0015,synth-0050
synth-0015,synth-0043,synth-0050
synth-0012,synth-0043,synth-0050
synth-0009,synth-0014,synth-0051
synth-0014,synth-0024,synth-0051
synth-0009,synth-0024,synth-0051
synth-0004,synth-0005,synth-0052
synth-0005,synth-0006,synth-0052
synth-0004,synth-0006,synth-0052
synth-0004,synth-0005,synth-0053
synth-0005,synth-0006,synth-0053
synth-0004,synth-0006,synth-0053
synth-0015,synth-0043,synth-0054
synth-0043,synth-0050,synth-0054
synth-0015,synth-0050,synth-0054
synth-0003,synth-0007,synth-0055
synth-0007,synth-0027,synth-0055
synth-0003,synth-0027,synth-0055
synth-0001,synth-0003,synth-0056
synth-0003,synth-0036,synth-0056
synth-0001,synth-0036,synth-0056
synth-0012,synth-0015,synth-0057
synth-0015,synth-0050,synth-0057
synth-0012,synth-0050,synth-0057
synth-0007,synth-0027,synth-0058
synth-0027,synth-0055,synth-0058
synth-0007,synth-0055,synth-0058
synth-0002,synth-0009,synth-0059
synth-0009,synth-0010,synth-0059
synth-0002,synth-0010,synth-0059
synth-0001,synth-0003,synth-0060
synth-0003,synth-0004,synth-0060
synth-0001,synth-0004,synth-0060
synth-0003,synth-0007,synth-0061
synth-0007,synth-0041,synth-0061
synth-0003,synth-0041,synth-0061
synth-0002,synth-0003,synth-0062
synth-0003,synth-0040,synth-0062
synth-0002,synth-0040,synth-0062
synth-0009,synth-0011,synth-0063
synth-0011,synth-0020,synth-0063
synth-0009,synth-0020,synth-0063
synth-0004,synth-0009,synth-0064
synth-0009,synth-0014,synth-0064
synth-0004,synth-0014,synth-0064
synth-0001,synth-0002,synth-0065
synth-0002,synth-0035,synth-0065
synth-0001,synth-0035,synth-0065
synth-0003,synth-0005,synth-0066
synth-0005,synth-0006,synth-0066
synth-0003,synth-0006,synth-0066
synth-0003,synth-0007,synth-0067
synth-0007,synth-0008,synth-0067
synth-0003,synth-0008,synth-0067
synth-0001,synth-0002,synth-0068
synth-0002,synth-0004,synth-0068
synth-0001,synth-0004,synth-0068
synth-0002,synth-0009,synth-0069
synth-0009,synth-0011,synth-0069
synth-0002,synth-0011,synth-0069
synth-0003,synth-0007,synth-0070
synth-0007,synth-0013,synth-0070
synth-0003,synth-0013,synth-0070
synth-0003,synth-0004,synth-0071
synth-0004,synth-0006,synth-0071
synth-0003,synth-0006,synth-0071
synth-0015,synth-0017,synth-0072
synth-0017,synth-0043,synth-0072
synth-0015,synth-0043,synth-0072
synth-0004,synth-0006,synth-0073
synth-0006,synth-0071,synth-0073
synth-0004,synth-0071,synth-0073
synth-0002,synth-0013,synth-0074
synth-0013,synth-0040,synth-0074
synth-0002,synth-0040,synth-0074
synth-0001,synth-0002,synth-0075
synth-0002,synth-0029,synth-0075
synth-0001,synth-0029,synth-0075
synth-0009,synth-0017,synth-0076
synth-0017,synth-0039,synth-0076
synth-0009,synth-0039,synth-0076
synth-0009,synth-0011,synth-0077
synth-0011,synth-0012,synth-0077
synth-0009,synth-0012,synth-0077
synth-0009,synth-0038,synth-0078
synth-0038,synth-0039,synth-0078
synth-0009,synth-0039,synth-0078
synth-0012,synth-0050,synth-0079
synth-0050,synth-0057,synth-0079
synth-0012,synth-0057,synth-0079
synth-0002,synth-0035,synth-0080
synth-0035,synth-0065,synth-0080
synth-0002,synth-0065,synth-0080
synth-0043,synth-0050,synth-0081
synth-0050,synth-0054,synth-0081
synth-0043,synth-0054,synth-0081
synth-0003,synth-0005,synth-0082
synth-0005,synth-0006,synth-0082
synth-0003,synth-0006,synth-0082
synth-0002,synth-0004,synth-0083
synth-0004,synth-0010,synth-0083
synth-0002,synth-0010,synth-0083
synth-0002,synth-0009,synth-0084
synth-0009,synth-0012,synth-0084
synth-0002,synth-0012,synth-0084
synth-0001,synth-0004,synth-0085
synth-0004,synth-0068,synth-0085
synth-0001,synth-0068,synth-0085
synth-0011,synth-0014,synth-0086
synth-0014,synth-0019,synth-0086
synth-0011,synth-0019,synth-0086
synth-0004,synth-0009,synth-0087
synth-0009,synth-0021,synth-0087
synth-0004,synth-0021,synth-0087
synth-0002,synth-0004,synth-0088
synth-0004,synth-0005,synth-0088
synth-0002,synth-0005,synth-0088
synth-0009,synth-0017,synth-0089
synth-0017,synth-0046,synth-0089
synth-0009,synth-0046,synth-0089
synth-0009,synth-0017,synth-0090
synth-0017,synth-0032,synth-0090
synth-0009,synth-0032,synth-0090
synth-0001,synth-0002,synth-0091
synth-0002,synth-0065,synth-0091
synth-0001,synth-0065,synth-0091
synth-0003,synth-0040,synth-0092
synth-0040,synth-0062,synth-0092
synth-0003,synth-0062,synth-0092
synth-0003,synth-0007,synth-0093
synth-0007,synth-0067,synth-0093
synth-0003,synth-0067,synth-0093
synth-0043,synth-0054,synth-0094
synth-0054,synth-0081,synth-0094
synth-0043,synth-0081,synth-0094
synth-0015,synth-0050,synth-0095
synth-0050,synth-0054,synth-0095
synth-0015,synth-0054,synth-0095
synth-0012,synth-0050,synth-0096
synth-0050,synth-0079,synth-0096
synth-0012,synth-0079,synth-0096
synth-0019,synth-0024,synth-0097
synth-0024,synth-0049,synth-0097
synth-0019,synth-0049,synth-0097
synth-0009,synth-0011,synth-0098
synth-0011,synth-0021,synth-0098
synth-0009,synth-0021,synth-0098
synth-0007,synth-0008,synth-0099
synth-0008,synth-0041,synth-0099
synth-0007,synth-0041,synth-0099
synth-0003,synth-0007,synth-0100
synth-0007,synth-0030,synth-0100
synth-0003,synth-0030,synth-0100
synth-0001,synth-0002,synth-0101
synth-0002,synth-0075,synth-0101
synth-0001,synth-0075,synth-0101
synth-0012,synth-0050,synth-0102
synth-0050,synth-0096,synth-0102
synth-0012,synth-0096,synth-0102
synth-0009,synth-0017,synth-0103
synth-0017,synth-0090,synth-0103
synth-0009,synth-0090,synth-0103
synth-0002,synth-0009,synth-0104
synth-0009,synth-0044,synth-0104
synth-0002,synth-0044,synth-0104
synth-0003,synth-0007,synth-0105
synth-0007,synth-0067,synth-0105
synth-0003,synth-0067,synth-0105
synth-0003,synth-0008,synth-0106
synth-0008,synth-0022,synth-0106
synth-0003,synth-0022,synth-0106
synth-0002,synth-0003,synth-0107
synth-0003,synth-0036,synth-0107
synth-0002,synth-0036,synth-0107
synth-0001,synth-0002,synth-0108
synth-0002,synth-0018,synth-0108
synth-0001,synth-0018,synth-0108
synth-0001,synth-0002,synth-0109
synth-0002,synth-0029,synth-0109
synth-0001,synth-0029,synth-0109
synth-0002,synth-0012,synth-0110
synth-0012,synth-0015,synth-0110
synth-0002,synth-0015,synth-0110
synth-0002,synth-0023,synth-0111
synth-0023,synth-0033,synth-0111
synth-0002,synth-0033,synth-0111
synth-0009,synth-0038,synth-0112
synth-0038,synth-0046,synth-0112
synth-0009,synth-0046,synth-0112
synth-0002,synth-0003,synth-0113
synth-0003,synth-0107,synth-0113
synth-0002,synth-0107,synth-0113
synth-0004,synth-0009,synth-0114
synth-0009,synth-0011,synth-0114
synth-0004,synth-0011,synth-0114
synth-0002,synth-0018,synth-0115
synth-0018,synth-0108,synth-0115
synth-0002,synth-0108,synth-0115
synth-0004,synth-0005,synth-0116
synth-0005,synth-0088,synth-0116
synth-0004,synth-0088,synth-0116
synth-0009,synth-0011,synth-0117
synth-0011,synth-0098,synth-0117
synth-0009,synth-0098,synth-0117
synth-0043,synth-0081,synth-0118
synth-0081,synth-0094,synth-0118
synth-0043,synth-0094,synth-0118
synth-0009,synth-0038,synth-0119
synth-0038,synth-0112,synth-0119
synth-0009,synth-0112,synth-0119
synth-0038,synth-0112,synth-0120
synth-0112,synth-0119,synth-0120
synth-0038,synth-0119,synth-0120
synth-0002,synth-0004,synth-0121
synth-0004,synth-0005,synth-0121
synth-0002,synth-0005,synth-0121
synth-0003,synth-0007,synth-0122
synth-0007,synth-0041,synth-0122
synth-0003,synth-0041,synth-0122
synth-0002,synth-0035,synth-0123
synth-0035,synth-0065,synth-0123
synth-0002,synth-0065,synth-0123
synth-0007,synth-0055,synth-0124
synth-0055,synth-0058,synth-0124
synth-0007,synth-0058,synth-0124
synth-0002,synth-0040,synth-0125
synth-0040,synth-0074,synth-0125
synth-0002,synth-0074,synth-0125
synth-0038,synth-0042,synth-0126
synth-0042,synth-0045,synth-0126
synth-0038,synth-0045,synth-0126
synth-0001,synth-0002,synth-0127
synth-0002,synth-0023,synth-0127
synth-0001,synth-0023,synth-0127
synth-0002,synth-0011,synth-0128
synth-0011,synth-0069,synth-0128
synth-0002,synth-0069,synth-0128
synth-0004,synth-0005,synth-0129
synth-0005,synth-0121,synth-0129
synth-0004,synth-0121,synth-0129
synth-0001,synth-0003,synth-0130
synth-0003,synth-0022,synth-0130
synth-0001,synth-0022,synth-0130
synth-0009,synth-0020,synth-0131
synth-0020,synth-0063,synth-0131
synth-0009,synth-0063,synth-0131
synth-0001,synth-0003,synth-0132
synth-0003,synth-0034,synth-0132
synth-0001,synth-0034,synth-0132
synth-0003,synth-0107,synth-0133
synth-0107,synth-0113,synth-0133
synth-0003,synth-0113,synth-0133
synth-0002,synth-0009,synth-0134
synth-0009,synth-0010,synth-0134
synth-0002,synth-0010,synth-0134
synth-0002,synth-0004,synth-0135
synth-0004,synth-0029,synth-0135
synth-0002,synth-0029,synth-0135
synth-0002,synth-0004,synth-0136
synth-0004,synth-0005,synth-0136
synth-0002,synth-0005,synth-0136
synth-0002,synth-0004,synth-0137
synth-0004,synth-0068,synth-0137
synth-0002,synth-0068,synth-0137
synth-0002,synth-0004,synth-0138
synth-0004,synth-0011,synth-0138
synth-0002,synth-0011,synth-0138
synth-0002,synth-0003,synth-0139
synth-0003,synth-0107,synth-0139
synth-0002,synth-0107,synth-0139
synth-0007,synth-0013,synth-0140
synth-0013,synth-0070,synth-0140
synth-0007,synth-0070,synth-0140
synth-0035,synth-0065,synth-0141
synth-0065,synth-0080,synth-0141
synth-0035,synth-0080,synth-0141
synth-0009,synth-0024,synth-0142
synth-0024,synth-0028,synth-0142
synth-0009,synth-0028,synth-0142
synth-0040,synth-0074,synth-0143
synth-0074,synth-0125,synth-0143
synth-0040,synth-0125,synth-0143
synth-0009,synth-0038,synth-0144
synth-0038,synth-0112,synth-0144
synth-0009,synth-0112,synth-0144
synth-0009,synth-0038,synth-0145
synth-0038,synth-0119,synth-0145
synth-0009,synth-0119,synth-0145
synth-0050,synth-0096,synth-0146
synth-0096,synth-0102,synth-0146
synth-0050,synth-0102,synth-0146
synth-0002,synth-0009,synth-0147
synth-0009,synth-0059,synth-0147
synth-0002,synth-0059,synth-0147
synth-0002,synth-0075,synth-0148
synth-0075,synth-0101,synth-0148
synth-0002,synth-0101,synth-0148
synth-0009,synth-0017,synth-0149
synth-0017,synth-0031,synth-0149
synth-0009,synth-0031,synth-0149
synth-0005,synth-0006,synth-0150
synth-0006,synth-0053,synth-0150
synth-0005,synth-0053,synth-0150
synth-0009,synth-0063,synth-0151
synth-0063,synth-0131,synth-0151
synth-0009,synth-0131,synth-0151
synth-0009,synth-0131,synth-0152
synth-0131,synth-0151,synth-0152
synth-0009,synth-0151,synth-0152
synth-0002,synth-0009,synth-0153
synth-0009,synth-0011,synth-0153
synth-0002,synth-0011,synth-0153
synth-0017,synth-0038,synth-0154
synth-0038,synth-0046,synth-0154
synth-0017,synth-0046,synth-0154
synth-0002,synth-0003,synth-0155
synth-0003,synth-0113,synth-0155
synth-0002,synth-0113,synth-0155
synth-0015,synth-0054,synth-0156
synth-0054,synth-0095,synth-0156
synth-0015,synth-0095,synth-0156
synth-0038,synth-0046,synth-0157
synth-0046,synth-0154,synth-0157
synth-0038,synth-0154,synth-0157
synth-0002,synth-0040,synth-0158
synth-0040,synth-0125,synth-0158
synth-0002,synth-0125,synth-0158
synth-0007,synth-0013,synth-0159
synth-0013,synth-0070,synth-0159
synth-0007,synth-0070,synth-0159
synth-0001,synth-0004,synth-0160
synth-0004,synth-0018,synth-0160
synth-0001,synth-0018,synth-0160
synth-0002,synth-0009,synth-0161
synth-0009,synth-0010,synth-0161
synth-0002,synth-0010,synth-0161
synth-0002,synth-0004,synth-0162
synth-0004,synth-0135,synth-0162
synth-0002,synth-0135,synth-0162
synth-0002,synth-0004,synth-0163
synth-0004,synth-0137,synth-0163
synth-0002,synth-0137,synth-0163
synth-0007,synth-0058,synth-0164
synth-0058,synth-0124,synth-0164
synth-0007,synth-0124,synth-0164
synth-0002,synth-0004,synth-0165
synth-0004,synth-0011,synth-0165
synth-0002,synth-0011,synth-0165
synth-0003,synth-0007,synth-0166
synth-0007,synth-0027,synth-0166
synth-0003,synth-0027,synth-0166
synth-0043,synth-0050,synth-0167
synth-0050,synth-0081,synth-0167
synth-0043,synth-0081,synth-0167
synth-0009,synth-0011,synth-0168
synth-0011,synth-0012,synth-0168
synth-0009,synth-0012,synth-0168
synth-0017,synth-0039,synth-0169
synth-0039,synth-0076,synth-0169
synth-0017,synth-0076,synth-0169
synth-0005,synth-0006,synth-0170
synth-0006,synth-0053,synth-0170
synth-0005,synth-0053,synth-0170
synth-0039,synth-0076,synth-0171
synth-0076,synth-0169,synth-0171
synth-0039,synth-0169,synth-0171
synth-0005,synth-0006,synth-0172
synth-0006,synth-0053,synth-0172
synth-0005,synth-0053,synth-0172
synth-0002,synth-0004,synth-0173
synth-0004,synth-0137,synth-0173
synth-0002,synth-0137,synth-0173
synth-0002,synth-0003,synth-0174
synth-0003,synth-0005,synth-0174
synth-0002,synth-0005,synth-0174
synth-0038,synth-0039,synth-0175
synth-0039,synth-0042,synth-0175
synth-0038,synth-0042,synth-0175
synth-0003,synth-0004,synth-0176
synth-0004,synth-0016,synth-0176
synth-0003,synth-0016,synth-0176
synth-0004,synth-0005,synth-0177
synth-0005,synth-0053,synth-0177
synth-0004,synth-0053,synth-0177
synth-0002,synth-0018,synth-0178
synth-0018,synth-0115,synth-0178
synth-0002,synth-0115,synth-0178
synth-0012,synth-0079,synth-0179
synth-0079,synth-0096,synth-0179
synth-0012,synth-0096,synth-0179
synth-0009,synth-0038,synth-0180
synth-0038,synth-0119,synth-0180
synth-0009,synth-0119,synth-0180
synth-0003,synth-0030,synth-0181
synth-0030,synth-0034,synth-0181
synth-0003,synth-0034,synth-0181
synth-0002,synth-0010,synth-0182
synth-0010,synth-0059,synth-0182
synth-0002,synth-0059,synth-0182
synth-0002,synth-0107,synth-0183
synth-0107,synth-0113,synth-0183
synth-0002,synth-0113,synth-0183
synth-0011,synth-0069,synth-0184
synth-0069,synth-0128,synth-0184
synth-0011,synth-0128,synth-0184
synth-0001,synth-0004,synth-0185
synth-0004,synth-0060,synth-0185
synth-0001,synth-0060,synth-0185
synth-0030,synth-0034,synth-0186
synth-0034,synth-0181,synth-0186
synth-0030,synth-0181,synth-0186
synth-0009,synth-0012,synth-0187
synth-0012,synth-0032,synth-0187
synth-0009,synth-0032,synth-0187
synth-0005,synth-0088,synth-0188
synth-0088,synth-0116,synth-0188
synth-0005,synth-0116,synth-0188
synth-0002,synth-0003,synth-0189
synth-0003,synth-0004,synth-0189
synth-0002,synth-0004,synth-0189
synth-0074,synth-0125,synth-0190
synth-0125,synth-0143,synth-0190
synth-0074,synth-0143,synth-0190
synth-0002,synth-0135,synth-0191
synth-0135,synth-0162,synth-0191
synth-0002,synth-0162,synth-0191
synth-0001,synth-0060,synth-0192
synth-0060,synth-0185,synth-0192
synth-0001,synth-0185,synth-0192
synth-0058,synth-0124,synth-0193
synth-0124,synth-0164,synth-0193
synth-0058,synth-0164,synth-0193
synth-0008,synth-0022,synth-0194
synth-0022,synth-0106,synth-0194
synth-0008,synth-0106,synth-0194
synth-0009,synth-0017,synth-0195
synth-0017,synth-0076,synth-0195
synth-0009,synth-0076,synth-0195
synth-0009,synth-0011,synth-0196
synth-0011,synth-0063,synth-0196
synth-0009,synth-0063,synth-0196
synth-0001,synth-0007,synth-0197
synth-0007,synth-0023,synth-0197
synth-0001,synth-0023,synth-0197
synth-0009,synth-0012,synth-0198
synth-0012,synth-0015,synth-0198
synth-0009,synth-0015,synth-0198
synth-0009,synth-0038,synth-0199
synth-0038,synth-0078,synth-0199
synth-0009,synth-0078,synth-0199
synth-0009,synth-0011,synth-0200
synth-0011,synth-0098,synth-0200
synth-0009,synth-0098,synth-0200
synth-0201,synth-0202,synth-0203
synth-0201,synth-0202,synth-0204
synth-0201,synth-0203,synth-0204
synth-0202,synth-0203,synth-0204
synth-0201,synth-0202,synth-0205
synth-0202,synth-0204,synth-0205
synth-0201,synth-0204,synth-0205
synth-0201,synth-0203,synth-0206
synth-0203,synth-0204,synth-0206
synth-0201,synth-0204,synth-0206
synth-0201,synth-0204,synth-0207
synth-0204,synth-0206,synth-0207
synth-0201,synth-0206,synth-0207
synth-0203,synth-0204,synth-0208
synth-0204,synth-0206,synth-0208
synth-0203,synth-0206,synth-0208
synth-0201,synth-0203,synth-0209
synth-0203,synth-0206,synth-0209
synth-0201,synth-0206,synth-0209
synth-0203,synth-0204,synth-0210
synth-0204,synth-0206,synth-0210
synth-0203,synth-0206,synth-0210
synth-0202,synth-0203,synth-0211
synth-0203,synth-0204,synth-0211
synth-0202,synth-0204,synth-0211
synth-0202,synth-0203,synth-0212
synth-0203,synth-0211,synth-0212
synth-0202,synth-0211,synth-0212
synth-0201,synth-0206,synth-0213
synth-0206,synth-0207,synth-0213
synth-0201,synth-0207,synth-0213
synth-0204,synth-0206,synth-0214
synth-0206,synth-0207,synth-0214
synth-0204,synth-0207,synth-0214
synth-0203,synth-0206,synth-0215
synth-0206,synth-0208,synth-0215
synth-0203,synth-0208,synth-0215
synth-0202,synth-0204,synth-0216
synth-0204,synth-0205,synth-0216
synth-0202,synth-0205,synth-0216
synth-0202,synth-0204,synth-0217
synth-0204,synth-0216,synth-0217
synth-0202,synth-0216,synth-0217
synth-0202,synth-0203,synth-0218
synth-0203,synth-0204,synth-0218
synth-0202,synth-0204,synth-0218
synth-0201,synth-0203,synth-0219
synth-0203,synth-0209,synth-0219
synth-0201,synth-0209,synth-0219
synth-0203,synth-0208,synth-0220
synth-0208,synth-0215,synth-0220
synth-0203,synth-0215,synth-0220
synth-0201,synth-0209,synth-0221
synth-0209,synth-0219,synth-0221
synth-0201,synth-0219,synth-0221
synth-0203,synth-0204,synth-0222
synth-0204,synth-0208,synth-0222
synth-0203,synth-0208,synth-0222
synth-0201,synth-0203,synth-0223
synth-0203,synth-0206,synth-0223
synth-0201,synth-0206,synth-0223
synth-0201,synth-0206,synth-0224
synth-0206,synth-0223,synth-0224
synth-0201,synth-0223,synth-0224
synth-0203,synth-0208,synth-0225
synth-0208,synth-0222,synth-0225
synth-0203,synth-0222,synth-0225
synth-0201,synth-0206,synth-0226
synth-0206,synth-0224,synth-0226
synth-0201,synth-0224,synth-0226
synth-0208,synth-0222,synth-0227
synth-0222,synth-0225,synth-0227
synth-0208,synth-0225,synth-0227
synth-0201,synth-0224,synth-0228
synth-0224,synth-0226,synth-0228
synth-0201,synth-0226,synth-0228
synth-0203,synth-0206,synth-0229
synth-0206,synth-0223,synth-0229
synth-0203,synth-0223,synth-0229
synth-0201,synth-0224,synth-0230
synth-0224,synth-0226,synth-0230
synth-0201,synth-0226,synth-0230
synth-0202,synth-0203,synth-0231
synth-0203,synth-0212,synth-0231
synth-0202,synth-0212,synth-0231
synth-0208,synth-0222,synth-0232
synth-0222,synth-0227,synth-0232
synth-0208,synth-0227,synth-0232
synth-0201,synth-0206,synth-0233
synth-0206,synth-0223,synth-0233
synth-0201,synth-0223,synth-0233
synth-0201,synth-0206,synth-0234
synth-0206,synth-0209,synth-0234
synth-0201,synth-0209,synth-0234
synth-0201,synth-0204,synth-0235
synth-0204,synth-0207,synth-0235
synth-0201,synth-0207,synth-0235
synth-0201,synth-0207,synth-0236
synth-0207,synth-0213,synth-0236
synth-0201,synth-0213,synth-0236
synth-0201,synth-0223,synth-0237
synth-0223,synth-0224,synth-0237
synth-0201,synth-0224,synth-0237
synth-0207,synth-0213,synth-0238
synth-0213,synth-0236,synth-0238
synth-0207,synth-0236,synth-0238
synth-0204,synth-0207,synth-0239
synth-0207,synth-0235,synth-0239
synth-0204,synth-0235,synth-0239
synth-0202,synth-0204,synth-0240
synth-0204,synth-0205,synth-0240
synth-0202,synth-0205,synth-0240
synth-0203,synth-0208,synth-0241
synth-0208,synth-0220,synth-0241
synth-0203,synth-0220,synth-0241
synth-0204,synth-0205,synth-0242
synth-0205,synth-0240,synth-0242
synth-0204,synth-0240,synth-0242
synth-0203,synth-0204,synth-0243
synth-0204,synth-0210,synth-0243
synth-0203,synth-0210,synth-0243
synth-0201,synth-0209,synth-0244
synth-0209,synth-0219,synth-0244
synth-0201,synth-0219,synth-0244
synth-0204,synth-0206,synth-0245
synth-0206,synth-0210,synth-0245
synth-0204,synth-0210,synth-0245
synth-0201,synth-0207,synth-0246
synth-0207,synth-0213,synth-0246
synth-0201,synth-0213,synth-0246
synth-0208,synth-0222,synth-0247
synth-0222,synth-0227,synth-0247
synth-0208,synth-0227,synth-0247
synth-0209,synth-0219,synth-0248
synth-0219,synth-0221,synth-0248
synth-0209,synth-0221,synth-0248
synth-0206,synth-0223,synth-0249
synth-0223,synth-0224,synth-0249
synth-0206,synth-0224,synth-0249
synth-0203,synth-0220,synth-0250
synth-0220,synth-0241,synth-0250
synth-0203,synth-0241,synth-0250
synth-0206,synth-0209,synth-0251
synth-0209,synth-0234,synth-0251
synth-0206,synth-0234,synth-0251
synth-0201,synth-0206,synth-0252
synth-0206,synth-0207,synth-0252
synth-0201,synth-0207,synth-0252
synth-0207,synth-0213,synth-0253
synth-0213,synth-0238,synth-0253
synth-0207,synth-0238,synth-0253
synth-0202,synth-0203,synth-0254
synth-0203,synth-0231,synth-0254
synth-0202,synth-0231,synth-0254
synth-0207,synth-0236,synth-0255
synth-0236,synth-0238,synth-0255
synth-0207,synth-0238,synth-0255
synth-0202,synth-0216,synth-0256
synth-0216,synth-0217,synth-0256
synth-0202,synth-0217,synth-0256
synth-0204,synth-0207,synth-0257
synth-0207,synth-0239,synth-0257
synth-0204,synth-0239,synth-0257
synth-0207,synth-0213,synth-0258
synth-0213,synth-0236,synth-0258
synth-0207,synth-0236,synth-0258
synth-0208,synth-0225,synth-0259
synth-0225,synth-0227,synth-0259
synth-0208,synth-0227,synth-0259
synth-0206,synth-0209,synth-0260
synth-0209,synth-0251,synth-0260
synth-0206,synth-0251,synth-0260
synth-0201,synth-0226,synth-0261
synth-0226,synth-0230,synth-0261
synth-0201,synth-0230,synth-0261
synth-0208,synth-0225,synth-0262
synth-0225,synth-0227,synth-0262
synth-0208,synth-0227,synth-0262
synth-0201,synth-0223,synth-0263
synth-0223,synth-0233,synth-0263
synth-0201,synth-0233,synth-0263
synth-0208,synth-0225,synth-0264
synth-0225,synth-0259,synth-0264
synth-0208,synth-0259,synth-0264
synth-0201,synth-0206,synth-0265
synth-0206,synth-0224,synth-0265
synth-0201,synth-0224,synth-0265
synth-0225,synth-0227,synth-0266
synth-0227,synth-0259,synth-0266
synth-0225,synth-0259,synth-0266
synth-0202,synth-0205,synth-0267
synth-0205,synth-0240,synth-0267
synth-0202,synth-0240,synth-0267
synth-0208,synth-0222,synth-0268
synth-0222,synth-0232,synth-0268
synth-0208,synth-0232,synth-0268
synth-0222,synth-0227,synth-0269
synth-0227,synth-0247,synth-0269
synth-0222,synth-0247,synth-0269
synth-0206,synth-0209,synth-0270
synth-0209,synth-0234,synth-0270
synth-0206,synth-0234,synth-0270
synth-0203,synth-0206,synth-0271
synth-0206,synth-0223,synth-0271
synth-0203,synth-0223,synth-0271
synth-0204,synth-0205,synth-0272
synth-0205,synth-0242,synth-0272
synth-0204,synth-0242,synth-0272
synth-0208,synth-0227,synth-0273
synth-0227,synth-0247,synth-0273
synth-0208,synth-0247,synth-0273
synth-0202,synth-0204,synth-0274
synth-0204,synth-0240,synth-0274
synth-0202,synth-0240,synth-0274
synth-0204,synth-0235,synth-0275
synth-0235,synth-0239,synth-0275
synth-0204,synth-0239,synth-0275
synth-0203,synth-0204,synth-0276
synth-0204,synth-0218,synth-0276
synth-0203,synth-0218,synth-0276
synth-0202,synth-0204,synth-0277
synth-0204,synth-0240,synth-0277
synth-0202,synth-0240,synth-0277
synth-0206,synth-0210,synth-0278
synth-0210,synth-0245,synth-0278
synth-0206,synth-0245,synth-0278
synth-0201,synth-0230,synth-0279
synth-0230,synth-0261,synth-0279
synth-0201,synth-0261,synth-0279
synth-0202,synth-0212,synth-0280
synth-0212,synth-0231,synth-0280
synth-0202,synth-0231,synth-0280
synth-0202,synth-0203,synth-0281
synth-0203,synth-0204,synth-0281
synth-0202,synth-0204,synth-0281
synth-0209,synth-0234,synth-0282
synth-0234,synth-0251,synth-0282
synth-0209,synth-0251,synth-0282
synth-0213,synth-0236,synth-0283
synth-0236,synth-0258,synth-0283
synth-0213,synth-0258,synth-0283
synth-0204,synth-0242,synth-0284
synth-0242,synth-0272,synth-0284
synth-0204,synth-0272,synth-0284
synth-0209,synth-0234,synth-0285
synth-0234,synth-0282,synth-0285
synth-0209,synth-0282,synth-0285
synth-0222,synth-0247,synth-0286
synth-0247,synth-0269,synth-0286
synth-0222,synth-0269,synth-0286
synth-0201,synth-0206,synth-0287
synth-0206,synth-0226,synth-0287
synth-0201,synth-0226,synth-0287
synth-0204,synth-0206,synth-0288
synth-0206,synth-0214,synth-0288
synth-0204,synth-0214,synth-0288
synth-0206,synth-0209,synth-0289
synth-0209,synth-0270,synth-0289
synth-0206,synth-0270,synth-0289
synth-0203,synth-0206,synth-0290
synth-0206,synth-0210,synth-0290
synth-0203,synth-0210,synth-0290
synth-0220,synth-0241,synth-0291
synth-0241,synth-0250,synth-0291
synth-0220,synth-0250,synth-0291
synth-0208,synth-0222,synth-0292
synth-0222,synth-0227,synth-0292
synth-0208,synth-0227,synth-0292
synth-0201,synth-0202,synth-0293
synth-0202,synth-0204,synth-0293
synth-0201,synth-0204,synth-0293
synth-0204,synth-0206,synth-0294
synth-0206,synth-0288,synth-0294
synth-0204,synth-0288,synth-0294
synth-0201,synth-0204,synth-0295
synth-0204,synth-0207,synth-0295
synth-0201,synth-0207,synth-0295
synth-0202,synth-0203,synth-0296
synth-0203,synth-0204,synth-0296
synth-0202,synth-0204,synth-0296
synth-0204,synth-0207,synth-0297
synth-0207,synth-0214,synth-0297
synth-0204,synth-0214,synth-0297
synth-0204,synth-0242,synth-0298
synth-0242,synth-0272,synth-0298
synth-0204,synth-0272,synth-0298
synth-0224,synth-0226,synth-0299
synth-0226,synth-0230,synth-0299
synth-0224,synth-0230,synth-0299
synth-0201,synth-0206,synth-0300
synth-0206,synth-0207,synth-0300
synth-0201,synth-0207,synth-0300
synth-0201,synth-0207,synth-0301
synth-0207,synth-0235,synth-0301
synth-0201,synth-0235,synth-0301
synth-0242,synth-0272,synth-0302
synth-0272,synth-0284,synth-0302
synth-0242,synth-0284,synth-0302
synth-0204,synth-0207,synth-0303
synth-0207,synth-0257,synth-0303
synth-0204,synth-0257,synth-0303
synth-0235,synth-0239,synth-0304
synth-0239,synth-0275,synth-0304
synth-0235,synth-0275,synth-0304
synth-0203,synth-0231,synth-0305
synth-0231,synth-0254,synth-0305
synth-0203,synth-0254,synth-0305
synth-0208,synth-0227,synth-0306
synth-0227,synth-0259,synth-0306
synth-0208,synth-0259,synth-0306
synth-0204,synth-0239,synth-0307
synth-0239,synth-0275,synth-0307
synth-0204,synth-0275,synth-0307
synth-0207,synth-0236,synth-0308
synth-0236,synth-0258,synth-0308
synth-0207,synth-0258,synth-0308
synth-0201,synth-0206,synth-0309
synth-0206,synth-0233,synth-0309
synth-0201,synth-0233,synth-0309
synth-0202,synth-0212,synth-0310
synth-0212,synth-0280,synth-0310
synth-0202,synth-0280,synth-0310
synth-0203,synth-0208,synth-0311
synth-0208,synth-0222,synth-0311
synth-0203,synth-0222,synth-0311
synth-0202,synth-0212,synth-0312
synth-0212,synth-0310,synth-0312
synth-0202,synth-0310,synth-0312
synth-0203,synth-0204,synth-0313
synth-0204,synth-0210,synth-0313
synth-0203,synth-0210,synth-0313
synth-0213,synth-0238,synth-0314
synth-0238,synth-0253,synth-0314
synth-0213,synth-0253,synth-0314
synth-0204,synth-0206,synth-0315
synth-0206,synth-0208,synth-0315
synth-0204,synth-0208,synth-0315
synth-0204,synth-0210,synth-0316
synth-0210,synth-0243,synth-0316
synth-0204,synth-0243,synth-0316
synth-0209,synth-0251,synth-0317
synth-0251,synth-0260,synth-0317
synth-0209,synth-0260,synth-0317
synth-0203,synth-0206,synth-0318
synth-0206,synth-0271,synth-0318
synth-0203,synth-0271,synth-0318
synth-0239,synth-0275,synth-0319
synth-0275,synth-0304,synth-0319
synth-0239,synth-0304,synth-0319
synth-0204,synth-0235,synth-0320
synth-0235,synth-0275,synth-0320
synth-0204,synth-0275,synth-0320
synth-0209,synth-0221,synth-0321
synth-0221,synth-0248,synth-0321
synth-0209,synth-0248,synth-0321
synth-0201,synth-0206,synth-0322
synth-0206,synth-0252,synth-0322
synth-0201,synth-0252,synth-0322
synth-0230,synth-0261,synth-0323
synth-0261,synth-0279,synth-0323
synth-0230,synth-0279,synth-0323
synth-0220,synth-0250,synth-0324
synth-0250,synth-0291,synth-0324
synth-0220,synth-0291,synth-0324
synth-0208,synth-0227,synth-0325
synth-0227,synth-0262,synth-0325
synth-0208,synth-0262,synth-0325
synth-0204,synth-0239,synth-0326
synth-0239,synth-0257,synth-0326
synth-0204,synth-0257,synth-0326
synth-0201,synth-0223,synth-0327
synth-0223,synth-0233,synth-0327
synth-0201,synth-0233,synth-0327
synth-0212,synth-0280,synth-0328
synth-0280,synth-0310,synth-0328
synth-0212,synth-0310,synth-0328
synth-0201,synth-0203,synth-0329
synth-0203,synth-0204,synth-0329
synth-0201,synth-0204,synth-0329
synth-0203,synth-0271,synth-0330
synth-0271,synth-0318,synth-0330
synth-0203,synth-0318,synth-0330
synth-0204,synth-0239,synth-0331
synth-0239,synth-0326,synth-0331
synth-0204,synth-0326,synth-0331
synth-0202,synth-0211,synth-0332
synth-0211,synth-0212,synth-0332
synth-0202,synth-0212,synth-0332
synth-0204,synth-0239,synth-0333
synth-0239,synth-0307,synth-0333
synth-0204,synth-0307,synth-0333
synth-0203,synth-0206,synth-0334
synth-0206,synth-0318,synth-0334
synth-0203,synth-0318,synth-0334
synth-0225,synth-0259,synth-0335
synth-0259,synth-0266,synth-0335
synth-0225,synth-0266,synth-0335
synth-0206,synth-0270,synth-0336
synth-0270,synth-0289,synth-0336
synth-0206,synth-0289,synth-0336
synth-0204,synth-0272,synth-0337
synth-0272,synth-0284,synth-0337
synth-0204,synth-0284,synth-0337
synth-0222,synth-0227,synth-0338
synth-0227,synth-0292,synth-0338
synth-0222,synth-0292,synth-0338
synth-0208,synth-0227,synth-0339
synth-0227,synth-0262,synth-0339
synth-0208,synth-0262,synth-0339
synth-0212,synth-0280,synth-0340
synth-0280,synth-0310,synth-0340
synth-0212,synth-0310,synth-0340
synth-0207,synth-0236,synth-0341
synth-0236,synth-0258,synth-0341
synth-0207,synth-0258,synth-0341
synth-0202,synth-0204,synth-0342
synth-0204,synth-0281,synth-0342
synth-0202,synth-0281,synth-0342
synth-0225,synth-0259,synth-0343
synth-0259,synth-0264,synth-0343
synth-0225,synth-0264,synth-0343
synth-0209,synth-0219,synth-0344
synth-0219,synth-0244,synth-0344
synth-0209,synth-0244,synth-0344
synth-0203,synth-0204,synth-0345
synth-0204,synth-0218,synth-0345
synth-0203,synth-0218,synth-0345
synth-0203,synth-0204,synth-0346
synth-0204,synth-0243,synth-0346
synth-0203,synth-0243,synth-0346
synth-0202,synth-0217,synth-0347
synth-0217,synth-0256,synth-0347
synth-0202,synth-0256,synth-0347
synth-0239,synth-0275,synth-0348
synth-0275,synth-0319,synth-0348
synth-0239,synth-0319,synth-0348
synth-0235,synth-0275,synth-0349
synth-0275,synth-0320,synth-0349
synth-0235,synth-0320,synth-0349
synth-0202,synth-0256,synth-0350
synth-0256,synth-0347,synth-0350
synth-0202,synth-0347,synth-0350
synth-0201,synth-0207,synth-0351
synth-0207,synth-0300,synth-0351
synth-0201,synth-0300,synth-0351
synth-0222,synth-0227,synth-0352
synth-0227,synth-0247,synth-0352
synth-0222,synth-0247,synth-0352
synth-0202,synth-0204,synth-0353
synth-0204,synth-0205,synth-0353
synth-0202,synth-0205,synth-0353
synth-0207,synth-0213,synth-0354
synth-0213,synth-0238,synth-0354
synth-0207,synth-0238,synth-0354
synth-0239,synth-0275,synth-0355
synth-0275,synth-0307,synth-0355
synth-0239,synth-0307,synth-0355
synth-0224,synth-0230,synth-0356
synth-0230,synth-0299,synth-0356
synth-0224,synth-0299,synth-0356
synth-0208,synth-0222,synth-0357
synth-0222,synth-0232,synth-0357
synth-0208,synth-0232,synth-0357
synth-0203,synth-0208,synth-0358
synth-0208,synth-0241,synth-0358
synth-0203,synth-0241,synth-0358
synth-0224,synth-0230,synth-0359
synth-0230,synth-0356,synth-0359
synth-0224,synth-0356,synth-0359
synth-0201,synth-0206,synth-0360
synth-0206,synth-0322,synth-0360
synth-0201,synth-0322,synth-0360
synth-0208,synth-0232,synth-0361
synth-0232,synth-0268,synth-0361
synth-0208,synth-0268,synth-0361
synth-0207,synth-0236,synth-0362
synth-0236,synth-0308,synth-0362
synth-0207,synth-0308,synth-0362
synth-0203,synth-0215,synth-0363
synth-0215,synth-0220,synth-0363
synth-0203,synth-0220,synth-0363
synth-0206,synth-0223,synth-0364
synth-0223,synth-0249,synth-0364
synth-0206,synth-0249,synth-0364
synth-0251,synth-0260,synth-0365
synth-0260,synth-0317,synth-0365
synth-0251,synth-0317,synth-0365
synth-0201,synth-0252,synth-0366
synth-0252,synth-0322,synth-0366
synth-0201,synth-0322,synth-0366
synth-0208,synth-0225,synth-0367
synth-0225,synth-0262,synth-0367
synth-0208,synth-0262,synth-0367
synth-0205,synth-0242,synth-0368
synth-0242,synth-0272,synth-0368
synth-0205,synth-0272,synth-0368
synth-0225,synth-0259,synth-0369
synth-0259,synth-0264,synth-0369
synth-0225,synth-0264,synth-0369
synth-0224,synth-0356,synth-0370
synth-0356,synth-0359,synth-0370
synth-0224,synth-0359,synth-0370
synth-0225,synth-0264,synth-0371
synth-0264,synth-0369,synth-0371
synth-0225,synth-0369,synth-0371
synth-0203,synth-0223,synth-0372
synth-0223,synth-0271,synth-0372
synth-0203,synth-0271,synth-0372
synth-0209,synth-0251,synth-0373
synth-0251,synth-0282,synth-0373
synth-0209,synth-0282,synth-0373
synth-0219,synth-0244,synth-0374
synth-0244,synth-0344,synth-0374
synth-0219,synth-0344,synth-0374
synth-0224,synth-0230,synth-0375
synth-0230,synth-0359,synth-0375
synth-0224,synth-0359,synth-0375
synth-0280,synth-0310,synth-0376
synth-0310,synth-0340,synth-0376
synth-0280,synth-0340,synth-0376
synth-0203,synth-0208,synth-0377
synth-0208,synth-0222,synth-0377
synth-0203,synth-0222,synth-0377
synth-0208,synth-0262,synth-0378
synth-0262,synth-0367,synth-0378
synth-0208,synth-0367,synth-0378
synth-0207,synth-0214,synth-0379
synth-0214,synth-0297,synth-0379
synth-0207,synth-0297,synth-0379
synth-0204,synth-0239,synth-0380
synth-0239,synth-0333,synth-0380
synth-0204,synth-0333,synth-0380
synth-0209,synth-0251,synth-0381
synth-0251,synth-0260,synth-0381
synth-0209,synth-0260,synth-0381
synth-0206,synth-0224,synth-0382
synth-0224,synth-0265,synth-0382
synth-0206,synth-0265,synth-0382
synth-0201,synth-0224,synth-0383
synth-0224,synth-0226,synth-0383
synth-0201,synth-0226,synth-0383
synth-0234,synth-0282,synth-0384
synth-0282,synth-0285,synth-0384
synth-0234,synth-0285,synth-0384
synth-0202,synth-0240,synth-0385
synth-0240,synth-0267,synth-0385
synth-0202,synth-0267,synth-0385
synth-0225,synth-0259,synth-0386
synth-0259,synth-0264,synth-0386
synth-0225,synth-0264,synth-0386
synth-0239,synth-0326,synth-0387
synth-0326,synth-0331,synth-0387
synth-0239,synth-0331,synth-0387
synth-0201,synth-0202,synth-0388
synth-0202,synth-0205,synth-0388
synth-0201,synth-0205,synth-0388
synth-0206,synth-0210,synth-0389
synth-0210,synth-0278,synth-0389
synth-0206,synth-0278,synth-0389
synth-0202,synth-0203,synth-0390
synth-0203,synth-0204,synth-0390
synth-0202,synth-0204,synth-0390
synth-0204,synth-0235,synth-0391
synth-0235,synth-0275,synth-0391
synth-0204,synth-0275,synth-0391
synth-0201,synth-0224,synth-0392
synth-0224,synth-0226,synth-0392
synth-0201,synth-0226,synth-0392
synth-0204,synth-0206,synth-0393
synth-0206,synth-0294,synth-0393
synth-0204,synth-0294,synth-0393
synth-0203,synth-0271,synth-0394
synth-0271,synth-0318,synth-0394
synth-0203,synth-0318,synth-0394
synth-0204,synth-0235,synth-0395
synth-0235,synth-0391,synth-0395
synth-0204,synth-0391,synth-0395
synth-0209,synth-0251,synth-0396
synth-0251,synth-0373,synth-0396
synth-0209,synth-0373,synth-0396
synth-0201,synth-0213,synth-0397
synth-0213,synth-0246,synth-0397
synth-0201,synth-0246,synth-0397
synth-0235,synth-0320,synth-0398
synth-0320,synth-0349,synth-0398
synth-0235,synth-0349,synth-0398
synth-0204,synth-0243,synth-0399
synth-0243,synth-0316,synth-0399
synth-0204,synth-0316,synth-0399
synth-0202,synth-0203,synth-0400
synth-0203,synth-0231,synth-0400
synth-0202,synth-0231,synth-0400
synth-0401,synth-0402,synth-0403
synth-0401,synth-0402,synth-0404
synth-0401,synth-0403,synth-0404
synth-0402,synth-0403,synth-0404
synth-0401,synth-0402,synth-0405
synth-0402,synth-0403,synth-0405
synth-0401,synth-0403,synth-0405
synth-0401,synth-0402,synth-0406
synth-0402,synth-0404,synth-0406
synth-0401,synth-0404,synth-0406
synth-0401,synth-0402,synth-0407
synth-0402,synth-0406,synth-0407
synth-0401,synth-0406,synth-0407
synth-0401,synth-0403,synth-0408
synth-0403,synth-0404,synth-0408
synth-0401,synth-0404,synth-0408
synth-0402,synth-0404,synth-0409
synth-0404,synth-0406,synth-0409
synth-0402,synth-0406,synth-0409
synth-0401,synth-0406,synth-0410
synth-0406,synth-0407,synth-0410
synth-0401,synth-0407,synth-0410
synth-0402,synth-0403,synth-0411
synth-0403,synth-0404,synth-0411
synth-0402,synth-0404,synth-0411
synth-0401,synth-0403,synth-0412
synth-0403,synth-0405,synth-0412
synth-0401,synth-0405,synth-0412
synth-0402,synth-0404,synth-0413
synth-0404,synth-0411,synth-0413
synth-0402,synth-0411,synth-0413
synth-0402,synth-0403,synth-0414
synth-0403,synth-0405,synth-0414
synth-0402,synth-0405,synth-0414
synth-0402,synth-0403,synth-0415
synth-0403,synth-0411,synth-0415
synth-0402,synth-0411,synth-0415
synth-0402,synth-0403,synth-0416
synth-0403,synth-0411,synth-0416
synth-0402,synth-0411,synth-0416
synth-0402,synth-0404,synth-0417
synth-0404,synth-0411,synth-0417
synth-0402,synth-0411,synth-0417
synth-0401,synth-0403,synth-0418
synth-0403,synth-0405,synth-0418
synth-0401,synth-0405,synth-0418
synth-0402,synth-0404,synth-0419
synth-0404,synth-0411,synth-0419
synth-0402,synth-0411,synth-0419
synth-0402,synth-0411,synth-0420
synth-0411,synth-0417,synth-0420
synth-0402,synth-0417,synth-0420
synth-0402,synth-0404,synth-0421
synth-0404,synth-0417,synth-0421
synth-0402,synth-0417,synth-0421
synth-0402,synth-0405,synth-0422
synth-0405,synth-0414,synth-0422
synth-0402,synth-0414,synth-0422
synth-0402,synth-0417,synth-0423
synth-0417,synth-0421,synth-0423
synth-0402,synth-0421,synth-0423
synth-0401,synth-0404,synth-0424
synth-0404,synth-0408,synth-0424
synth-0401,synth-0408,synth-0424
synth-0402,synth-0411,synth-0425
synth-0411,synth-0413,synth-0425
synth-0402,synth-0413,synth-0425
synth-0403,synth-0411,synth-0426
synth-0411,synth-0416,synth-0426
synth-0403,synth-0416,synth-0426
synth-0401,synth-0403,synth-0427
synth-0403,synth-0408,synth-0427
synth-0401,synth-0408,synth-0427
synth-0404,synth-0406,synth-0428
synth-0406,synth-0409,synth-0428
synth-0404,synth-0409,synth-0428
synth-0402,synth-0403,synth-0429
synth-0403,synth-0404,synth-0429
synth-0402,synth-0404,synth-0429
synth-0406,synth-0407,synth-0430
synth-0407,synth-0410,synth-0430
synth-0406,synth-0410,synth-0430
synth-0411,synth-0413,synth-0431
synth-0413,synth-0425,synth-0431
synth-0411,synth-0425,synth-0431
synth-0404,synth-0408,synth-0432
synth-0408,synth-0424,synth-0432
synth-0404,synth-0424,synth-0432
synth-0402,synth-0411,synth-0433
synth-0411,synth-0417,synth-0433
synth-0402,synth-0417,synth-0433
synth-0402,synth-0411,synth-0434
synth-0411,synth-0415,synth-0434
synth-0402,synth-0415,synth-0434
synth-0404,synth-0408,synth-0435
synth-0408,synth-0424,synth-0435
synth-0404,synth-0424,synth-0435
synth-0404,synth-0424,synth-0436
synth-0424,synth-0432,synth-0436
synth-0404,synth-0432,synth-0436
synth-0402,synth-0414,synth-0437
synth-0414,synth-0422,synth-0437
synth-0402,synth-0422,synth-0437
synth-0401,synth-0406,synth-0438
synth-0406,synth-0407,synth-0438
synth-0401,synth-0407,synth-0438
synth-0401,synth-0407,synth-0439
synth-0407,synth-0410,synth-0439
synth-0401,synth-0410,synth-0439
synth-0401,synth-0404,synth-0440
synth-0404,synth-0408,synth-0440
synth-0401,synth-0408,synth-0440
synth-0417,synth-0421,synth-0441
synth-0421,synth-0423,synth-0441
synth-0417,synth-0423,synth-0441
synth-0411,synth-0415,synth-0442
synth-0415,synth-0434,synth-0442
synth-0411,synth-0434,synth-0442
synth-0406,synth-0409,synth-0443
synth-0409,synth-0428,synth-0443
synth-0406,synth-0428,synth-0443
synth-0401,synth-0404,synth-0444
synth-0404,synth-0408,synth-0444
synth-0401,synth-0408,synth-0444
synth-0402,synth-0421,synth-0445
synth-0421,synth-0423,synth-0445
synth-0402,synth-0423,synth-0445
synth-0406,synth-0407,synth-0446
synth-0407,synth-0410,synth-0446
synth-0406,synth-0410,synth-0446
synth-0402,synth-0414,synth-0447
synth-0414,synth-0437,synth-0447
synth-0402,synth-0437,synth-0447
synth-0424,synth-0432,synth-0448
synth-0432,synth-0436,synth-0448
synth-0424,synth-0436,synth-0448
synth-0401,synth-0408,synth-0449
synth-0408,synth-0440,synth-0449
synth-0401,synth-0440,synth-0449
synth-0401,synth-0403,synth-0450
synth-0403,synth-0427,synth-0450
synth-0401,synth-0427,synth-0450
synth-0401,synth-0403,synth-0451
synth-0403,synth-0408,synth-0451
synth-0401,synth-0408,synth-0451
synth-0401,synth-0408,synth-0452
synth-0408,synth-0449,synth-0452
synth-0401,synth-0449,synth-0452
synth-0417,synth-0421,synth-0453
synth-0421,synth-0441,synth-0453
synth-0417,synth-0441,synth-0453
synth-0404,synth-0408,synth-0454
synth-0408,synth-0435,synth-0454
synth-0404,synth-0435,synth-0454
synth-0413,synth-0425,synth-0455
synth-0425,synth-0431,synth-0455
synth-0413,synth-0431,synth-0455
synth-0417,synth-0441,synth-0456
synth-0441,synth-0453,synth-0456
synth-0417,synth-0453,synth-0456
synth-0403,synth-0405,synth-0457
synth-0405,synth-0414,synth-0457
synth-0403,synth-0414,synth-0457
synth-0404,synth-0406,synth-0458
synth-0406,synth-0409,synth-0458
synth-0404,synth-0409,synth-0458
synth-0401,synth-0408,synth-0459
synth-0408,synth-0427,synth-0459
synth-0401,synth-0427,synth-0459
synth-0409,synth-0428,synth-0460
synth-0428,synth-0443,synth-0460
synth-0409,synth-0443,synth-0460
synth-0432,synth-0436,synth-0461
synth-0436,synth-0448,synth-0461
synth-0432,synth-0448,synth-0461
synth-0436,synth-0448,synth-0462
synth-0448,synth-0461,synth-0462
synth-0436,synth-0461,synth-0462
synth-0402,synth-0411,synth-0463
synth-0411,synth-0417,synth-0463
synth-0402,synth-0417,synth-0463
synth-0417,synth-0423,synth-0464
synth-0423,synth-0441,synth-0464
synth-0417,synth-0441,synth-0464
synth-0411,synth-0416,synth-0465
synth-0416,synth-0426,synth-0465
synth-0411,synth-0426,synth-0465
synth-0405,synth-0414,synth-0466
synth-0414,synth-0422,synth-0466
synth-0405,synth-0422,synth-0466
synth-0402,synth-0405,synth-0467
synth-0405,synth-0414,synth-0467
synth-0402,synth-0414,synth-0467
synth-0403,synth-0416,synth-0468
synth-0416,synth-0426,synth-0468
synth-0403,synth-0426,synth-0468
synth-0404,synth-0408,synth-0469
synth-0408,synth-0440,synth-0469
synth-0404,synth-0440,synth-0469
synth-0405,synth-0414,synth-0470
synth-0414,synth-0457,synth-0470
synth-0405,synth-0457,synth-0470
synth-0401,synth-0407,synth-0471
synth-0407,synth-0410,synth-0471
synth-0401,synth-0410,synth-0471
synth-0401,synth-0406,synth-0472
synth-0406,synth-0438,synth-0472
synth-0401,synth-0438,synth-0472
synth-0424,synth-0436,synth-0473
synth-0436,synth-0448,synth-0473
synth-0424,synth-0448,synth-0473
synth-0402,synth-0404,synth-0474
synth-0404,synth-0411,synth-0474
synth-0402,synth-0411,synth-0474
synth-0401,synth-0403,synth-0475
synth-0403,synth-0408,synth-0475
synth-0401,synth-0408,synth-0475
synth-0402,synth-0404,synth-0476
synth-0404,synth-0419,synth-0476
synth-0402,synth-0419,synth-0476
synth-0406,synth-0410,synth-0477
synth-0410,synth-0446,synth-0477
synth-0406,synth-0446,synth-0477
synth-0417,synth-0421,synth-0478
synth-0421,synth-0441,synth-0478
synth-0417,synth-0441,synth-0478
synth-0409,synth-0428,synth-0479
synth-0428,synth-0460,synth-0479
synth-0409,synth-0460,synth-0479
synth-0402,synth-0411,synth-0480
synth-0411,synth-0463,synth-0480
synth-0402,synth-0463,synth-0480
synth-0401,synth-0404,synth-0481
synth-0404,synth-0444,synth-0481
synth-0401,synth-0444,synth-0481
synth-0403,synth-0405,synth-0482
synth-0405,synth-0412,synth-0482
synth-0403,synth-0412,synth-0482
synth-0404,synth-0432,synth-0483
synth-0432,synth-0436,synth-0483
synth-0404,synth-0436,synth-0483
synth-0428,synth-0460,synth-0484
synth-0460,synth-0479,synth-0484
synth-0428,synth-0479,synth-0484
synth-0411,synth-0416,synth-0485
synth-0416,synth-0465,synth-0485
synth-0411,synth-0465,synth-0485
synth-0403,synth-0405,synth-0486
synth-0405,synth-0482,synth-0486
synth-0403,synth-0482,synth-0486
synth-0401,synth-0403,synth-0487
synth-0403,synth-0405,synth-0487
synth-0401,synth-0405,synth-0487
synth-0402,synth-0411,synth-0488
synth-0411,synth-0416,synth-0488
synth-0402,synth-0416,synth-0488
synth-0402,synth-0417,synth-0489
synth-0417,synth-0463,synth-0489
synth-0402,synth-0463,synth-0489
synth-0411,synth-0463,synth-0490
synth-0463,synth-0480,synth-0490
synth-0411,synth-0480,synth-0490
synth-0403,synth-0408,synth-0491
synth-0408,synth-0427,synth-0491
synth-0403,synth-0427,synth-0491
synth-0402,synth-0419,synth-0492
synth-0419,synth-0476,synth-0492
synth-0402,synth-0476,synth-0492
synth-0403,synth-0404,synth-0493
synth-0404,synth-0411,synth-0493
synth-0403,synth-0411,synth-0493
synth-0402,synth-0406,synth-0494
synth-0406,synth-0407,synth-0494
synth-0402,synth-0407,synth-0494
synth-0404,synth-0411,synth-0495
synth-0411,synth-0419,synth-0495
synth-0404,synth-0419,synth-0495
synth-0411,synth-0415,synth-0496
synth-0415,synth-0434,synth-0496
synth-0411,synth-0434,synth-0496
synth-0404,synth-0408,synth-0497
synth-0408,synth-0432,synth-0497
synth-0404,synth-0432,synth-0497
synth-0411,synth-0413,synth-0498
synth-0413,synth-0425,synth-0498
synth-0411,synth-0425,synth-0498
synth-0408,synth-0424,synth-0499
synth-0424,synth-0432,synth-0499
synth-0408,synth-0432,synth-0499
synth-0402,synth-0406,synth-0500
synth-0406,synth-0409,synth-0500
synth-0402,synth-0409,synth-0500
synth-0401,synth-0449,synth-0501
synth-0449,synth-0452,synth-0501
synth-0401,synth-0452,synth-0501
synth-0413,synth-0431,synth-0502
synth-0431,synth-0455,synth-0502
synth-0413,synth-0455,synth-0502
synth-0417,synth-0463,synth-0503
synth-0463,synth-0489,synth-0503
synth-0417,synth-0489,synth-0503
synth-0404,synth-0408,synth-0504
synth-0408,synth-0440,synth-0504
synth-0404,synth-0440,synth-0504
synth-0428,synth-0460,synth-0505
synth-0460,synth-0484,synth-0505
synth-0428,synth-0484,synth-0505
synth-0408,synth-0435,synth-0506
synth-0435,synth-0454,synth-0506
synth-0408,synth-0454,synth-0506
synth-0411,synth-0413,synth-0507
synth-0413,synth-0431,synth-0507
synth-0411,synth-0431,synth-0507
synth-0404,synth-0424,synth-0508
synth-0424,synth-0432,synth-0508
synth-0404,synth-0432,synth-0508
synth-0401,synth-0407,synth-0509
synth-0407,synth-0410,synth-0509
synth-0401,synth-0410,synth-0509
synth-0411,synth-0465,synth-0510
synth-0465,synth-0485,synth-0510
synth-0411,synth-0485,synth-0510
synth-0401,synth-0403,synth-0511
synth-0403,synth-0450,synth-0511
synth-0401,synth-0450,synth-0511
synth-0401,synth-0402,synth-0512
synth-0402,synth-0407,synth-0512
synth-0401,synth-0407,synth-0512
synth-0403,synth-0408,synth-0513
synth-0408,synth-0491,synth-0513
synth-0403,synth-0491,synth-0513
synth-0411,synth-0417,synth-0514
synth-0417,synth-0463,synth-0514
synth-0411,synth-0463,synth-0514
synth-0409,synth-0443,synth-0515
synth-0443,synth-0460,synth-0515
synth-0409,synth-0460,synth-0515
synth-0401,synth-0450,synth-0516
synth-0450,synth-0511,synth-0516
synth-0401,synth-0511,synth-0516
synth-0401,synth-0452,synth-0517
synth-0452,synth-0501,synth-0517
synth-0401,synth-0501,synth-0517
synth-0428,synth-0484,synth-0518
synth-0484,synth-0505,synth-0518
synth-0428,synth-0505,synth-0518
synth-0428,synth-0460,synth-0519
synth-0460,synth-0484,synth-0519
synth-0428,synth-0484,synth-0519
synth-0407,synth-0410,synth-0520
synth-0410,synth-0446,synth-0520
synth-0407,synth-0446,synth-0520
synth-0401,synth-0403,synth-0521
synth-0403,synth-0451,synth-0521
synth-0401,synth-0451,synth-0521
synth-0424,synth-0432,synth-0522
synth-0432,synth-0499,synth-0522
synth-0424,synth-0499,synth-0522
synth-0402,synth-0406,synth-0523
synth-0406,synth-0494,synth-0523
synth-0402,synth-0494,synth-0523
synth-0405,synth-0422,synth-0524
synth-0422,synth-0466,synth-0524
synth-0405,synth-0466,synth-0524
synth-0402,synth-0409,synth-0525
synth-0409,synth-0500,synth-0525
synth-0402,synth-0500,synth-0525
synth-0404,synth-0411,synth-0526
synth-0411,synth-0474,synth-0526
synth-0404,synth-0474,synth-0526
synth-0402,synth-0404,synth-0527
synth-0404,synth-0419,synth-0527
synth-0402,synth-0419,synth-0527
synth-0417,synth-0441,synth-0528
synth-0441,synth-0478,synth-0528
synth-0417,synth-0478,synth-0528
synth-0408,synth-0440,synth-0529
synth-0440,synth-0449,synth-0529
synth-0408,synth-0449,synth-0529
synth-0401,synth-0407,synth-0530
synth-0407,synth-0410,synth-0530
synth-0401,synth-0410,synth-0530
synth-0401,synth-0403,synth-0531
synth-0403,synth-0450,synth-0531
synth-0401,synth-0450,synth-0531
synth-0406,synth-0494,synth-0532
synth-0494,synth-0523,synth-0532
synth-0406,synth-0523,synth-0532
synth-0411,synth-0415,synth-0533
synth-0415,synth-0442,synth-0533
synth-0411,synth-0442,synth-0533
synth-0401,synth-0410,synth-0534
synth-0410,synth-0530,synth-0534
synth-0401,synth-0530,synth-0534
synth-0402,synth-0417,synth-0535
synth-0417,synth-0463,synth-0535
synth-0402,synth-0463,synth-0535
synth-0402,synth-0411,synth-0536
synth-0411,synth-0434,synth-0536
synth-0402,synth-0434,synth-0536
synth-0450,synth-0511,synth-0537
synth-0511,synth-0516,synth-0537
synth-0450,synth-0516,synth-0537
synth-0402,synth-0413,synth-0538
synth-0413,synth-0425,synth-0538
synth-0402,synth-0425,synth-0538
synth-0406,synth-0409,synth-0539
synth-0409,synth-0458,synth-0539
synth-0406,synth-0458,synth-0539
synth-0401,synth-0403,synth-0540
synth-0403,synth-0418,synth-0540
synth-0401,synth-0418,synth-0540
synth-0402,synth-0422,synth-0541
synth-0422,synth-0437,synth-0541
synth-0402,synth-0437,synth-0541
synth-0402,synth-0411,synth-0542
synth-0411,synth-0425,synth-0542
synth-0402,synth-0425,synth-0542
synth-0403,synth-0405,synth-0543
synth-0405,synth-0457,synth-0543
synth-0403,synth-0457,synth-0543
synth-0402,synth-0411,synth-0544
synth-0411,synth-0417,synth-0544
synth-0402,synth-0417,synth-0544
synth-0402,synth-0411,synth-0545
synth-0411,synth-0420,synth-0545
synth-0402,synth-0420,synth-0545
synth-0411,synth-0425,synth-0546
synth-0425,synth-0542,synth-0546
synth-0411,synth-0542,synth-0546
synth-0402,synth-0413,synth-0547
synth-0413,synth-0538,synth-0547
synth-0402,synth-0538,synth-0547
synth-0401,synth-0408,synth-0548
synth-0408,synth-0475,synth-0548
synth-0401,synth-0475,synth-0548
synth-0402,synth-0417,synth-0549
synth-0417,synth-0544,synth-0549
synth-0402,synth-0544,synth-0549
synth-0401,synth-0511,synth-0550
synth-0511,synth-0516,synth-0550
synth-0401,synth-0516,synth-0550
synth-0401,synth-0405,synth-0551
synth-0405,synth-0487,synth-0551
synth-0401,synth-0487,synth-0551
synth-0404,synth-0408,synth-0552
synth-0408,synth-0497,synth-0552
synth-0404,synth-0497,synth-0552
synth-0402,synth-0417,synth-0553
synth-0417,synth-0535,synth-0553
synth-0402,synth-0535,synth-0553
synth-0408,synth-0427,synth-0554
synth-0427,synth-0491,synth-0554
synth-0408,synth-0491,synth-0554
synth-0417,synth-0421,synth-0555
synth-0421,synth-0478,synth-0555
synth-0417,synth-0478,synth-0555
synth-0402,synth-0403,synth-0556
synth-0403,synth-0416,synth-0556
synth-0402,synth-0416,synth-0556
synth-0411,synth-0415,synth-0557
synth-0415,synth-0442,synth-0557
synth-0411,synth-0442,synth-0557
synth-0402,synth-0417,synth-0558
synth-0417,synth-0421,synth-0558
synth-0402,synth-0421,synth-0558
synth-0408,synth-0424,synth-0559
synth-0424,synth-0435,synth-0559
synth-0408,synth-0435,synth-0559
synth-0406,synth-0410,synth-0560
synth-0410,synth-0477,synth-0560
synth-0406,synth-0477,synth-0560
synth-0403,synth-0408,synth-0561
synth-0408,synth-0513,synth-0561
synth-0403,synth-0513,synth-0561
synth-0402,synth-0421,synth-0562
synth-0421,synth-0445,synth-0562
synth-0402,synth-0445,synth-0562
synth-0408,synth-0424,synth-0563
synth-0424,synth-0499,synth-0563
synth-0408,synth-0499,synth-0563
synth-0409,synth-0460,synth-0564
synth-0460,synth-0479,synth-0564
synth-0409,synth-0479,synth-0564
synth-0402,synth-0476,synth-0565
synth-0476,synth-0492,synth-0565
synth-0402,synth-0492,synth-0565
synth-0402,synth-0406,synth-0566
synth-0406,synth-0500,synth-0566
synth-0402,synth-0500,synth-0566
synth-0411,synth-0416,synth-0567
synth-0416,synth-0488,synth-0567
synth-0411,synth-0488,synth-0567
synth-0403,synth-0513,synth-0568
synth-0513,synth-0561,synth-0568
synth-0403,synth-0561,synth-0568
synth-0404,synth-0406,synth-0569
synth-0406,synth-0428,synth-0569
synth-0404,synth-0428,synth-0569
synth-0402,synth-0445,synth-0570
synth-0445,synth-0562,synth-0570
synth-0402,synth-0562,synth-0570
synth-0408,synth-0499,synth-0571
synth-0499,synth-0563,synth-0571
synth-0408,synth-0563,synth-0571
synth-0404,synth-0408,synth-0572
synth-0408,synth-0454,synth-0572
synth-0404,synth-0454,synth-0572
synth-0406,synth-0477,synth-0573
synth-0477,synth-0560,synth-0573
synth-0406,synth-0560,synth-0573
synth-0424,synth-0499,synth-0574
synth-0499,synth-0563,synth-0574
synth-0424,synth-0563,synth-0574
synth-0402,synth-0417,synth-0575
synth-0417,synth-0549,synth-0575
synth-0402,synth-0549,synth-0575
synth-0401,synth-0403,synth-0576
synth-0403,synth-0531,synth-0576
synth-0401,synth-0531,synth-0576
synth-0407,synth-0410,synth-0577
synth-0410,synth-0520,synth-0577
synth-0407,synth-0520,synth-0577
synth-0411,synth-0415,synth-0578
synth-0415,synth-0496,synth-0578
synth-0411,synth-0496,synth-0578
synth-0403,synth-0411,synth-0579
synth-0411,synth-0415,synth-0579
synth-0403,synth-0415,synth-0579
synth-0402,synth-0411,synth-0580
synth-0411,synth-0419,synth-0580
synth-0402,synth-0419,synth-0580
synth-0403,synth-0408,synth-0581
synth-0408,synth-0451,synth-0581
synth-0403,synth-0451,synth-0581
synth-0409,synth-0460,synth-0582
synth-0460,synth-0479,synth-0582
synth-0409,synth-0479,synth-0582
synth-0413,synth-0425,synth-0583
synth-0425,synth-0455,synth-0583
synth-0413,synth-0455,synth-0583
synth-0409,synth-0460,synth-0584
synth-0460,synth-0582,synth-0584
synth-0409,synth-0582,synth-0584
synth-0402,synth-0549,synth-0585
synth-0549,synth-0575,synth-0585
synth-0402,synth-0575,synth-0585
synth-0406,synth-0409,synth-0586
synth-0409,synth-0500,synth-0586
synth-0406,synth-0500,synth-0586
synth-0428,synth-0484,synth-0587
synth-0484,synth-0518,synth-0587
synth-0428,synth-0518,synth-0587
synth-0411,synth-0425,synth-0588
synth-0425,synth-0542,synth-0588
synth-0411,synth-0542,synth-0588
synth-0409,synth-0460,synth-0589
synth-0460,synth-0515,synth-0589
synth-0409,synth-0515,synth-0589
synth-0414,synth-0457,synth-0590
synth-0457,synth-0470,synth-0590
synth-0414,synth-0470,synth-0590
synth-0407,synth-0410,synth-0591
synth-0410,synth-0430,synth-0591
synth-0407,synth-0430,synth-0591
synth-0406,synth-0428,synth-0592
synth-0428,synth-0443,synth-0592
synth-0406,synth-0443,synth-0592
synth-0401,synth-0444,synth-0593
synth-0444,synth-0481,synth-0593
synth-0401,synth-0481,synth-0593
synth-0424,synth-0436,synth-0594
synth-0436,synth-0448,synth-0594
synth-0424,synth-0448,synth-0594
synth-0421,synth-0478,synth-0595
synth-0478,synth-0555,synth-0595
synth-0421,synth-0555,synth-0595
synth-0403,synth-0408,synth-0596
synth-0408,synth-0581,synth-0596
synth-0403,synth-0581,synth-0596
synth-0408,synth-0440,synth-0597
synth-0440,synth-0469,synth-0597
synth-0408,synth-0469,synth-0597
synth-0401,synth-0408,synth-0598
synth-0408,synth-0424,synth-0598
synth-0401,synth-0424,synth-0598
synth-0402,synth-0404,synth-0599
synth-0404,synth-0406,synth-0599
synth-0402,synth-0406,synth-0599
synth-0511,synth-0516,synth-0600
synth-0516,synth-0537,synth-0600
synth-0511,synth-0537,synth-0600
synth-0601,synth-0602,synth-0603
synth-0601,synth-0602,synth-0604
synth-0601,synth-0603,synth-0604
synth-0602,synth-0603,synth-0604
synth-0601,synth-0602,synth-0605
synth-0602,synth-0604,synth-0605
synth-0601,synth-0604,synth-0605
synth-0601,synth-0602,synth-0606
synth-0602,synth-0605,synth-0606
synth-0601,synth-0605,synth-0606
synth-0602,synth-0605,synth-0607
synth-0605,synth-0606,synth-0607
synth-0602,synth-0606,synth-0607
synth-0601,synth-0604,synth-0608
synth-0604,synth-0605,synth-0608
synth-0601,synth-0605,synth-0608
synth-0604,synth-0605,synth-0609
synth-0605,synth-0608,synth-0609
synth-0604,synth-0608,synth-0609
synth-0602,synth-0606,synth-0610
synth-0606,synth-0607,synth-0610
synth-0602,synth-0607,synth-0610
synth-0605,synth-0606,synth-0611
synth-0606,synth-0607,synth-0611
synth-0605,synth-0607,synth-0611
synth-0601,synth-0602,synth-0612
synth-0602,synth-0604,synth-0612
synth-0601,synth-0604,synth-0612
synth-0601,synth-0602,synth-0613
synth-0602,synth-0604,synth-0613
synth-0601,synth-0604,synth-0613
synth-0602,synth-0603,synth-0614
synth-0603,synth-0604,synth-0614
synth-0602,synth-0604,synth-0614
synth-0601,synth-0604,synth-0615
synth-0604,synth-0608,synth-0615
synth-0601,synth-0608,synth-0615
synth-0601,synth-0603,synth-0616
synth-0603,synth-0604,synth-0616
synth-0601,synth-0604,synth-0616
synth-0602,synth-0607,synth-0617
synth-0607,synth-0610,synth-0617
synth-0602,synth-0610,synth-0617
synth-0607,synth-0610,synth-0618
synth-0610,synth-0617,synth-0618
synth-0607,synth-0617,synth-0618
synth-0601,synth-0602,synth-0619
synth-0602,synth-0605,synth-0619
synth-0601,synth-0605,synth-0619
synth-0601,synth-0602,synth-0620
synth-0602,synth-0606,synth-0620
synth-0601,synth-0606,synth-0620
synth-0604,synth-0608,synth-0621
synth-0608,synth-0615,synth-0621
synth-0604,synth-0615,synth-0621
synth-0601,synth-0606,synth-0622
synth-0606,synth-0620,synth-0622
synth-0601,synth-0620,synth-0622
synth-0605,synth-0607,synth-0623
synth-0607,synth-0611,synth-0623
synth-0605,synth-0611,synth-0623
synth-0601,synth-0605,synth-0624
synth-0605,synth-0606,synth-0624
synth-0601,synth-0606,synth-0624
synth-0602,synth-0605,synth-0625
synth-0605,synth-0619,synth-0625
synth-0602,synth-0619,synth-0625
synth-0602,synth-0605,synth-0626
synth-0605,synth-0607,synth-0626
synth-0602,synth-0607,synth-0626
synth-0604,synth-0605,synth-0627
synth-0605,synth-0608,synth-0627
synth-0604,synth-0608,synth-0627
synth-0605,synth-0611,synth-0628
synth-0611,synth-0623,synth-0628
synth-0605,synth-0623,synth-0628
synth-0601,synth-0604,synth-0629
synth-0604,synth-0608,synth-0629
synth-0601,synth-0608,synth-0629
synth-0605,synth-0607,synth-0630
synth-0607,synth-0626,synth-0630
synth-0605,synth-0626,synth-0630
synth-0605,synth-0606,synth-0631
synth-0606,synth-0624,synth-0631
synth-0605,synth-0624,synth-0631
synth-0605,synth-0608,synth-0632
synth-0608,synth-0609,synth-0632
synth-0605,synth-0609,synth-0632
synth-0604,synth-0605,synth-0633
synth-0605,synth-0627,synth-0633
synth-0604,synth-0627,synth-0633
synth-0601,synth-0603,synth-0634
synth-0603,synth-0604,synth-0634
synth-0601,synth-0604,synth-0634
synth-0604,synth-0615,synth-0635
synth-0615,synth-0621,synth-0635
synth-0604,synth-0621,synth-0635
synth-0601,synth-0604,synth-0636
synth-0604,synth-0634,synth-0636
synth-0601,synth-0634,synth-0636
synth-0602,synth-0604,synth-0637
synth-0604,synth-0613,synth-0637
synth-0602,synth-0613,synth-0637
synth-0601,synth-0602,synth-0638
synth-0602,synth-0612,synth-0638
synth-0601,synth-0612,synth-0638
synth-0602,synth-0604,synth-0639
synth-0604,synth-0614,synth-0639
synth-0602,synth-0614,synth-0639
synth-0601,synth-0606,synth-0640
synth-0606,synth-0622,synth-0640
synth-0601,synth-0622,synth-0640
synth-0607,synth-0626,synth-0641
synth-0626,synth-0630,synth-0641
synth-0607,synth-0630,synth-0641
synth-0601,synth-0620,synth-0642
synth-0620,synth-0622,synth-0642
synth-0601,synth-0622,synth-0642
synth-0605,synth-0607,synth-0643
synth-0607,synth-0630,synth-0643
synth-0605,synth-0630,synth-0643
synth-0601,synth-0606,synth-0644
synth-0606,synth-0640,synth-0644
synth-0601,synth-0640,synth-0644
synth-0602,synth-0605,synth-0645
synth-0605,synth-0625,synth-0645
synth-0602,synth-0625,synth-0645
synth-0601,synth-0604,synth-0646
synth-0604,synth-0612,synth-0646
synth-0601,synth-0612,synth-0646
synth-0601,synth-0602,synth-0647
synth-0602,synth-0612,synth-0647
synth-0601,synth-0612,synth-0647
synth-0605,synth-0611,synth-0648
synth-0611,synth-0623,synth-0648
synth-0605,synth-0623,synth-0648
synth-0605,synth-0624,synth-0649
synth-0624,synth-0631,synth-0649
synth-0605,synth-0631,synth-0649
synth-0602,synth-0604,synth-0650
synth-0604,synth-0605,synth-0650
synth-0602,synth-0605,synth-0650
synth-0605,synth-0611,synth-0651
synth-0611,synth-0628,synth-0651
synth-0605,synth-0628,synth-0651
synth-0605,synth-0611,synth-0652
synth-0611,synth-0648,synth-0652
synth-0605,synth-0648,synth-0652
synth-0611,synth-0623,synth-0653
synth-0623,synth-0648,synth-0653
synth-0611,synth-0648,synth-0653
synth-0601,synth-0602,synth-0654
synth-0602,synth-0647,synth-0654
synth-0601,synth-0647,synth-0654
synth-0605,synth-0606,synth-0655
synth-0606,synth-0607,synth-0655
synth-0605,synth-0607,synth-0655
synth-0606,synth-0607,synth-0656
synth-0607,synth-0610,synth-0656
synth-0606,synth-0610,synth-0656
synth-0605,synth-0624,synth-0657
synth-0624,synth-0649,synth-0657
synth-0605,synth-0649,synth-0657
synth-0604,synth-0627,synth-0658
synth-0627,synth-0633,synth-0658
synth-0604,synth-0633,synth-0658
synth-0606,synth-0607,synth-0659
synth-0607,synth-0655,synth-0659
synth-0606,synth-0655,synth-0659
synth-0601,synth-0603,synth-0660
synth-0603,synth-0616,synth-0660
synth-0601,synth-0616,synth-0660
synth-0601,synth-0602,synth-0661
synth-0602,synth-0654,synth-0661
synth-0601,synth-0654,synth-0661
synth-0601,synth-0606,synth-0662
synth-0606,synth-0640,synth-0662
synth-0601,synth-0640,synth-0662
synth-0601,synth-0603,synth-0663
synth-0603,synth-0604,synth-0663
synth-0601,synth-0604,synth-0663
synth-0602,synth-0605,synth-0664
synth-0605,synth-0650,synth-0664
synth-0602,synth-0650,synth-0664
synth-0601,synth-0605,synth-0665
synth-0605,synth-0619,synth-0665
synth-0601,synth-0619,synth-0665
synth-0605,synth-0626,synth-0666
synth-0626,synth-0630,synth-0666
synth-0605,synth-0630,synth-0666
synth-0605,synth-0624,synth-0667
synth-0624,synth-0631,synth-0667
synth-0605,synth-0631,synth-0667
synth-0602,synth-0606,synth-0668
synth-0606,synth-0610,synth-0668
synth-0602,synth-0610,synth-0668
synth-0601,synth-0604,synth-0669
synth-0604,synth-0613,synth-0669
synth-0601,synth-0613,synth-0669
synth-0601,synth-0603,synth-0670
synth-0603,synth-0604,synth-0670
synth-0601,synth-0604,synth-0670
synth-0601,synth-0647,synth-0671
synth-0647,synth-0654,synth-0671
synth-0601,synth-0654,synth-0671
synth-0605,synth-0649,synth-0672
synth-0649,synth-0657,synth-0672
synth-0605,synth-0657,synth-0672
synth-0611,synth-0648,synth-0673
synth-0648,synth-0652,synth-0673
synth-0611,synth-0652,synth-0673
synth-0605,synth-0648,synth-0674
synth-0648,synth-0652,synth-0674
synth-0605,synth-0652,synth-0674
synth-0601,synth-0620,synth-0675
synth-0620,synth-0622,synth-0675
synth-0601,synth-0622,synth-0675
synth-0604,synth-0608,synth-0676
synth-0608,synth-0629,synth-0676
synth-0604,synth-0629,synth-0676
synth-0607,synth-0626,synth-0677
synth-0626,synth-0641,synth-0677
synth-0607,synth-0641,synth-0677
synth-0606,synth-0640,synth-0678
synth-0640,synth-0644,synth-0678
synth-0606,synth-0644,synth-0678
synth-0601,synth-0602,synth-0679
synth-0602,synth-0620,synth-0679
synth-0601,synth-0620,synth-0679
synth-0606,synth-0640,synth-0680
synth-0640,synth-0662,synth-0680
synth-0606,synth-0662,synth-0680
synth-0605,synth-0608,synth-0681
synth-0608,synth-0627,synth-0681
synth-0605,synth-0627,synth-0681
synth-0601,synth-0606,synth-0682
synth-0606,synth-0662,synth-0682
synth-0601,synth-0662,synth-0682
synth-0605,synth-0627,synth-0683
synth-0627,synth-0681,synth-0683
synth-0605,synth-0681,synth-0683
synth-0601,synth-0602,synth-0684
synth-0602,synth-0613,synth-0684
synth-0601,synth-0613,synth-0684
synth-0605,synth-0657,synth-0685
synth-0657,synth-0672,synth-0685
synth-0605,synth-0672,synth-0685
synth-0601,synth-0602,synth-0686
synth-0602,synth-0684,synth-0686
synth-0601,synth-0684,synth-0686
synth-0605,synth-0627,synth-0687
synth-0627,synth-0683,synth-0687
synth-0605,synth-0683,synth-0687
synth-0602,synth-0604,synth-0688
synth-0604,synth-0612,synth-0688
synth-0602,synth-0612,synth-0688
synth-0602,synth-0612,synth-0689
synth-0612,synth-0647,synth-0689
synth-0602,synth-0647,synth-0689
synth-0605,synth-0624,synth-0690
synth-0624,synth-0631,synth-0690
synth-0605,synth-0631,synth-0690
synth-0657,synth-0672,synth-0691
synth-0672,synth-0685,synth-0691
synth-0657,synth-0685,synth-0691
synth-0605,synth-0652,synth-0692
synth-0652,synth-0674,synth-0692
synth-0605,synth-0674,synth-0692
synth-0605,synth-0606,synth-0693
synth-0606,synth-0611,synth-0693
synth-0605,synth-0611,synth-0693
synth-0624,synth-0631,synth-0694
synth-0631,synth-0667,synth-0694
synth-0624,synth-0667,synth-0694
synth-0601,synth-0619,synth-0695
synth-0619,synth-0665,synth-0695
synth-0601,synth-0665,synth-0695
synth-0605,synth-0627,synth-0696
synth-0627,synth-0633,synth-0696
synth-0605,synth-0633,synth-0696
synth-0604,synth-0621,synth-0697
synth-0621,synth-0635,synth-0697
synth-0604,synth-0635,synth-0697
synth-0601,synth-0604,synth-0698
synth-0604,synth-0663,synth-0698
synth-0601,synth-0663,synth-0698
synth-0605,synth-0619,synth-0699
synth-0619,synth-0625,synth-0699
synth-0605,synth-0625,synth-0699
synth-0608,synth-0609,synth-0700
synth-0609,synth-0632,synth-0700
synth-0608,synth-0632,synth-0700
synth-0601,synth-0602,synth-0701
synth-0602,synth-0638,synth-0701
synth-0601,synth-0638,synth-0701
synth-0602,synth-0613,synth-0702
synth-0613,synth-0637,synth-0702
synth-0602,synth-0637,synth-0702
synth-0604,synth-0634,synth-0703
synth-0634,synth-0636,synth-0703
synth-0604,synth-0636,synth-0703
synth-0623,synth-0648,synth-0704
synth-0648,synth-0653,synth-0704
synth-0623,synth-0653,synth-0704
synth-0623,synth-0648,synth-0705
synth-0648,synth-0653,synth-0705
synth-0623,synth-0653,synth-0705
synth-0606,synth-0624,synth-0706
synth-0624,synth-0631,synth-0706
synth-0606,synth-0631,synth-0706
synth-0606,synth-0640,synth-0707
synth-0640,synth-0644,synth-0707
synth-0606,synth-0644,synth-0707
synth-0607,synth-0641,synth-0708
synth-0641,synth-0677,synth-0708
synth-0607,synth-0677,synth-0708
synth-0602,synth-0612,synth-0709
synth-0612,synth-0638,synth-0709
synth-0602,synth-0638,synth-0709
synth-0605,synth-0627,synth-0710
synth-0627,synth-0683,synth-0710
synth-0605,synth-0683,synth-0710
synth-0604,synth-0608,synth-0711
synth-0608,synth-0629,synth-0711
synth-0604,synth-0629,synth-0711
synth-0601,synth-0616,synth-0712
synth-0616,synth-0660,synth-0712
synth-0601,synth-0660,synth-0712
synth-0615,synth-0621,synth-0713
synth-0621,synth-0635,synth-0713
synth-0615,synth-0635,synth-0713
synth-0606,synth-0624,synth-0714
synth-0624,synth-0631,synth-0714
synth-0606,synth-0631,synth-0714
synth-0601,synth-0602,synth-0715
synth-0602,synth-0619,synth-0715
synth-0601,synth-0619,synth-0715
synth-0604,synth-0615,synth-0716
synth-0615,synth-0621,synth-0716
synth-0604,synth-0621,synth-0716
synth-0601,synth-0604,synth-0717
synth-0604,synth-0634,synth-0717
synth-0601,synth-0634,synth-0717
synth-0601,synth-0608,synth-0718
synth-0608,synth-0629,synth-0718
synth-0601,synth-0629,synth-0718
synth-0606,synth-0640,synth-0719
synth-0640,synth-0644,synth-0719
synth-0606,synth-0644,synth-0719
synth-0606,synth-0640,synth-0720
synth-0640,synth-0662,synth-0720
synth-0606,synth-0662,synth-0720
synth-0611,synth-0648,synth-0721
synth-0648,synth-0653,synth-0721
synth-0611,synth-0653,synth-0721
synth-0605,synth-0606,synth-0722
synth-0606,synth-0655,synth-0722
synth-0605,synth-0655,synth-0722
synth-0605,synth-0624,synth-0723
synth-0624,synth-0631,synth-0723
synth-0605,synth-0631,synth-0723
synth-0605,synth-0652,synth-0724
synth-0652,synth-0674,synth-0724
synth-0605,synth-0674,synth-0724
synth-0605,synth-0624,synth-0725
synth-0624,synth-0667,synth-0725
synth-0605,synth-0667,synth-0725
synth-0604,synth-0634,synth-0726
synth-0634,synth-0703,synth-0726
synth-0604,synth-0703,synth-0726
synth-0601,synth-0613,synth-0727
synth-0613,synth-0684,synth-0727
synth-0601,synth-0684,synth-0727
synth-0601,synth-0602,synth-0728
synth-0602,synth-0647,synth-0728
synth-0601,synth-0647,synth-0728
synth-0602,synth-0610,synth-0729
synth-0610,synth-0617,synth-0729
synth-0602,synth-0617,synth-0729
synth-0624,synth-0667,synth-0730
synth-0667,synth-0725,synth-0730
synth-0624,synth-0725,synth-0730
synth-0624,synth-0667,synth-0731
synth-0667,synth-0725,synth-0731
synth-0624,synth-0725,synth-0731
synth-0605,synth-0627,synth-0732
synth-0627,synth-0633,synth-0732
synth-0605,synth-0633,synth-0732
synth-0605,synth-0609,synth-0733
synth-0609,synth-0632,synth-0733
synth-0605,synth-0632,synth-0733
synth-0647,synth-0654,synth-0734
synth-0654,synth-0671,synth-0734
synth-0647,synth-0671,synth-0734
synth-0611,synth-0648,synth-0735
synth-0648,synth-0653,synth-0735
synth-0611,synth-0653,synth-0735
synth-0602,synth-0637,synth-0736
synth-0637,synth-0702,synth-0736
synth-0602,synth-0702,synth-0736
synth-0605,synth-0624,synth-0737
synth-0624,synth-0725,synth-0737
synth-0605,synth-0725,synth-0737
synth-0606,synth-0662,synth-0738
synth-0662,synth-0682,synth-0738
synth-0606,synth-0682,synth-0738
synth-0616,synth-0660,synth-0739
synth-0660,synth-0712,synth-0739
synth-0616,synth-0712,synth-0739
synth-0619,synth-0625,synth-0740
synth-0625,synth-0699,synth-0740
synth-0619,synth-0699,synth-0740
synth-0604,synth-0608,synth-0741
synth-0608,synth-0609,synth-0741
synth-0604,synth-0609,synth-0741
synth-0606,synth-0607,synth-0742
synth-0607,synth-0655,synth-0742
synth-0606,synth-0655,synth-0742
synth-0605,synth-0657,synth-0743
synth-0657,synth-0672,synth-0743
synth-0605,synth-0672,synth-0743
synth-0604,synth-0612,synth-0744
synth-0612,synth-0646,synth-0744
synth-0604,synth-0646,synth-0744
synth-0601,synth-0684,synth-0745
synth-0684,synth-0686,synth-0745
synth-0601,synth-0686,synth-0745
synth-0601,synth-0604,synth-0746
synth-0604,synth-0605,synth-0746
synth-0601,synth-0605,synth-0746
synth-0602,synth-0684,synth-0747
synth-0684,synth-0686,synth-0747
synth-0602,synth-0686,synth-0747
synth-0604,synth-0634,synth-0748
synth-0634,synth-0717,synth-0748
synth-0604,synth-0717,synth-0748
synth-0605,synth-0606,synth-0749
synth-0606,synth-0624,synth-0749
synth-0605,synth-0624,synth-0749
synth-0601,synth-0613,synth-0750
synth-0613,synth-0669,synth-0750
synth-0601,synth-0669,synth-0750
synth-0616,synth-0660,synth-0751
synth-0660,synth-0739,synth-0751
synth-0616,synth-0739,synth-0751
synth-0601,synth-0602,synth-0752
synth-0602,synth-0604,synth-0752
synth-0601,synth-0604,synth-0752
synth-0624,synth-0725,synth-0753
synth-0725,synth-0731,synth-0753
synth-0624,synth-0731,synth-0753
synth-0605,synth-0657,synth-0754
synth-0657,synth-0685,synth-0754
synth-0605,synth-0685,synth-0754
synth-0609,synth-0632,synth-0755
synth-0632,synth-0700,synth-0755
synth-0609,synth-0700,synth-0755
synth-0605,synth-0627,synth-0756
synth-0627,synth-0687,synth-0756
synth-0605,synth-0687,synth-0756
synth-0604,synth-0605,synth-0757
synth-0605,synth-0650,synth-0757
synth-0604,synth-0650,synth-0757
synth-0605,synth-0655,synth-0758
synth-0655,synth-0722,synth-0758
synth-0605,synth-0722,synth-0758
synth-0606,synth-0640,synth-0759
synth-0640,synth-0720,synth-0759
synth-0606,synth-0720,synth-0759
synth-0601,synth-0669,synth-0760
synth-0669,synth-0750,synth-0760
synth-0601,synth-0750,synth-0760
synth-0601,synth-0602,synth-0761
synth-0602,synth-0752,synth-0761
synth-0601,synth-0752,synth-0761
synth-0601,synth-0622,synth-0762
synth-0622,synth-0640,synth-0762
synth-0601,synth-0640,synth-0762
synth-0605,synth-0655,synth-0763
synth-0655,synth-0758,synth-0763
synth-0605,synth-0758,synth-0763
synth-0641,synth-0677,synth-0764
synth-0677,synth-0708,synth-0764
synth-0641,synth-0708,synth-0764
synth-0602,synth-0605,synth-0765
synth-0605,synth-0645,synth-0765
synth-0602,synth-0645,synth-0765
synth-0605,synth-0624,synth-0766
synth-0624,synth-0690,synth-0766
synth-0605,synth-0690,synth-0766
synth-0624,synth-0631,synth-0767
synth-0631,synth-0649,synth-0767
synth-0624,synth-0649,synth-0767
synth-0657,synth-0672,synth-0768
synth-0672,synth-0743,synth-0768
synth-0657,synth-0743,synth-0768
synth-0601,synth-0612,synth-0769
synth-0612,synth-0638,synth-0769
synth-0601,synth-0638,synth-0769
synth-0601,synth-0684,synth-0770
synth-0684,synth-0745,synth-0770
synth-0601,synth-0745,synth-0770
synth-0605,synth-0628,synth-0771
synth-0628,synth-0651,synth-0771
synth-0605,synth-0651,synth-0771
synth-0601,synth-0602,synth-0772
synth-0602,synth-0612,synth-0772
synth-0601,synth-0612,synth-0772
synth-0616,synth-0660,synth-0773
synth-0660,synth-0751,synth-0773
synth-0616,synth-0751,synth-0773
synth-0601,synth-0602,synth-0774
synth-0602,synth-0619,synth-0774
synth-0601,synth-0619,synth-0774
synth-0601,synth-0602,synth-0775
synth-0602,synth-0661,synth-0775
synth-0601,synth-0661,synth-0775
synth-0601,synth-0604,synth-0776
synth-0604,synth-0663,synth-0776
synth-0601,synth-0663,synth-0776
synth-0647,synth-0654,synth-0777
synth-0654,synth-0671,synth-0777
synth-0647,synth-0671,synth-0777
synth-0607,synth-0610,synth-0778
synth-0610,synth-0618,synth-0778
synth-0607,synth-0618,synth-0778
synth-0604,synth-0717,synth-0779
synth-0717,synth-0748,synth-0779
synth-0604,synth-0748,synth-0779
synth-0604,synth-0621,synth-0780
synth-0621,synth-0716,synth-0780
synth-0604,synth-0716,synth-0780
synth-0601,synth-0622,synth-0781
synth-0622,synth-0642,synth-0781
synth-0601,synth-0642,synth-0781
synth-0605,synth-0672,synth-0782
synth-0672,synth-0685,synth-0782
synth-0605,synth-0685,synth-0782
synth-0605,synth-0672,synth-0783
synth-0672,synth-0782,synth-0783
synth-0605,synth-0782,synth-0783
synth-0648,synth-0653,synth-0784
synth-0653,synth-0705,synth-0784
synth-0648,synth-0705,synth-0784
synth-0604,synth-0615,synth-0785
synth-0615,synth-0621,synth-0785
synth-0604,synth-0621,synth-0785
synth-0610,synth-0618,synth-0786
synth-0618,synth-0778,synth-0786
synth-0610,synth-0778,synth-0786
synth-0601,synth-0640,synth-0787
synth-0640,synth-0644,synth-0787
synth-0601,synth-0644,synth-0787
synth-0604,synth-0605,synth-0788
synth-0605,synth-0627,synth-0788
synth-0604,synth-0627,synth-0788
synth-0601,synth-0604,synth-0789
synth-0604,synth-0669,synth-0789
synth-0601,synth-0669,synth-0789
synth-0631,synth-0667,synth-0790
synth-0667,synth-0694,synth-0790
synth-0631,synth-0694,synth-0790
synth-0605,synth-0681,synth-0791
synth-0681,synth-0683,synth-0791
synth-0605,synth-0683,synth-0791
synth-0648,synth-0653,synth-0792
synth-0653,synth-0704,synth-0792
synth-0648,synth-0704,synth-0792
synth-0613,synth-0669,synth-0793
synth-0669,synth-0750,synth-0793
synth-0613,synth-0750,synth-0793
synth-0604,synth-0608,synth-0794
synth-0608,synth-0676,synth-0794
synth-0604,synth-0676,synth-0794
synth-0624,synth-0667,synth-0795
synth-0667,synth-0725,synth-0795
synth-0624,synth-0725,synth-0795
synth-0606,synth-0624,synth-0796
synth-0624,synth-0714,synth-0796
synth-0606,synth-0714,synth-0796
synth-0648,synth-0653,synth-0797
synth-0653,synth-0735,synth-0797
synth-0648,synth-0735,synth-0797
synth-0660,synth-0712,synth-0798
synth-0712,synth-0739,synth-0798
synth-0660,synth-0739,synth-0798
synth-0604,synth-0613,synth-0799
synth-0613,synth-0669,synth-0799
synth-0604,synth-0669,synth-0799
synth-0667,synth-0725,synth-0800
synth-0725,synth-0731,synth-0800
synth-0667,synth-0731,synth-0800
synth-0801,synth-0802,synth-0803
synth-0801,synth-0802,synth-0804
synth-0801,synth-0803,synth-0804
synth-0802,synth-0803,synth-0804
synth-0801,synth-0802,synth-0805
synth-0802,synth-0804,synth-0805
synth-0801,synth-0804,synth-0805
synth-0801,synth-0804,synth-0806
synth-0804,synth-0805,synth-0806
synth-0801,synth-0805,synth-0806
synth-0804,synth-0805,synth-0807
synth-0805,synth-0806,synth-0807
synth-0804,synth-0806,synth-0807
synth-0802,synth-0803,synth-0808
synth-0803,synth-0804,synth-0808
synth-0802,synth-0804,synth-0808
synth-0802,synth-0803,synth-0809
synth-0803,synth-0804,synth-0809
synth-0802,synth-0804,synth-0809
synth-0801,synth-0803,synth-0810
synth-0803,synth-0804,synth-0810
synth-0801,synth-0804,synth-0810
synth-0801,synth-0802,synth-0811
synth-0802,synth-0803,synth-0811
synth-0801,synth-0803,synth-0811
synth-0802,synth-0804,synth-0812
synth-0804,synth-0809,synth-0812
synth-0802,synth-0809,synth-0812
synth-0804,synth-0806,synth-0813
synth-0806,synth-0807,synth-0813
synth-0804,synth-0807,synth-0813
synth-0804,synth-0805,synth-0814
synth-0805,synth-0806,synth-0814
synth-0804,synth-0806,synth-0814
synth-0804,synth-0806,synth-0815
synth-0806,synth-0807,synth-0815
synth-0804,synth-0807,synth-0815
synth-0804,synth-0806,synth-0816
synth-0806,synth-0813,synth-0816
synth-0804,synth-0813,synth-0816
synth-0801,synth-0803,synth-0817
synth-0803,synth-0804,synth-0817
synth-0801,synth-0804,synth-0817
synth-0801,synth-0804,synth-0818
synth-0804,synth-0810,synth-0818
synth-0801,synth-0810,synth-0818
synth-0804,synth-0810,synth-0819
synth-0810,synth-0818,synth-0819
synth-0804,synth-0818,synth-0819
synth-0804,synth-0805,synth-0820
synth-0805,synth-0806,synth-0820
synth-0804,synth-0806,synth-0820
synth-0804,synth-0805,synth-0821
synth-0805,synth-0806,synth-0821
synth-0804,synth-0806,synth-0821
synth-0802,synth-0809,synth-0822
synth-0809,synth-0812,synth-0822
synth-0802,synth-0812,synth-0822
synth-0804,synth-0813,synth-0823
synth-0813,synth-0816,synth-0823
synth-0804,synth-0816,synth-0823
synth-0804,synth-0805,synth-0824
synth-0805,synth-0820,synth-0824
synth-0804,synth-0820,synth-0824
synth-0804,synth-0806,synth-0825
synth-0806,synth-0816,synth-0825
synth-0804,synth-0816,synth-0825
synth-0804,synth-0806,synth-0826
synth-0806,synth-0807,synth-0826
synth-0804,synth-0807,synth-0826
synth-0804,synth-0806,synth-0827
synth-0806,synth-0813,synth-0827
synth-0804,synth-0813,synth-0827
synth-0801,synth-0802,synth-0828
synth-0802,synth-0803,synth-0828
synth-0801,synth-0803,synth-0828
synth-0804,synth-0806,synth-0829
synth-0806,synth-0814,synth-0829
synth-0804,synth-0814,synth-0829
synth-0805,synth-0820,synth-0830
synth-0820,synth-0824,synth-0830
synth-0805,synth-0824,synth-0830
synth-0804,synth-0810,synth-0831
synth-0810,synth-0819,synth-0831
synth-0804,synth-0819,synth-0831
synth-0804,synth-0806,synth-0832
synth-0806,synth-0815,synth-0832
synth-0804,synth-0815,synth-0832
synth-0804,synth-0813,synth-0833
synth-0813,synth-0816,synth-0833
synth-0804,synth-0816,synth-0833
synth-0801,synth-0804,synth-0834
synth-0804,synth-0817,synth-0834
synth-0801,synth-0817,synth-0834
synth-0806,synth-0807,synth-0835
synth-0807,synth-0813,synth-0835
synth-0806,synth-0813,synth-0835
synth-0804,synth-0806,synth-0836
synth-0806,synth-0821,synth-0836
synth-0804,synth-0821,synth-0836
synth-0801,synth-0817,synth-0837
synth-0817,synth-0834,synth-0837
synth-0801,synth-0834,synth-0837
synth-0806,synth-0813,synth-0838
synth-0813,synth-0816,synth-0838
synth-0806,synth-0816,synth-0838
synth-0802,synth-0804,synth-0839
synth-0804,synth-0809,synth-0839
synth-0802,synth-0809,synth-0839
synth-0804,synth-0810,synth-0840
synth-0810,synth-0831,synth-0840
synth-0804,synth-0831,synth-0840
synth-0805,synth-0824,synth-0841
synth-0824,synth-0830,synth-0841
synth-0805,synth-0830,synth-0841
synth-0802,synth-0809,synth-0842
synth-0809,synth-0812,synth-0842
synth-0802,synth-0812,synth-0842
synth-0802,synth-0809,synth-0843
synth-0809,synth-0842,synth-0843
synth-0802,synth-0842,synth-0843
synth-0804,synth-0810,synth-0844
synth-0810,synth-0831,synth-0844
synth-0804,synth-0831,synth-0844
synth-0804,synth-0815,synth-0845
synth-0815,synth-0832,synth-0845
synth-0804,synth-0832,synth-0845
synth-0804,synth-0807,synth-0846
synth-0807,synth-0826,synth-0846
synth-0804,synth-0826,synth-0846
synth-0806,synth-0813,synth-0847
synth-0813,synth-0838,synth-0847
synth-0806,synth-0838,synth-0847
synth-0810,synth-0831,synth-0848
synth-0831,synth-0840,synth-0848
synth-0810,synth-0840,synth-0848
synth-0802,synth-0812,synth-0849
synth-0812,synth-0842,synth-0849
synth-0802,synth-0842,synth-0849
synth-0804,synth-0817,synth-0850
synth-0817,synth-0834,synth-0850
synth-0804,synth-0834,synth-0850
synth-0809,synth-0842,synth-0851
synth-0842,synth-0843,synth-0851
synth-0809,synth-0843,synth-0851
synth-0804,synth-0817,synth-0852
synth-0817,synth-0850,synth-0852
synth-0804,synth-0850,synth-0852
synth-0810,synth-0831,synth-0853
synth-0831,synth-0844,synth-0853
synth-0810,synth-0844,synth-0853
synth-0801,synth-0802,synth-0854
synth-0802,synth-0828,synth-0854
synth-0801,synth-0828,synth-0854
synth-0804,synth-0817,synth-0855
synth-0817,synth-0850,synth-0855
synth-0804,synth-0850,synth-0855
synth-0801,synth-0802,synth-0856
synth-0802,synth-0805,synth-0856
synth-0801,synth-0805,synth-0856
synth-0804,synth-0826,synth-0857
synth-0826,synth-0846,synth-0857
synth-0804,synth-0846,synth-0857
synth-0831,synth-0844,synth-0858
synth-0844,synth-0853,synth-0858
synth-0831,synth-0853,synth-0858
synth-0804,synth-0831,synth-0859
synth-0831,synth-0840,synth-0859
synth-0804,synth-0840,synth-0859
synth-0804,synth-0810,synth-0860
synth-0810,synth-0844,synth-0860
synth-0804,synth-0844,synth-0860
synth-0804,synth-0832,synth-0861
synth-0832,synth-0845,synth-0861
synth-0804,synth-0845,synth-0861
synth-0804,synth-0805,synth-0862
synth-0805,synth-0807,synth-0862
synth-0804,synth-0807,synth-0862
synth-0806,synth-0813,synth-0863
synth-0813,synth-0827,synth-0863
synth-0806,synth-0827,synth-0863
synth-0801,synth-0805,synth-0864
synth-0805,synth-0856,synth-0864
synth-0801,synth-0856,synth-0864
synth-0802,synth-0805,synth-0865
synth-0805,synth-0856,synth-0865
synth-0802,synth-0856,synth-0865
synth-0801,synth-0804,synth-0866
synth-0804,synth-0805,synth-0866
synth-0801,synth-0805,synth-0866
synth-0804,synth-0806,synth-0867
synth-0806,synth-0814,synth-0867
synth-0804,synth-0814,synth-0867
synth-0813,synth-0838,synth-0868
synth-0838,synth-0847,synth-0868
synth-0813,synth-0847,synth-0868
synth-0813,synth-0816,synth-0869
synth-0816,synth-0833,synth-0869
synth-0813,synth-0833,synth-0869
synth-0806,synth-0807,synth-0870
synth-0807,synth-0813,synth-0870
synth-0806,synth-0813,synth-0870
synth-0805,synth-0824,synth-0871
synth-0824,synth-0830,synth-0871
synth-0805,synth-0830,synth-0871
synth-0804,synth-0809,synth-0872
synth-0809,synth-0812,synth-0872
synth-0804,synth-0812,synth-0872
synth-0804,synth-0810,synth-0873
synth-0810,synth-0818,synth-0873
synth-0804,synth-0818,synth-0873
synth-0810,synth-0819,synth-0874
synth-0819,synth-0831,synth-0874
synth-0810,synth-0831,synth-0874
synth-0801,synth-0802,synth-0875
synth-0802,synth-0803,synth-0875
synth-0801,synth-0803,synth-0875
synth-0804,synth-0813,synth-0876
synth-0813,synth-0823,synth-0876
synth-0804,synth-0823,synth-0876
synth-0804,synth-0819,synth-0877
synth-0819,synth-0831,synth-0877
synth-0804,synth-0831,synth-0877
synth-0802,synth-0842,synth-0878
synth-0842,synth-0849,synth-0878
synth-0802,synth-0849,synth-0878
synth-0805,synth-0806,synth-0879
synth-0806,synth-0820,synth-0879
synth-0805,synth-0820,synth-0879
synth-0810,synth-0831,synth-0880
synth-0831,synth-0848,synth-0880
synth-0810,synth-0848,synth-0880
synth-0801,synth-0802,synth-0881
synth-0802,synth-0804,synth-0881
synth-0801,synth-0804,synth-0881
synth-0804,synth-0816,synth-0882
synth-0816,synth-0823,synth-0882
synth-0804,synth-0823,synth-0882
synth-0801,synth-0804,synth-0883
synth-0804,synth-0866,synth-0883
synth-0801,synth-0866,synth-0883
synth-0804,synth-0817,synth-0884
synth-0817,synth-0850,synth-0884
synth-0804,synth-0850,synth-0884
synth-0810,synth-0831,synth-0885
synth-0831,synth-0844,synth-0885
synth-0810,synth-0844,synth-0885
synth-0804,synth-0814,synth-0886
synth-0814,synth-0867,synth-0886
synth-0804,synth-0867,synth-0886
synth-0803,synth-0804,synth-0887
synth-0804,synth-0808,synth-0887
synth-0803,synth-0808,synth-0887
synth-0805,synth-0806,synth-0888
synth-0806,synth-0879,synth-0888
synth-0805,synth-0879,synth-0888
synth-0804,synth-0813,synth-0889
synth-0813,synth-0823,synth-0889
synth-0804,synth-0823,synth-0889
synth-0842,synth-0843,synth-0890
synth-0843,synth-0851,synth-0890
synth-0842,synth-0851,synth-0890
synth-0805,synth-0820,synth-0891
synth-0820,synth-0879,synth-0891
synth-0805,synth-0879,synth-0891
synth-0810,synth-0818,synth-0892
synth-0818,synth-0873,synth-0892
synth-0810,synth-0873,synth-0892
synth-0804,synth-0806,synth-0893
synth-0806,synth-0867,synth-0893
synth-0804,synth-0867,synth-0893
synth-0804,synth-0814,synth-0894
synth-0814,synth-0867,synth-0894
synth-0804,synth-0867,synth-0894
synth-0810,synth-0831,synth-0895
synth-0831,synth-0844,synth-0895
synth-0810,synth-0844,synth-0895
synth-0804,synth-0816,synth-0896
synth-0816,synth-0882,synth-0896
synth-0804,synth-0882,synth-0896
synth-0804,synth-0882,synth-0897
synth-0882,synth-0896,synth-0897
synth-0804,synth-0896,synth-0897
synth-0802,synth-0803,synth-0898
synth-0803,synth-0804,synth-0898
synth-0802,synth-0804,synth-0898
synth-0806,synth-0879,synth-0899
synth-0879,synth-0888,synth-0899
synth-0806,synth-0888,synth-0899
synth-0802,synth-0812,synth-0900
synth-0812,synth-0822,synth-0900
synth-0802,synth-0822,synth-0900
synth-0804,synth-0826,synth-0901
synth-0826,synth-0846,synth-0901
synth-0804,synth-0846,synth-0901
synth-0802,synth-0803,synth-0902
synth-0803,synth-0828,synth-0902
synth-0802,synth-0828,synth-0902
synth-0804,synth-0819,synth-0903
synth-0819,synth-0877,synth-0903
synth-0804,synth-0877,synth-0903
synth-0802,synth-0809,synth-0904
synth-0809,synth-0812,synth-0904
synth-0802,synth-0812,synth-0904
synth-0806,synth-0815,synth-0905
synth-0815,synth-0832,synth-0905
synth-0806,synth-0832,synth-0905
synth-0805,synth-0879,synth-0906
synth-0879,synth-0888,synth-0906
synth-0805,synth-0888,synth-0906
synth-0803,synth-0804,synth-0907
synth-0804,synth-0887,synth-0907
synth-0803,synth-0887,synth-0907
synth-0806,synth-0888,synth-0908
synth-0888,synth-0899,synth-0908
synth-0806,synth-0899,synth-0908
synth-0804,synth-0805,synth-0909
synth-0805,synth-0821,synth-0909
synth-0804,synth-0821,synth-0909
synth-0802,synth-0803,synth-0910
synth-0803,synth-0811,synth-0910
synth-0802,synth-0811,synth-0910
synth-0810,synth-0831,synth-0911
synth-0831,synth-0895,synth-0911
synth-0810,synth-0895,synth-0911
synth-0804,synth-0810,synth-0912
synth-0810,synth-0840,synth-0912
synth-0804,synth-0840,synth-0912
synth-0804,synth-0844,synth-0913
synth-0844,synth-0860,synth-0913
synth-0804,synth-0860,synth-0913
synth-0810,synth-0831,synth-0914
synth-0831,synth-0895,synth-0914
synth-0810,synth-0895,synth-0914
synth-0820,synth-0824,synth-0915
synth-0824,synth-0830,synth-0915
synth-0820,synth-0830,synth-0915
synth-0804,synth-0816,synth-0916
synth-0816,synth-0823,synth-0916
synth-0804,synth-0823,synth-0916
synth-0805,synth-0807,synth-0917
synth-0807,synth-0862,synth-0917
synth-0805,synth-0862,synth-0917
synth-0801,synth-0805,synth-0918
synth-0805,synth-0866,synth-0918
synth-0801,synth-0866,synth-0918
synth-0802,synth-0812,synth-0919
synth-0812,synth-0822,synth-0919
synth-0802,synth-0822,synth-0919
synth-0824,synth-0830,synth-0920
synth-0830,synth-0915,synth-0920
synth-0824,synth-0915,synth-0920
synth-0801,synth-0804,synth-0921
synth-0804,synth-0834,synth-0921
synth-0801,synth-0834,synth-0921
synth-0804,synth-0818,synth-0922
synth-0818,synth-0819,synth-0922
synth-0804,synth-0819,synth-0922
synth-0804,synth-0806,synth-0923
synth-0806,synth-0893,synth-0923
synth-0804,synth-0893,synth-0923
synth-0804,synth-0805,synth-0924
synth-0805,synth-0909,synth-0924
synth-0804,synth-0909,synth-0924
synth-0806,synth-0816,synth-0925
synth-0816,synth-0838,synth-0925
synth-0806,synth-0838,synth-0925
synth-0809,synth-0812,synth-0926
synth-0812,synth-0872,synth-0926
synth-0809,synth-0872,synth-0926
synth-0805,synth-0866,synth-0927
synth-0866,synth-0918,synth-0927
synth-0805,synth-0918,synth-0927
synth-0805,synth-0879,synth-0928
synth-0879,synth-0906,synth-0928
synth-0805,synth-0906,synth-0928
synth-0830,synth-0915,synth-0929
synth-0915,synth-0920,synth-0929
synth-0830,synth-0920,synth-0929
synth-0813,synth-0816,synth-0930
synth-0816,synth-0833,synth-0930
synth-0813,synth-0833,synth-0930
synth-0804,synth-0817,synth-0931
synth-0817,synth-0834,synth-0931
synth-0804,synth-0834,synth-0931
synth-0804,synth-0807,synth-0932
synth-0807,synth-0826,synth-0932
synth-0804,synth-0826,synth-0932
synth-0810,synth-0831,synth-0933
synth-0831,synth-0840,synth-0933
synth-0810,synth-0840,synth-0933
synth-0805,synth-0807,synth-0934
synth-0807,synth-0917,synth-0934
synth-0805,synth-0917,synth-0934
synth-0804,synth-0810,synth-0935
synth-0810,synth-0818,synth-0935
synth-0804,synth-0818,synth-0935
synth-0812,synth-0822,synth-0936
synth-0822,synth-0900,synth-0936
synth-0812,synth-0900,synth-0936
synth-0804,synth-0818,synth-0937
synth-0818,synth-0935,synth-0937
synth-0804,synth-0935,synth-0937
synth-0803,synth-0887,synth-0938
synth-0887,synth-0907,synth-0938
synth-0803,synth-0907,synth-0938
synth-0805,synth-0806,synth-0939
synth-0806,synth-0888,synth-0939
synth-0805,synth-0888,synth-0939
synth-0801,synth-0804,synth-0940
synth-0804,synth-0883,synth-0940
synth-0801,synth-0883,synth-0940
synth-0810,synth-0831,synth-0941
synth-0831,synth-0914,synth-0941
synth-0810,synth-0914,synth-0941
synth-0802,synth-0809,synth-0942
synth-0809,synth-0822,synth-0942
synth-0802,synth-0822,synth-0942
synth-0842,synth-0843,synth-0943
synth-0843,synth-0890,synth-0943
synth-0842,synth-0890,synth-0943
synth-0824,synth-0830,synth-0944
synth-0830,synth-0841,synth-0944
synth-0824,synth-0841,synth-0944
synth-0804,synth-0834,synth-0945
synth-0834,synth-0931,synth-0945
synth-0804,synth-0931,synth-0945
synth-0809,synth-0812,synth-0946
synth-0812,synth-0926,synth-0946
synth-0809,synth-0926,synth-0946
synth-0809,synth-0812,synth-0947
synth-0812,synth-0946,synth-0947
synth-0809,synth-0946,synth-0947
synth-0804,synth-0866,synth-0948
synth-0866,synth-0883,synth-0948
synth-0804,synth-0883,synth-0948
synth-0805,synth-0824,synth-0949
synth-0824,synth-0841,synth-0949
synth-0805,synth-0841,synth-0949
synth-0804,synth-0806,synth-0950
synth-0806,synth-0826,synth-0950
synth-0804,synth-0826,synth-0950
synth-0820,synth-0830,synth-0951
synth-0830,synth-0915,synth-0951
synth-0820,synth-0915,synth-0951
synth-0806,synth-0814,synth-0952
synth-0814,synth-0867,synth-0952
synth-0806,synth-0867,synth-0952
synth-0807,synth-0917,synth-0953
synth-0917,synth-0934,synth-0953
synth-0807,synth-0934,synth-0953
synth-0802,synth-0822,synth-0954
synth-0822,synth-0919,synth-0954
synth-0802,synth-0919,synth-0954
synth-0804,synth-0806,synth-0955
synth-0806,synth-0923,synth-0955
synth-0804,synth-0923,synth-0955
synth-0804,synth-0813,synth-0956
synth-0813,synth-0876,synth-0956
synth-0804,synth-0876,synth-0956
synth-0807,synth-0826,synth-0957
synth-0826,synth-0846,synth-0957
synth-0807,synth-0846,synth-0957
synth-0804,synth-0883,synth-0958
synth-0883,synth-0948,synth-0958
synth-0804,synth-0948,synth-0958
synth-0804,synth-0845,synth-0959
synth-0845,synth-0861,synth-0959
synth-0804,synth-0861,synth-0959
synth-0842,synth-0849,synth-0960
synth-0849,synth-0878,synth-0960
synth-0842,synth-0878,synth-0960
synth-0802,synth-0803,synth-0961
synth-0803,synth-0811,synth-0961
synth-0802,synth-0811,synth-0961
synth-0810,synth-0831,synth-0962
synth-0831,synth-0895,synth-0962
synth-0810,synth-0895,synth-0962
synth-0803,synth-0811,synth-0963
synth-0811,synth-0961,synth-0963
synth-0803,synth-0961,synth-0963
synth-0810,synth-0819,synth-0964
synth-0819,synth-0874,synth-0964
synth-0810,synth-0874,synth-0964
synth-0809,synth-0842,synth-0965
synth-0842,synth-0843,synth-0965
synth-0809,synth-0843,synth-0965
synth-0824,synth-0841,synth-0966
synth-0841,synth-0949,synth-0966
synth-0824,synth-0949,synth-0966
synth-0813,synth-0838,synth-0967
synth-0838,synth-0847,synth-0967
synth-0813,synth-0847,synth-0967
synth-0801,synth-0804,synth-0968
synth-0804,synth-0810,synth-0968
synth-0801,synth-0810,synth-0968
synth-0822,synth-0919,synth-0969
synth-0919,synth-0954,synth-0969
synth-0822,synth-0954,synth-0969
synth-0806,synth-0923,synth-0970
synth-0923,synth-0955,synth-0970
synth-0806,synth-0955,synth-0970
synth-0805,synth-0866,synth-0971
synth-0866,synth-0927,synth-0971
synth-0805,synth-0927,synth-0971
synth-0844,synth-0853,synth-0972
synth-0853,synth-0858,synth-0972
synth-0844,synth-0858,synth-0972
synth-0838,synth-0847,synth-0973
synth-0847,synth-0967,synth-0973
synth-0838,synth-0967,synth-0973
synth-0804,synth-0887,synth-0974
synth-0887,synth-0907,synth-0974
synth-0804,synth-0907,synth-0974
synth-0810,synth-0914,synth-0975
synth-0914,synth-0941,synth-0975
synth-0810,synth-0941,synth-0975
synth-0818,synth-0935,synth-0976
synth-0935,synth-0937,synth-0976
synth-0818,synth-0937,synth-0976
synth-0805,synth-0830,synth-0977
synth-0830,synth-0871,synth-0977
synth-0805,synth-0871,synth-0977
synth-0806,synth-0807,synth-0978
synth-0807,synth-0870,synth-0978
synth-0806,synth-0870,synth-0978
synth-0830,synth-0841,synth-0979
synth-0841,synth-0944,synth-0979
synth-0830,synth-0944,synth-0979
synth-0804,synth-0831,synth-0980
synth-0831,synth-0844,synth-0980
synth-0804,synth-0844,synth-0980
synth-0804,synth-0819,synth-0981
synth-0819,synth-0903,synth-0981
synth-0804,synth-0903,synth-0981
synth-0803,synth-0804,synth-0982
synth-0804,synth-0898,synth-0982
synth-0803,synth-0898,synth-0982
synth-0806,synth-0813,synth-0983
synth-0813,synth-0847,synth-0983
synth-0806,synth-0847,synth-0983
synth-0803,synth-0804,synth-0984
synth-0804,synth-0898,synth-0984
synth-0803,synth-0898,synth-0984
synth-0818,synth-0935,synth-0985
synth-0935,synth-0976,synth-0985
synth-0818,synth-0976,synth-0985
synth-0804,synth-0818,synth-0986
synth-0818,synth-0937,synth-0986
synth-0804,synth-0937,synth-0986
synth-0804,synth-0826,synth-0987
synth-0826,synth-0857,synth-0987
synth-0804,synth-0857,synth-0987
synth-0802,synth-0812,synth-0988
synth-0812,synth-0904,synth-0988
synth-0802,synth-0904,synth-0988
synth-0804,synth-0818,synth-0989
synth-0818,synth-0937,synth-0989
synth-0804,synth-0937,synth-0989
synth-0810,synth-0818,synth-0990
synth-0818,synth-0935,synth-0990
synth-0810,synth-0935,synth-0990
synth-0810,synth-0844,synth-0991
synth-0844,synth-0860,synth-0991
synth-0810,synth-0860,synth-0991
synth-0810,synth-0831,synth-0992
synth-0831,synth-0962,synth-0992
synth-0810,synth-0962,synth-0992
synth-0804,synth-0814,synth-0993
synth-0814,synth-0867,synth-0993
synth-0804,synth-0867,synth-0993
synth-0801,synth-0810,synth-0994
synth-0810,synth-0818,synth-0994
synth-0801,synth-0818,synth-0994
synth-0805,synth-0824,synth-0995
synth-0824,synth-0949,synth-0995
synth-0805,synth-0949,synth-0995
synth-0802,synth-0842,synth-0996
synth-0842,synth-0843,synth-0996
synth-0802,synth-0843,synth-0996
synth-0804,synth-0846,synth-0997
synth-0846,synth-0857,synth-0997
synth-0804,synth-0857,synth-0997
synth-0816,synth-0882,synth-0998
synth-0882,synth-0896,synth-0998
synth-0816,synth-0896,synth-0998
synth-0830,synth-0841,synth-0999
synth-0841,synth-0979,synth-0999
synth-0830,synth-0979,synth-0999
synth-0804,synth-0806,synth-1000
synth-0806,synth-0813,synth-1000
synth-0804,synth-0813,synth-1000
synth-1001,synth-1002,synth-1003
synth-1001,synth-1002,synth-1004
synth-1001,synth-1003,synth-1004
synth-1002,synth-1003,synth-1004
synth-1002,synth-1003,synth-1005
synth-1003,synth-1004,synth-1005
synth-1002,synth-1004,synth-1005
synth-1003,synth-1004,synth-1006
synth-1004,synth-1005,synth-1006
synth-1003,synth-1005,synth-1006
synth-1002,synth-1003,synth-1007
synth-1003,synth-1004,synth-1007
synth-1002,synth-1004,synth-1007
synth-1003,synth-1004,synth-1008
synth-1004,synth-1006,synth-1008
synth-1003,synth-1006,synth-1008
synth-1002,synth-1003,synth-1009
synth-1003,synth-1005,synth-1009
synth-1002,synth-1005,synth-1009
synth-1001,synth-1002,synth-1010
synth-1002,synth-1003,synth-1010
synth-1001,synth-1003,synth-1010
synth-1002,synth-1003,synth-1011
synth-1003,synth-1005,synth-1011
synth-1002,synth-1005,synth-1011
synth-1003,synth-1005,synth-1012
synth-1005,synth-1006,synth-1012
synth-1003,synth-1006,synth-1012
synth-1001,synth-1002,synth-1013
synth-1002,synth-1003,synth-1013
synth-1001,synth-1003,synth-1013
synth-1002,synth-1003,synth-1014
synth-1003,synth-1011,synth-1014
synth-1002,synth-1011,synth-1014
synth-1003,synth-1005,synth-1015
synth-1005,synth-1012,synth-1015
synth-1003,synth-1012,synth-1015
synth-1002,synth-1003,synth-1016
synth-1003,synth-1014,synth-1016
synth-1002,synth-1014,synth-1016
synth-1004,synth-1005,synth-1017
synth-1005,synth-1006,synth-1017
synth-1004,synth-1006,synth-1017
synth-1001,synth-1002,synth-1018
synth-1002,synth-1010,synth-1018
synth-1001,synth-1010,synth-1018
synth-1002,synth-1003,synth-1019
synth-1003,synth-1007,synth-1019
synth-1002,synth-1007,synth-1019
synth-1003,synth-1004,synth-1020
synth-1004,synth-1006,synth-1020
synth-1003,synth-1006,synth-1020
synth-1002,synth-1011,synth-1021
synth-1011,synth-1014,synth-1021
synth-1002,synth-1014,synth-1021
synth-1004,synth-1005,synth-1022
synth-1005,synth-1017,synth-1022
synth-1004,synth-1017,synth-1022
synth-1002,synth-1014,synth-1023
synth-1014,synth-1016,synth-1023
synth-1002,synth-1016,synth-1023
synth-1001,synth-1002,synth-1024
synth-1002,synth-1010,synth-1024
synth-1001,synth-1010,synth-1024
synth-1003,synth-1005,synth-1025
synth-1005,synth-1009,synth-1025
synth-1003,synth-1009,synth-1025
synth-1014,synth-1016,synth-1026
synth-1016,synth-1023,synth-1026
synth-1014,synth-1023,synth-1026
synth-1003,synth-1007,synth-1027
synth-1007,synth-1019,synth-1027
synth-1003,synth-1019,synth-1027
synth-1003,synth-1005,synth-1028
synth-1005,synth-1012,synth-1028
synth-1003,synth-1012,synth-1028
synth-1004,synth-1006,synth-1029
synth-1006,synth-1020,synth-1029
synth-1004,synth-1020,synth-1029
synth-1003,synth-1004,synth-1030
synth-1004,synth-1008,synth-1030
synth-1003,synth-1008,synth-1030
synth-1001,synth-1002,synth-1031
synth-1002,synth-1003,synth-1031
synth-1001,synth-1003,synth-1031
synth-1006,synth-1020,synth-1032
synth-1020,synth-1029,synth-1032
synth-1006,synth-1029,synth-1032
synth-1001,synth-1002,synth-1033
synth-1002,synth-1004,synth-1033
synth-1001,synth-1004,synth-1033
synth-1003,synth-1006,synth-1034
synth-1006,synth-1012,synth-1034
synth-1003,synth-1012,synth-1034
synth-1006,synth-1029,synth-1035
synth-1029,synth-1032,synth-1035
synth-1006,synth-1032,synth-1035
synth-1002,synth-1014,synth-1036
synth-1014,synth-1023,synth-1036
synth-1002,synth-1023,synth-1036
synth-1006,synth-1020,synth-1037
synth-1020,synth-1029,synth-1037
synth-1006,synth-1029,synth-1037
synth-1006,synth-1029,synth-1038
synth-1029,synth-1032,synth-1038
synth-1006,synth-1032,synth-1038
synth-1003,synth-1006,synth-1039
synth-1006,synth-1034,synth-1039
synth-1003,synth-1034,synth-1039
synth-1004,synth-1006,synth-1040
synth-1006,synth-1008,synth-1040
synth-1004,synth-1008,synth-1040
synth-1003,synth-1012,synth-1041
synth-1012,synth-1034,synth-1041
synth-1003,synth-1034,synth-1041
synth-1002,synth-1007,synth-1042
synth-1007,synth-1019,synth-1042
synth-1002,synth-1019,synth-1042
synth-1002,synth-1014,synth-1043
synth-1014,synth-1016,synth-1043
synth-1002,synth-1016,synth-1043
synth-1002,synth-1005,synth-1044
synth-1005,synth-1011,synth-1044
synth-1002,synth-1011,synth-1044
synth-1003,synth-1005,synth-1045
synth-1005,synth-1012,synth-1045
synth-1003,synth-1012,synth-1045
synth-1006,synth-1032,synth-1046
synth-1032,synth-1035,synth-1046
synth-1006,synth-1035,synth-1046
synth-1001,synth-1010,synth-1047
synth-1010,synth-1024,synth-1047
synth-1001,synth-1024,synth-1047
synth-1004,synth-1005,synth-1048
synth-1005,synth-1006,synth-1048
synth-1004,synth-1006,synth-1048
synth-1003,synth-1006,synth-1049
synth-1006,synth-1034,synth-1049
synth-1003,synth-1034,synth-1049
synth-1002,synth-1010,synth-1050
synth-1010,synth-1018,synth-1050
synth-1002,synth-1018,synth-1050
synth-1004,synth-1006,synth-1051
synth-1006,synth-1017,synth-1051
synth-1004,synth-1017,synth-1051
synth-1004,synth-1005,synth-1052
synth-1005,synth-1048,synth-1052
synth-1004,synth-1048,synth-1052
synth-1001,synth-1003,synth-1053
synth-1003,synth-1010,synth-1053
synth-1001,synth-1010,synth-1053
synth-1003,synth-1014,synth-1054
synth-1014,synth-1016,synth-1054
synth-1003,synth-1016,synth-1054
synth-1006,synth-1032,synth-1055
synth-1032,synth-1046,synth-1055
synth-1006,synth-1046,synth-1055
synth-1001,synth-1003,synth-1056
synth-1003,synth-1031,synth-1056
synth-1001,synth-1031,synth-1056
synth-1003,synth-1005,synth-1057
synth-1005,synth-1006,synth-1057
synth-1003,synth-1006,synth-1057
synth-1014,synth-1016,synth-1058
synth-1016,synth-1026,synth-1058
synth-1014,synth-1026,synth-1058
synth-1005,synth-1012,synth-1059
synth-1012,synth-1028,synth-1059
synth-1005,synth-1028,synth-1059
synth-1003,synth-1005,synth-1060
synth-1005,synth-1057,synth-1060
synth-1003,synth-1057,synth-1060
synth-1005,synth-1012,synth-1061
synth-1012,synth-1015,synth-1061
synth-1005,synth-1015,synth-1061
synth-1004,synth-1006,synth-1062
synth-1006,synth-1029,synth-1062
synth-1004,synth-1029,synth-1062
synth-1006,synth-1032,synth-1063
synth-1032,synth-1035,synth-1063
synth-1006,synth-1035,synth-1063
synth-1002,synth-1014,synth-1064
synth-1014,synth-1021,synth-1064
synth-1002,synth-1021,synth-1064
synth-1014,synth-1026,synth-1065
synth-1026,synth-1058,synth-1065
synth-1014,synth-1058,synth-1065
synth-1005,synth-1028,synth-1066
synth-1028,synth-1059,synth-1066
synth-1005,synth-1059,synth-1066
synth-1028,synth-1059,synth-1067
synth-1059,synth-1066,synth-1067
synth-1028,synth-1066,synth-1067
synth-1012,synth-1028,synth-1068
synth-1028,synth-1059,synth-1068
synth-1012,synth-1059,synth-1068
synth-1003,synth-1005,synth-1069
synth-1005,synth-1025,synth-1069
synth-1003,synth-1025,synth-1069
synth-1001,synth-1002,synth-1070
synth-1002,synth-1033,synth-1070
synth-1001,synth-1033,synth-1070
synth-1005,synth-1057,synth-1071
synth-1057,synth-1060,synth-1071
synth-1005,synth-1060,synth-1071
synth-1001,synth-1003,synth-1072
synth-1003,synth-1053,synth-1072
synth-1001,synth-1053,synth-1072
synth-1005,synth-1025,synth-1073
synth-1025,synth-1069,synth-1073
synth-1005,synth-1069,synth-1073
synth-1032,synth-1035,synth-1074
synth-1035,synth-1046,synth-1074
synth-1032,synth-1046,synth-1074
synth-1001,synth-1002,synth-1075
synth-1002,synth-1010,synth-1075
synth-1001,synth-1010,synth-1075
synth-1002,synth-1021,synth-1076
synth-1021,synth-1064,synth-1076
synth-1002,synth-1064,synth-1076
synth-1003,synth-1005,synth-1077
synth-1005,synth-1045,synth-1077
synth-1003,synth-1045,synth-1077
synth-1005,synth-1012,synth-1078
synth-1012,synth-1028,synth-1078
synth-1005,synth-1028,synth-1078
synth-1005,synth-1006,synth-1079
synth-1006,synth-1012,synth-1079
synth-1005,synth-1012,synth-1079
synth-1004,synth-1008,synth-1080
synth-1008,synth-1030,synth-1080
synth-1004,synth-1030,synth-1080
synth-1002,synth-1016,synth-1081
synth-1016,synth-1043,synth-1081
synth-1002,synth-1043,synth-1081
synth-1003,synth-1004,synth-1082
synth-1004,synth-1020,synth-1082
synth-1003,synth-1020,synth-1082
synth-1003,synth-1005,synth-1083
synth-1005,synth-1015,synth-1083
synth-1003,synth-1015,synth-1083
synth-1001,synth-1002,synth-1084
synth-1002,synth-1003,synth-1084
synth-1001,synth-1003,synth-1084
synth-1002,synth-1021,synth-1085
synth-1021,synth-1076,synth-1085
synth-1002,synth-1076,synth-1085
synth-1005,synth-1045,synth-1086
synth-1045,synth-1077,synth-1086
synth-1005,synth-1077,synth-1086
synth-1004,synth-1006,synth-1087
synth-1006,synth-1051,synth-1087
synth-1004,synth-1051,synth-1087
synth-1005,synth-1048,synth-1088
synth-1048,synth-1052,synth-1088
synth-1005,synth-1052,synth-1088
synth-1003,synth-1012,synth-1089
synth-1012,synth-1028,synth-1089
synth-1003,synth-1028,synth-1089
synth-1006,synth-1012,synth-1090
synth-1012,synth-1034,synth-1090
synth-1006,synth-1034,synth-1090
synth-1003,synth-1007,synth-1091
synth-1007,synth-1027,synth-1091
synth-1003,synth-1027,synth-1091
synth-1006,synth-1032,synth-1092
synth-1032,synth-1038,synth-1092
synth-1006,synth-1038,synth-1092
synth-1032,synth-1035,synth-1093
synth-1035,synth-1046,synth-1093
synth-1032,synth-1046,synth-1093
synth-1005,synth-1006,synth-1094
synth-1006,synth-1017,synth-1094
synth-1005,synth-1017,synth-1094
synth-1002,synth-1003,synth-1095
synth-1003,synth-1010,synth-1095
synth-1002,synth-1010,synth-1095
synth-1045,synth-1077,synth-1096
synth-1077,synth-1086,synth-1096
synth-1045,synth-1086,synth-1096
synth-1045,synth-1077,synth-1097
synth-1077,synth-1096,synth-1097
synth-1045,synth-1096,synth-1097
synth-1006,synth-1029,synth-1098
synth-1029,synth-1032,synth-1098
synth-1006,synth-1032,synth-1098
synth-1003,synth-1045,synth-1099
synth-1045,synth-1077,synth-1099
synth-1003,synth-1077,synth-1099
synth-1003,synth-1006,synth-1100
synth-1006,synth-1034,synth-1100
synth-1003,synth-1034,synth-1100
synth-1001,synth-1002,synth-1101
synth-1002,synth-1075,synth-1101
synth-1001,synth-1075,synth-1101
synth-1004,synth-1017,synth-1102
synth-1017,synth-1051,synth-1102
synth-1004,synth-1051,synth-1102
synth-1002,synth-1076,synth-1103
synth-1076,synth-1085,synth-1103
synth-1002,synth-1085,synth-1103
synth-1004,synth-1006,synth-1104
synth-1006,synth-1029,synth-1104
synth-1004,synth-1029,synth-1104
synth-1006,synth-1032,synth-1105
synth-1032,synth-1098,synth-1105
synth-1006,synth-1098,synth-1105
synth-1005,synth-1012,synth-1106
synth-1012,synth-1028,synth-1106
synth-1005,synth-1028,synth-1106
synth-1005,synth-1015,synth-1107
synth-1015,synth-1061,synth-1107
synth-1005,synth-1061,synth-1107
synth-1002,synth-1003,synth-1108
synth-1003,synth-1005,synth-1108
synth-1002,synth-1005,synth-1108
synth-1005,synth-1011,synth-1109
synth-1011,synth-1044,synth-1109
synth-1005,synth-1044,synth-1109
synth-1002,synth-1016,synth-1110
synth-1016,synth-1081,synth-1110
synth-1002,synth-1081,synth-1110
synth-1002,synth-1076,synth-1111
synth-1076,synth-1085,synth-1111
synth-1002,synth-1085,synth-1111
synth-1003,synth-1020,synth-1112
synth-1020,synth-1082,synth-1112
synth-1003,synth-1082,synth-1112
synth-1003,synth-1028,synth-1113
synth-1028,synth-1089,synth-1113
synth-1003,synth-1089,synth-1113
synth-1007,synth-1019,synth-1114
synth-1019,synth-1027,synth-1114
synth-1007,synth-1027,synth-1114
synth-1005,synth-1017,synth-1115
synth-1017,synth-1094,synth-1115
synth-1005,synth-1094,synth-1115
synth-1059,synth-1066,synth-1116
synth-1066,synth-1067,synth-1116
synth-1059,synth-1067,synth-1116
synth-1001,synth-1004,synth-1117
synth-1004,synth-1033,synth-1117
synth-1001,synth-1033,synth-1117
synth-1001,synth-1003,synth-1118
synth-1003,synth-1053,synth-1118
synth-1001,synth-1053,synth-1118
synth-1006,synth-1020,synth-1119
synth-1020,synth-1032,synth-1119
synth-1006,synth-1032,synth-1119
synth-1003,synth-1014,synth-1120
synth-1014,synth-1016,synth-1120
synth-1003,synth-1016,synth-1120
synth-1003,synth-1012,synth-1121
synth-1012,synth-1089,synth-1121
synth-1003,synth-1089,synth-1121
synth-1002,synth-1005,synth-1122
synth-1005,synth-1108,synth-1122
synth-1002,synth-1108,synth-1122
synth-1001,synth-1003,synth-1123
synth-1003,synth-1084,synth-1123
synth-1001,synth-1084,synth-1123
synth-1006,synth-1034,synth-1124
synth-1034,synth-1039,synth-1124
synth-1006,synth-1039,synth-1124
synth-1005,synth-1017,synth-1125
synth-1017,synth-1115,synth-1125
synth-1005,synth-1115,synth-1125
synth-1002,synth-1014,synth-1126
synth-1014,synth-1043,synth-1126
synth-1002,synth-1043,synth-1126
synth-1045,synth-1096,synth-1127
synth-1096,synth-1097,synth-1127
synth-1045,synth-1097,synth-1127
synth-1015,synth-1061,synth-1128
synth-1061,synth-1107,synth-1128
synth-1015,synth-1107,synth-1128
synth-1021,synth-1076,synth-1129
synth-1076,synth-1085,synth-1129
synth-1021,synth-1085,synth-1129
synth-1006,synth-1032,synth-1130
synth-1032,synth-1098,synth-1130
synth-1006,synth-1098,synth-1130
synth-1003,synth-1005,synth-1131
synth-1005,synth-1069,synth-1131
synth-1003,synth-1069,synth-1131
synth-1003,synth-1045,synth-1132
synth-1045,synth-1099,synth-1132
synth-1003,synth-1099,synth-1132
synth-1003,synth-1089,synth-1133
synth-1089,synth-1113,synth-1133
synth-1003,synth-1113,synth-1133
synth-1006,synth-1032,synth-1134
synth-1032,synth-1055,synth-1134
synth-1006,synth-1055,synth-1134
synth-1014,synth-1016,synth-1135
synth-1016,synth-1026,synth-1135
synth-1014,synth-1026,synth-1135
synth-1034,synth-1039,synth-1136
synth-1039,synth-1124,synth-1136
synth-1034,synth-1124,synth-1136
synth-1045,synth-1077,synth-1137
synth-1077,synth-1099,synth-1137
synth-1045,synth-1099,synth-1137
synth-1002,synth-1007,synth-1138
synth-1007,synth-1019,synth-1138
synth-1002,synth-1019,synth-1138
synth-1005,synth-1015,synth-1139
synth-1015,synth-1083,synth-1139
synth-1005,synth-1083,synth-1139
synth-1001,synth-1003,synth-1140
synth-1003,synth-1123,synth-1140
synth-1001,synth-1123,synth-1140
synth-1003,synth-1005,synth-1141
synth-1005,synth-1060,synth-1141
synth-1003,synth-1060,synth-1141
synth-1001,synth-1002,synth-1142
synth-1002,synth-1070,synth-1142
synth-1001,synth-1070,synth-1142
synth-1002,synth-1081,synth-1143
synth-1081,synth-1110,synth-1143
synth-1002,synth-1110,synth-1143
synth-1002,synth-1064,synth-1144
synth-1064,synth-1076,synth-1144
synth-1002,synth-1076,synth-1144
synth-1005,synth-1057,synth-1145
synth-1057,synth-1060,synth-1145
synth-1005,synth-1060,synth-1145
synth-1045,synth-1099,synth-1146
synth-1099,synth-1137,synth-1146
synth-1045,synth-1137,synth-1146
synth-1016,synth-1043,synth-1147
synth-1043,synth-1081,synth-1147
synth-1016,synth-1081,synth-1147
synth-1004,synth-1051,synth-1148
synth-1051,synth-1087,synth-1148
synth-1004,synth-1087,synth-1148
synth-1006,synth-1020,synth-1149
synth-1020,synth-1029,synth-1149
synth-1006,synth-1029,synth-1149
synth-1006,synth-1055,synth-1150
synth-1055,synth-1134,synth-1150
synth-1006,synth-1134,synth-1150
synth-1002,synth-1005,synth-1151
synth-1005,synth-1122,synth-1151
synth-1002,synth-1122,synth-1151
synth-1012,synth-1028,synth-1152
synth-1028,synth-1068,synth-1152
synth-1012,synth-1068,synth-1152
synth-1004,synth-1005,synth-1153
synth-1005,synth-1022,synth-1153
synth-1004,synth-1022,synth-1153
synth-1003,synth-1005,synth-1154
synth-1005,synth-1069,synth-1154
synth-1003,synth-1069,synth-1154
synth-1021,synth-1085,synth-1155
synth-1085,synth-1129,synth-1155
synth-1021,synth-1129,synth-1155
synth-1002,synth-1007,synth-1156
synth-1007,synth-1138,synth-1156
synth-1002,synth-1138,synth-1156
synth-1002,synth-1016,synth-1157
synth-1016,synth-1110,synth-1157
synth-1002,synth-1110,synth-1157
synth-1001,synth-1033,synth-1158
synth-1033,synth-1117,synth-1158
synth-1001,synth-1117,synth-1158
synth-1006,synth-1034,synth-1159
synth-1034,synth-1090,synth-1159
synth-1006,synth-1090,synth-1159
synth-1005,synth-1006,synth-1160
synth-1006,synth-1094,synth-1160
synth-1005,synth-1094,synth-1160
synth-1006,synth-1012,synth-1161
synth-1012,synth-1090,synth-1161
synth-1006,synth-1090,synth-1161
synth-1001,synth-1002,synth-1162
synth-1002,synth-1084,synth-1162
synth-1001,synth-1084,synth-1162
synth-1003,synth-1010,synth-1163
synth-1010,synth-1095,synth-1163
synth-1003,synth-1095,synth-1163
synth-1003,synth-1027,synth-1164
synth-1027,synth-1091,synth-1164
synth-1003,synth-1091,synth-1164
synth-1001,synth-1053,synth-1165
synth-1053,synth-1072,synth-1165
synth-1001,synth-1072,synth-1165
synth-1005,synth-1017,synth-1166
synth-1017,synth-1115,synth-1166
synth-1005,synth-1115,synth-1166
synth-1035,synth-1046,synth-1167
synth-1046,synth-1093,synth-1167
synth-1035,synth-1093,synth-1167
synth-1002,synth-1003,synth-1168
synth-1003,synth-1013,synth-1168
synth-1002,synth-1013,synth-1168
synth-1021,synth-1129,synth-1169
synth-1129,synth-1155,synth-1169
synth-1021,synth-1155,synth-1169
synth-1001,synth-1053,synth-1170
synth-1053,synth-1118,synth-1170
synth-1001,synth-1118,synth-1170
synth-1012,synth-1028,synth-1171
synth-1028,synth-1059,synth-1171
synth-1012,synth-1059,synth-1171
synth-1001,synth-1002,synth-1172
synth-1002,synth-1101,synth-1172
synth-1001,synth-1101,synth-1172
synth-1001,synth-1002,synth-1173
synth-1002,synth-1142,synth-1173
synth-1001,synth-1142,synth-1173
synth-1014,synth-1043,synth-1174
synth-1043,synth-1126,synth-1174
synth-1014,synth-1126,synth-1174
synth-1002,synth-1010,synth-1175
synth-1010,synth-1018,synth-1175
synth-1002,synth-1018,synth-1175
synth-1012,synth-1034,synth-1176
synth-1034,synth-1041,synth-1176
synth-1012,synth-1041,synth-1176
synth-1003,synth-1006,synth-1177
synth-1006,synth-1100,synth-1177
synth-1003,synth-1100,synth-1177
synth-1001,synth-1002,synth-1178
synth-1002,synth-1070,synth-1178
synth-1001,synth-1070,synth-1178
synth-1014,synth-1043,synth-1179
synth-1043,synth-1126,synth-1179
synth-1014,synth-1126,synth-1179
synth-1004,synth-1006,synth-1180
synth-1006,synth-1029,synth-1180
synth-1004,synth-1029,synth-1180
synth-1002,synth-1011,synth-1181
synth-1011,synth-1044,synth-1181
synth-1002,synth-1044,synth-1181
synth-1001,synth-1002,synth-1182
synth-1002,synth-1004,synth-1182
synth-1001,synth-1004,synth-1182
synth-1016,synth-1026,synth-1183
synth-1026,synth-1058,synth-1183
synth-1016,synth-1058,synth-1183
synth-1005,synth-1045,synth-1184
synth-1045,synth-1086,synth-1184
synth-1005,synth-1086,synth-1184
synth-1005,synth-1011,synth-1185
synth-1011,synth-1109,synth-1185
synth-1005,synth-1109,synth-1185
synth-1003,synth-1095,synth-1186
synth-1095,synth-1163,synth-1186
synth-1003,synth-1163,synth-1186
synth-1002,synth-1014,synth-1187
synth-1014,synth-1036,synth-1187
synth-1002,synth-1036,synth-1187
synth-1005,synth-1006,synth-1188
synth-1006,synth-1160,synth-1188
synth-1005,synth-1160,synth-1188
synth-1001,synth-1031,synth-1189
synth-1031,synth-1056,synth-1189
synth-1001,synth-1056,synth-1189
synth-1005,synth-1086,synth-1190
synth-1086,synth-1184,synth-1190
synth-1005,synth-1184,synth-1190
synth-1001,synth-1142,synth-1191
synth-1142,synth-1173,synth-1191
synth-1001,synth-1173,synth-1191
synth-1003,synth-1034,synth-1192
synth-1034,synth-1041,synth-1192
synth-1003,synth-1041,synth-1192
synth-1014,synth-1023,synth-1193
synth-1023,synth-1036,synth-1193
synth-1014,synth-1036,synth-1193
synth-1001,synth-1002,synth-1194
synth-1002,synth-1173,synth-1194
synth-1001,synth-1173,synth-1194
synth-1001,synth-1002,synth-1195
synth-1002,synth-1194,synth-1195
synth-1001,synth-1194,synth-1195
synth-1003,synth-1006,synth-1196
synth-1006,synth-1057,synth-1196
synth-1003,synth-1057,synth-1196
synth-1002,synth-1016,synth-1197
synth-1016,synth-1110,synth-1197
synth-1002,synth-1110,synth-1197
synth-1032,synth-1035,synth-1198
synth-1035,synth-1093,synth-1198
synth-1032,synth-1093,synth-1198
synth-1002,synth-1110,synth-1199
synth-1110,synth-1197,synth-1199
synth-1002,synth-1197,synth-1199
synth-1028,synth-1066,synth-1200
synth-1066,synth-1067,synth-1200
synth-1028,synth-1067,synth-1200
synth-1201,synth-1202,synth-1203
synth-1201,synth-1202,synth-1204
synth-1201,synth-1203,synth-1204
synth-1202,synth-1203,synth-1204
synth-1201,synth-1202,synth-1205
synth-1202,synth-1204,synth-1205
synth-1201,synth-1204,synth-1205
synth-1202,synth-1204,synth-1206
synth-1204,synth-1205,synth-1206
synth-1202,synth-1205,synth-1206
synth-1201,synth-1203,synth-1207
synth-1203,synth-1204,synth-1207
synth-1201,synth-1204,synth-1207
synth-1202,synth-1205,synth-1208
synth-1205,synth-1206,synth-1208
synth-1202,synth-1206,synth-1208
synth-1205,synth-1206,synth-1209
synth-1206,synth-1208,synth-1209
synth-1205,synth-1208,synth-1209
synth-1201,synth-1202,synth-1210
synth-1202,synth-1205,synth-1210
synth-1201,synth-1205,synth-1210
synth-1202,synth-1205,synth-1211
synth-1205,synth-1208,synth-1211
synth-1202,synth-1208,synth-1211
synth-1201,synth-1202,synth-1212
synth-1202,synth-1204,synth-1212
synth-1201,synth-1204,synth-1212
synth-1201,synth-1202,synth-1213
synth-1202,synth-1204,synth-1213
synth-1201,synth-1204,synth-1213
synth-1201,synth-1202,synth-1214
synth-1202,synth-1210,synth-1214
synth-1201,synth-1210,synth-1214
synth-1202,synth-1206,synth-1215
synth-1206,synth-1208,synth-1215
synth-1202,synth-1208,synth-1215
synth-1202,synth-1208,synth-1216
synth-1208,synth-1211,synth-1216
synth-1202,synth-1211,synth-1216
synth-1203,synth-1204,synth-1217
synth-1204,synth-1207,synth-1217
synth-1203,synth-1207,synth-1217
synth-1202,synth-1205,synth-1218
synth-1205,synth-1208,synth-1218
synth-1202,synth-1208,synth-1218
synth-1201,synth-1202,synth-1219
synth-1202,synth-1214,synth-1219
synth-1201,synth-1214,synth-1219
synth-1204,synth-1205,synth-1220
synth-1205,synth-1206,synth-1220
synth-1204,synth-1206,synth-1220
synth-1202,synth-1208,synth-1221
synth-1208,synth-1215,synth-1221
synth-1202,synth-1215,synth-1221
synth-1202,synth-1206,synth-1222
synth-1206,synth-1215,synth-1222
synth-1202,synth-1215,synth-1222
synth-1202,synth-1203,synth-1223
synth-1203,synth-1204,synth-1223
synth-1202,synth-1204,synth-1223
synth-1205,synth-1206,synth-1224
synth-1206,synth-1220,synth-1224
synth-1205,synth-1220,synth-1224
synth-1201,synth-1202,synth-1225
synth-1202,synth-1213,synth-1225
synth-1201,synth-1213,synth-1225
synth-1202,synth-1203,synth-1226
synth-1203,synth-1204,synth-1226
synth-1202,synth-1204,synth-1226
synth-1202,synth-1205,synth-1227
synth-1205,synth-1208,synth-1227
synth-1202,synth-1208,synth-1227
synth-1203,synth-1204,synth-1228
synth-1204,synth-1226,synth-1228
synth-1203,synth-1226,synth-1228
synth-1201,synth-1202,synth-1229
synth-1202,synth-1210,synth-1229
synth-1201,synth-1210,synth-1229
synth-1202,synth-1203,synth-1230
synth-1203,synth-1223,synth-1230
synth-1202,synth-1223,synth-1230
synth-1204,synth-1205,synth-1231
synth-1205,synth-1220,synth-1231
synth-1204,synth-1220,synth-1231
synth-1201,synth-1203,synth-1232
synth-1203,synth-1204,synth-1232
synth-1201,synth-1204,synth-1232
synth-1202,synth-1204,synth-1233
synth-1204,synth-1226,synth-1233
synth-1202,synth-1226,synth-1233
synth-1206,synth-1208,synth-1234
synth-1208,synth-1215,synth-1234
synth-1206,synth-1215,synth-1234
synth-1206,synth-1208,synth-1235
synth-1208,synth-1215,synth-1235
synth-1206,synth-1215,synth-1235
synth-1206,synth-1215,synth-1236
synth-1215,synth-1222,synth-1236
synth-1206,synth-1222,synth-1236
synth-1204,synth-1226,synth-1237
synth-1226,synth-1233,synth-1237
synth-1204,synth-1233,synth-1237
synth-1202,synth-1214,synth-1238
synth-1214,synth-1219,synth-1238
synth-1202,synth-1219,synth-1238
synth-1206,synth-1208,synth-1239
synth-1208,synth-1235,synth-1239
synth-1206,synth-1235,synth-1239
synth-1201,synth-1210,synth-1240
synth-1210,synth-1229,synth-1240
synth-1201,synth-1229,synth-1240
synth-1205,synth-1206,synth-1241
synth-1206,synth-1224,synth-1241
synth-1205,synth-1224,synth-1241
synth-1201,synth-1204,synth-1242
synth-1204,synth-1207,synth-1242
synth-1201,synth-1207,synth-1242
synth-1202,synth-1210,synth-1243
synth-1210,synth-1214,synth-1243
synth-1202,synth-1214,synth-1243
synth-1204,synth-1206,synth-1244
synth-1206,synth-1220,synth-1244
synth-1204,synth-1220,synth-1244
synth-1201,synth-1203,synth-1245
synth-1203,synth-1232,synth-1245
synth-1201,synth-1232,synth-1245
synth-1204,synth-1207,synth-1246
synth-1207,synth-1217,synth-1246
synth-1204,synth-1217,synth-1246
synth-1202,synth-1203,synth-1247
synth-1203,synth-1226,synth-1247
synth-1202,synth-1226,synth-1247
synth-1202,synth-1205,synth-1248
synth-1205,synth-1227,synth-1248
synth-1202,synth-1227,synth-1248
synth-1202,synth-1204,synth-1249
synth-1204,synth-1206,synth-1249
synth-1202,synth-1206,synth-1249
synth-1201,synth-1203,synth-1250
synth-1203,synth-1232,synth-1250
synth-1201,synth-1232,synth-1250
synth-1208,synth-1215,synth-1251
synth-1215,synth-1235,synth-1251
synth-1208,synth-1235,synth-1251
synth-1202,synth-1205,synth-1252
synth-1205,synth-1248,synth-1252
synth-1202,synth-1248,synth-1252
synth-1202,synth-1215,synth-1253
synth-1215,synth-1221,synth-1253
synth-1202,synth-1221,synth-1253
synth-1201,synth-1202,synth-1254
synth-1202,synth-1203,synth-1254
synth-1201,synth-1203,synth-1254
synth-1202,synth-1203,synth-1255
synth-1203,synth-1223,synth-1255
synth-1202,synth-1223,synth-1255
synth-1202,synth-1248,synth-1256
synth-1248,synth-1252,synth-1256
synth-1202,synth-1252,synth-1256
synth-1202,synth-1204,synth-1257
synth-1204,synth-1206,synth-1257
synth-1202,synth-1206,synth-1257
synth-1203,synth-1204,synth-1258
synth-1204,synth-1232,synth-1258
synth-1203,synth-1232,synth-1258
synth-1203,synth-1232,synth-1259
synth-1232,synth-1250,synth-1259
synth-1203,synth-1250,synth-1259
synth-1215,synth-1235,synth-1260
synth-1235,synth-1251,synth-1260
synth-1215,synth-1251,synth-1260
synth-1206,synth-1208,synth-1261
synth-1208,synth-1235,synth-1261
synth-1206,synth-1235,synth-1261
synth-1201,synth-1214,synth-1262
synth-1214,synth-1219,synth-1262
synth-1201,synth-1219,synth-1262
synth-1202,synth-1219,synth-1263
synth-1219,synth-1238,synth-1263
synth-1202,synth-1238,synth-1263
synth-1202,synth-1203,synth-1264
synth-1203,synth-1230,synth-1264
synth-1202,synth-1230,synth-1264
synth-1205,synth-1206,synth-1265
synth-1206,synth-1209,synth-1265
synth-1205,synth-1209,synth-1265
synth-1203,synth-1204,synth-1266
synth-1204,synth-1226,synth-1266
synth-1203,synth-1226,synth-1266
synth-1201,synth-1202,synth-1267
synth-1202,synth-1254,synth-1267
synth-1201,synth-1254,synth-1267
synth-1201,synth-1202,synth-1268
synth-1202,synth-1204,synth-1268
synth-1201,synth-1204,synth-1268
synth-1201,synth-1204,synth-1269
synth-1204,synth-1207,synth-1269
synth-1201,synth-1207,synth-1269
synth-1202,synth-1214,synth-1270
synth-1214,synth-1219,synth-1270
synth-1202,synth-1219,synth-1270
synth-1204,synth-1226,synth-1271
synth-1226,synth-1233,synth-1271
synth-1204,synth-1233,synth-1271
synth-1201,synth-1202,synth-1272
synth-1202,synth-1268,synth-1272
synth-1201,synth-1268,synth-1272
synth-1201,synth-1204,synth-1273
synth-1204,synth-1242,synth-1273
synth-1201,synth-1242,synth-1273
synth-1201,synth-1202,synth-1274
synth-1202,synth-1212,synth-1274
synth-1201,synth-1212,synth-1274
synth-1201,synth-1242,synth-1275
synth-1242,synth-1273,synth-1275
synth-1201,synth-1273,synth-1275
synth-1204,synth-1226,synth-1276
synth-1226,synth-1237,synth-1276
synth-1204,synth-1237,synth-1276
synth-1203,synth-1226,synth-1277
synth-1226,synth-1247,synth-1277
synth-1203,synth-1247,synth-1277
synth-1201,synth-1268,synth-1278
synth-1268,synth-1272,synth-1278
synth-1201,synth-1272,synth-1278
synth-1204,synth-1226,synth-1279
synth-1226,synth-1266,synth-1279
synth-1204,synth-1266,synth-1279
synth-1204,synth-1226,synth-1280
synth-1226,synth-1266,synth-1280
synth-1204,synth-1266,synth-1280
synth-1204,synth-1206,synth-1281
synth-1206,synth-1220,synth-1281
synth-1204,synth-1220,synth-1281
synth-1206,synth-1208,synth-1282
synth-1208,synth-1235,synth-1282
synth-1206,synth-1235,synth-1282
synth-1201,synth-1212,synth-1283
synth-1212,synth-1274,synth-1283
synth-1201,synth-1274,synth-1283
synth-1202,synth-1210,synth-1284
synth-1210,synth-1243,synth-1284
synth-1202,synth-1243,synth-1284
synth-1202,synth-1214,synth-1285
synth-1214,synth-1270,synth-1285
synth-1202,synth-1270,synth-1285
synth-1202,synth-1204,synth-1286
synth-1204,synth-1268,synth-1286
synth-1202,synth-1268,synth-1286
synth-1206,synth-1220,synth-1287
synth-1220,synth-1244,synth-1287
synth-1206,synth-1244,synth-1287
synth-1204,synth-1206,synth-1288
synth-1206,synth-1281,synth-1288
synth-1204,synth-1281,synth-1288
synth-1202,synth-1213,synth-1289
synth-1213,synth-1225,synth-1289
synth-1202,synth-1225,synth-1289
synth-1202,synth-1204,synth-1290
synth-1204,synth-1223,synth-1290
synth-1202,synth-1223,synth-1290
synth-1201,synth-1203,synth-1291
synth-1203,synth-1254,synth-1291
synth-1201,synth-1254,synth-1291
synth-1203,synth-1204,synth-1292
synth-1204,synth-1228,synth-1292
synth-1203,synth-1228,synth-1292
synth-1202,synth-1203,synth-1293
synth-1203,synth-1264,synth-1293
synth-1202,synth-1264,synth-1293
synth-1201,synth-1204,synth-1294
synth-1204,synth-1273,synth-1294
synth-1201,synth-1273,synth-1294
synth-1201,synth-1273,synth-1295
synth-1273,synth-1294,synth-1295
synth-1201,synth-1294,synth-1295
synth-1201,synth-1232,synth-1296
synth-1232,synth-1250,synth-1296
synth-1201,synth-1250,synth-1296
synth-1202,synth-1205,synth-1297
synth-1205,synth-1208,synth-1297
synth-1202,synth-1208,synth-1297
synth-1201,synth-1213,synth-1298
synth-1213,synth-1225,synth-1298
synth-1201,synth-1225,synth-1298
synth-1208,synth-1215,synth-1299
synth-1215,synth-1234,synth-1299
synth-1208,synth-1234,synth-1299
synth-1204,synth-1226,synth-1300
synth-1226,synth-1271,synth-1300
synth-1204,synth-1271,synth-1300
synth-1202,synth-1214,synth-1301
synth-1214,synth-1270,synth-1301
synth-1202,synth-1270,synth-1301
synth-1208,synth-1235,synth-1302
synth-1235,synth-1251,synth-1302
synth-1208,synth-1251,synth-1302
synth-1205,synth-1206,synth-1303
synth-1206,synth-1241,synth-1303
synth-1205,synth-1241,synth-1303
synth-1232,synth-1250,synth-1304
synth-1250,synth-1296,synth-1304
synth-1232,synth-1296,synth-1304
synth-1204,synth-1226,synth-1305
synth-1226,synth-1280,synth-1305
synth-1204,synth-1280,synth-1305
synth-1203,synth-1230,synth-1306
synth-1230,synth-1264,synth-1306
synth-1203,synth-1264,synth-1306
synth-1201,synth-1202,synth-1307
synth-1202,synth-1268,synth-1307
synth-1201,synth-1268,synth-1307
synth-1202,synth-1206,synth-1308
synth-1206,synth-1222,synth-1308
synth-1202,synth-1222,synth-1308
synth-1204,synth-1206,synth-1309
synth-1206,synth-1257,synth-1309
synth-1204,synth-1257,synth-1309
synth-1206,synth-1220,synth-1310
synth-1220,synth-1224,synth-1310
synth-1206,synth-1224,synth-1310
synth-1203,synth-1207,synth-1311
synth-1207,synth-1217,synth-1311
synth-1203,synth-1217,synth-1311
synth-1208,synth-1235,synth-1312
synth-1235,synth-1239,synth-1312
synth-1208,synth-1239,synth-1312
synth-1201,synth-1250,synth-1313
synth-1250,synth-1296,synth-1313
synth-1201,synth-1296,synth-1313
synth-1201,synth-1202,synth-1314
synth-1202,synth-1307,synth-1314
synth-1201,synth-1307,synth-1314
synth-1202,synth-1208,synth-1315
synth-1208,synth-1215,synth-1315
synth-1202,synth-1215,synth-1315
synth-1202,synth-1214,synth-1316
synth-1214,synth-1219,synth-1316
synth-1202,synth-1219,synth-1316
synth-1206,synth-1215,synth-1317
synth-1215,synth-1222,synth-1317
synth-1206,synth-1222,synth-1317
synth-1208,synth-1251,synth-1318
synth-1251,synth-1302,synth-1318
synth-1208,synth-1302,synth-1318
synth-1204,synth-1220,synth-1319
synth-1220,synth-1281,synth-1319
synth-1204,synth-1281,synth-1319
synth-1202,synth-1210,synth-1320
synth-1210,synth-1214,synth-1320
synth-1202,synth-1214,synth-1320
synth-1214,synth-1219,synth-1321
synth-1219,synth-1270,synth-1321
synth-1214,synth-1270,synth-1321
synth-1204,synth-1226,synth-1322
synth-1226,synth-1279,synth-1322
synth-1204,synth-1279,synth-1322
synth-1201,synth-1273,synth-1323
synth-1273,synth-1295,synth-1323
synth-1201,synth-1295,synth-1323
synth-1202,synth-1214,synth-1324
synth-1214,synth-1219,synth-1324
synth-1202,synth-1219,synth-1324
synth-1201,synth-1272,synth-1325
synth-1272,synth-1278,synth-1325
synth-1201,synth-1278,synth-1325
synth-1203,synth-1226,synth-1326
synth-1226,synth-1266,synth-1326
synth-1203,synth-1266,synth-1326
synth-1208,synth-1235,synth-1327
synth-1235,synth-1282,synth-1327
synth-1208,synth-1282,synth-1327
synth-1201,synth-1204,synth-1328
synth-1204,synth-1294,synth-1328
synth-1201,synth-1294,synth-1328
synth-1202,synth-1203,synth-1329
synth-1203,synth-1247,synth-1329
synth-1202,synth-1247,synth-1329
synth-1202,synth-1223,synth-1330
synth-1223,synth-1230,synth-1330
synth-1202,synth-1230,synth-1330
synth-1201,synth-1214,synth-1331
synth-1214,synth-1219,synth-1331
synth-1201,synth-1219,synth-1331
synth-1204,synth-1206,synth-1332
synth-1206,synth-1244,synth-1332
synth-1204,synth-1244,synth-1332
synth-1201,synth-1204,synth-1333
synth-1204,synth-1328,synth-1333
synth-1201,synth-1328,synth-1333
synth-1201,synth-1219,synth-1334
synth-1219,synth-1331,synth-1334
synth-1201,synth-1331,synth-1334
synth-1202,synth-1208,synth-1335
synth-1208,synth-1221,synth-1335
synth-1202,synth-1221,synth-1335
synth-1206,synth-1220,synth-1336
synth-1220,synth-1281,synth-1336
synth-1206,synth-1281,synth-1336
synth-1201,synth-1272,synth-1337
synth-1272,synth-1325,synth-1337
synth-1201,synth-1325,synth-1337
synth-1202,synth-1219,synth-1338
synth-1219,synth-1270,synth-1338
synth-1202,synth-1270,synth-1338
synth-1204,synth-1220,synth-1339
synth-1220,synth-1281,synth-1339
synth-1204,synth-1281,synth-1339
synth-1201,synth-1272,synth-1340
synth-1272,synth-1278,synth-1340
synth-1201,synth-1278,synth-1340
synth-1205,synth-1206,synth-1341
synth-1206,synth-1220,synth-1341
synth-1205,synth-1220,synth-1341
synth-1204,synth-1206,synth-1342
synth-1206,synth-1332,synth-1342
synth-1204,synth-1332,synth-1342
synth-1204,synth-1281,synth-1343
synth-1281,synth-1319,synth-1343
synth-1204,synth-1319,synth-1343
synth-1202,synth-1213,synth-1344
synth-1213,synth-1225,synth-1344
synth-1202,synth-1225,synth-1344
synth-1202,synth-1206,synth-1345
synth-1206,synth-1308,synth-1345
synth-1202,synth-1308,synth-1345
synth-1214,synth-1219,synth-1346
synth-1219,synth-1270,synth-1346
synth-1214,synth-1270,synth-1346
synth-1201,synth-1202,synth-1347
synth-1202,synth-1314,synth-1347
synth-1201,synth-1314,synth-1347
synth-1268,synth-1272,synth-1348
synth-1272,synth-1278,synth-1348
synth-1268,synth-1278,synth-1348
synth-1202,synth-1270,synth-1349
synth-1270,synth-1301,synth-1349
synth-1202,synth-1301,synth-1349
synth-1215,synth-1251,synth-1350
synth-1251,synth-1260,synth-1350
synth-1215,synth-1260,synth-1350
synth-1203,synth-1204,synth-1351
synth-1204,synth-1226,synth-1351
synth-1203,synth-1226,synth-1351
synth-1205,synth-1208,synth-1352
synth-1208,synth-1218,synth-1352
synth-1205,synth-1218,synth-1352
synth-1202,synth-1206,synth-1353
synth-1206,synth-1257,synth-1353
synth-1202,synth-1257,synth-1353
synth-1202,synth-1219,synth-1354
synth-1219,synth-1238,synth-1354
synth-1202,synth-1238,synth-1354
synth-1205,synth-1206,synth-1355
synth-1206,synth-1209,synth-1355
synth-1205,synth-1209,synth-1355
synth-1202,synth-1206,synth-1356
synth-1206,synth-1222,synth-1356
synth-1202,synth-1222,synth-1356
synth-1232,synth-1250,synth-1357
synth-1250,synth-1259,synth-1357
synth-1232,synth-1259,synth-1357
synth-1251,synth-1302,synth-1358
synth-1302,synth-1318,synth-1358
synth-1251,synth-1318,synth-1358
synth-1206,synth-1220,synth-1359
synth-1220,synth-1310,synth-1359
synth-1206,synth-1310,synth-1359
synth-1215,synth-1251,synth-1360
synth-1251,synth-1350,synth-1360
synth-1215,synth-1350,synth-1360
synth-1202,synth-1206,synth-1361
synth-1206,synth-1208,synth-1361
synth-1202,synth-1208,synth-1361
synth-1208,synth-1221,synth-1362
synth-1221,synth-1335,synth-1362
synth-1208,synth-1335,synth-1362
synth-1202,synth-1223,synth-1363
synth-1223,synth-1330,synth-1363
synth-1202,synth-1330,synth-1363
synth-1226,synth-1237,synth-1364
synth-1237,synth-1276,synth-1364
synth-1226,synth-1276,synth-1364
synth-1202,synth-1208,synth-1365
synth-1208,synth-1315,synth-1365
synth-1202,synth-1315,synth-1365
synth-1203,synth-1230,synth-1366
synth-1230,synth-1306,synth-1366
synth-1203,synth-1306,synth-1366
synth-1202,synth-1204,synth-1367
synth-1204,synth-1205,synth-1367
synth-1202,synth-1205,synth-1367
synth-1232,synth-1250,synth-1368
synth-1250,synth-1259,synth-1368
synth-1232,synth-1259,synth-1368
synth-1220,synth-1310,synth-1369
synth-1310,synth-1359,synth-1369
synth-1220,synth-1359,synth-1369
synth-1201,synth-1202,synth-1370
synth-1202,synth-1225,synth-1370
synth-1201,synth-1225,synth-1370
synth-1202,synth-1214,synth-1371
synth-1214,synth-1320,synth-1371
synth-1202,synth-1320,synth-1371
synth-1250,synth-1296,synth-1372
synth-1296,synth-1313,synth-1372
synth-1250,synth-1313,synth-1372
synth-1201,synth-1268,synth-1373
synth-1268,synth-1272,synth-1373
synth-1201,synth-1272,synth-1373
synth-1206,synth-1222,synth-1374
synth-1222,synth-1317,synth-1374
synth-1206,synth-1317,synth-1374
synth-1205,synth-1209,synth-1375
synth-1209,synth-1265,synth-1375
synth-1205,synth-1265,synth-1375
synth-1204,synth-1226,synth-1376
synth-1226,synth-1237,synth-1376
synth-1204,synth-1237,synth-1376
synth-1203,synth-1247,synth-1377
synth-1247,synth-1329,synth-1377
synth-1203,synth-1329,synth-1377
synth-1205,synth-1206,synth-1378
synth-1206,synth-1241,synth-1378
synth-1205,synth-1241,synth-1378
synth-1201,synth-1272,synth-1379
synth-1272,synth-1337,synth-1379
synth-1201,synth-1337,synth-1379
synth-1226,synth-1271,synth-1380
synth-1271,synth-1300,synth-1380
synth-1226,synth-1300,synth-1380
synth-1208,synth-1215,synth-1381
synth-1215,synth-1234,synth-1381
synth-1208,synth-1234,synth-1381
synth-1206,synth-1241,synth-1382
synth-1241,synth-1303,synth-1382
synth-1206,synth-1303,synth-1382
synth-1201,synth-1242,synth-1383
synth-1242,synth-1275,synth-1383
synth-1201,synth-1275,synth-1383
synth-1210,synth-1243,synth-1384
synth-1243,synth-1284,synth-1384
synth-1210,synth-1284,synth-1384
synth-1232,synth-1250,synth-1385
synth-1250,synth-1304,synth-1385
synth-1232,synth-1304,synth-1385
synth-1202,synth-1204,synth-1386
synth-1204,synth-1212,synth-1386
synth-1202,synth-1212,synth-1386
synth-1206,synth-1281,synth-1387
synth-1281,synth-1336,synth-1387
synth-1206,synth-1336,synth-1387
synth-1202,synth-1248,synth-1388
synth-1248,synth-1256,synth-1388
synth-1202,synth-1256,synth-1388
synth-1203,synth-1254,synth-1389
synth-1254,synth-1291,synth-1389
synth-1203,synth-1291,synth-1389
synth-1220,synth-1281,synth-1390
synth-1281,synth-1336,synth-1390
synth-1220,synth-1336,synth-1390
synth-1206,synth-1332,synth-1391
synth-1332,synth-1342,synth-1391
synth-1206,synth-1342,synth-1391
synth-1201,synth-1202,synth-1392
synth-1202,synth-1205,synth-1392
synth-1201,synth-1205,synth-1392
synth-1203,synth-1228,synth-1393
synth-1228,synth-1292,synth-1393
synth-1203,synth-1292,synth-1393
synth-1220,synth-1244,synth-1394
synth-1244,synth-1287,synth-1394
synth-1220,synth-1287,synth-1394
synth-1201,synth-1278,synth-1395
synth-1278,synth-1325,synth-1395
synth-1201,synth-1325,synth-1395
synth-1205,synth-1209,synth-1396
synth-1209,synth-1375,synth-1396
synth-1205,synth-1375,synth-1396
synth-1204,synth-1206,synth-1397
synth-1206,synth-1332,synth-1397
synth-1204,synth-1332,synth-1397
synth-1220,synth-1336,synth-1398
synth-1336,synth-1390,synth-1398
synth-1220,synth-1390,synth-1398
synth-1237,synth-1276,synth-1399
synth-1276,synth-1364,synth-1399
synth-1237,synth-1364,synth-1399
synth-1204,synth-1207,synth-1400
synth-1207,synth-1246,synth-1400
synth-1204,synth-1246,synth-1400
synth-1401,synth-1402,synth-1403
synth-1401,synth-1402,synth-1404
synth-1401,synth-1403,synth-1404
synth-1402,synth-1403,synth-1404
synth-1402,synth-1403,synth-1405
synth-1403,synth-1404,synth-1405
synth-1402,synth-1404,synth-1405
synth-1401,synth-1402,synth-1406
synth-1402,synth-1403,synth-1406
synth-1401,synth-1403,synth-1406
synth-1402,synth-1403,synth-1407
synth-1403,synth-1405,synth-1407
synth-1402,synth-1405,synth-1407
synth-1402,synth-1405,synth-1408
synth-1405,synth-1407,synth-1408
synth-1402,synth-1407,synth-1408
synth-1401,synth-1403,synth-1409
synth-1403,synth-1404,synth-1409
synth-1401,synth-1404,synth-1409
synth-1402,synth-1403,synth-1410
synth-1403,synth-1407,synth-1410
synth-1402,synth-1407,synth-1410
synth-1401,synth-1403,synth-1411
synth-1403,synth-1404,synth-1411
synth-1401,synth-1404,synth-1411
synth-1402,synth-1403,synth-1412
synth-1403,synth-1404,synth-1412
synth-1402,synth-1404,synth-1412
synth-1402,synth-1403,synth-1413
synth-1403,synth-1412,synth-1413
synth-1402,synth-1412,synth-1413
synth-1401,synth-1404,synth-1414
synth-1404,synth-1409,synth-1414
synth-1401,synth-1409,synth-1414
synth-1402,synth-1405,synth-1415
synth-1405,synth-1407,synth-1415
synth-1402,synth-1407,synth-1415
synth-1405,synth-1407,synth-1416
synth-1407,synth-1415,synth-1416
synth-1405,synth-1415,synth-1416
synth-1403,synth-1404,synth-1417
synth-1404,synth-1412,synth-1417
synth-1403,synth-1412,synth-1417
synth-1401,synth-1404,synth-1418
synth-1404,synth-1409,synth-1418
synth-1401,synth-1409,synth-1418
synth-1401,synth-1402,synth-1419
synth-1402,synth-1403,synth-1419
synth-1401,synth-1403,synth-1419
synth-1402,synth-1403,synth-1420
synth-1403,synth-1413,synth-1420
synth-1402,synth-1413,synth-1420
synth-1402,synth-1404,synth-1421
synth-1404,synth-1412,synth-1421
synth-1402,synth-1412,synth-1421
synth-1402,synth-1404,synth-1422
synth-1404,synth-1405,synth-1422
synth-1402,synth-1405,synth-1422
synth-1401,synth-1404,synth-1423
synth-1404,synth-1418,synth-1423
synth-1401,synth-1418,synth-1423
synth-1403,synth-1405,synth-1424
synth-1405,synth-1407,synth-1424
synth-1403,synth-1407,synth-1424
synth-1401,synth-1402,synth-1425
synth-1402,synth-1406,synth-1425
synth-1401,synth-1406,synth-1425
synth-1404,synth-1405,synth-1426
synth-1405,synth-1422,synth-1426
synth-1404,synth-1422,synth-1426
synth-1407,synth-1415,synth-1427
synth-1415,synth-1416,synth-1427
synth-1407,synth-1416,synth-1427
synth-1402,synth-1403,synth-1428
synth-1403,synth-1410,synth-1428
synth-1402,synth-1410,synth-1428
synth-1402,synth-1410,synth-1429
synth-1410,synth-1428,synth-1429
synth-1402,synth-1428,synth-1429
synth-1402,synth-1405,synth-1430
synth-1405,synth-1408,synth-1430
synth-1402,synth-1408,synth-1430
synth-1403,synth-1412,synth-1431
synth-1412,synth-1417,synth-1431
synth-1403,synth-1417,synth-1431
synth-1402,synth-1406,synth-1432
synth-1406,synth-1425,synth-1432
synth-1402,synth-1425,synth-1432
synth-1412,synth-1417,synth-1433
synth-1417,synth-1431,synth-1433
synth-1412,synth-1431,synth-1433
synth-1402,synth-1404,synth-1434
synth-1404,synth-1422,synth-1434
synth-1402,synth-1422,synth-1434
synth-1402,synth-1405,synth-1435
synth-1405,synth-1415,synth-1435
synth-1402,synth-1415,synth-1435
synth-1402,synth-1412,synth-1436
synth-1412,synth-1413,synth-1436
synth-1402,synth-1413,synth-1436
synth-1402,synth-1405,synth-1437
synth-1405,synth-1407,synth-1437
synth-1402,synth-1407,synth-1437
synth-1415,synth-1416,synth-1438
synth-1416,synth-1427,synth-1438
synth-1415,synth-1427,synth-1438
synth-1405,synth-1407,synth-1439
synth-1407,synth-1408,synth-1439
synth-1405,synth-1408,synth-1439
synth-1416,synth-1427,synth-1440
synth-1427,synth-1438,synth-1440
synth-1416,synth-1438,synth-1440
synth-1402,synth-1403,synth-1441
synth-1403,synth-1420,synth-1441
synth-1402,synth-1420,synth-1441
synth-1412,synth-1431,synth-1442
synth-1431,synth-1433,synth-1442
synth-1412,synth-1433,synth-1442
synth-1402,synth-1407,synth-1443
synth-1407,synth-1415,synth-1443
synth-1402,synth-1415,synth-1443
synth-1412,synth-1431,synth-1444
synth-1431,synth-1442,synth-1444
synth-1412,synth-1442,synth-1444
synth-1403,synth-1405,synth-1445
synth-1405,synth-1407,synth-1445
synth-1403,synth-1407,synth-1445
synth-1406,synth-1425,synth-1446
synth-1425,synth-1432,synth-1446
synth-1406,synth-1432,synth-1446
synth-1405,synth-1422,synth-1447
synth-1422,synth-1426,synth-1447
synth-1405,synth-1426,synth-1447
synth-1405,synth-1407,synth-1448
synth-1407,synth-1415,synth-1448
synth-1405,synth-1415,synth-1448
synth-1402,synth-1420,synth-1449
synth-1420,synth-1441,synth-1449
synth-1402,synth-1441,synth-1449
synth-1415,synth-1416,synth-1450
synth-1416,synth-1438,synth-1450
synth-1415,synth-1438,synth-1450
synth-1401,synth-1402,synth-1451
synth-1402,synth-1403,synth-1451
synth-1401,synth-1403,synth-1451
synth-1412,synth-1431,synth-1452
synth-1431,synth-1444,synth-1452
synth-1412,synth-1444,synth-1452
synth-1422,synth-1426,synth-1453
synth-1426,synth-1447,synth-1453
synth-1422,synth-1447,synth-1453
synth-1403,synth-1404,synth-1454
synth-1404,synth-1417,synth-1454
synth-1403,synth-1417,synth-1454
synth-1403,synth-1407,synth-1455
synth-1407,synth-1445,synth-1455
synth-1403,synth-1445,synth-1455
synth-1403,synth-1404,synth-1456
synth-1404,synth-1412,synth-1456
synth-1403,synth-1412,synth-1456
synth-1415,synth-1416,synth-1457
synth-1416,synth-1427,synth-1457
synth-1415,synth-1427,synth-1457
synth-1403,synth-1417,synth-1458
synth-1417,synth-1454,synth-1458
synth-1403,synth-1454,synth-1458
synth-1405,synth-1426,synth-1459
synth-1426,synth-1447,synth-1459
synth-1405,synth-1447,synth-1459
synth-1402,synth-1405,synth-1460
synth-1405,synth-1408,synth-1460
synth-1402,synth-1408,synth-1460
synth-1402,synth-1403,synth-1461
synth-1403,synth-1410,synth-1461
synth-1402,synth-1410,synth-1461
synth-1412,synth-1417,synth-1462
synth-1417,synth-1431,synth-1462
synth-1412,synth-1431,synth-1462
synth-1402,synth-1420,synth-1463
synth-1420,synth-1449,synth-1463
synth-1402,synth-1449,synth-1463
synth-1410,synth-1428,synth-1464
synth-1428,synth-1429,synth-1464
synth-1410,synth-1429,synth-1464
synth-1402,synth-1403,synth-1465
synth-1403,synth-1413,synth-1465
synth-1402,synth-1413,synth-1465
synth-1402,synth-1410,synth-1466
synth-1410,synth-1428,synth-1466
synth-1402,synth-1428,synth-1466
synth-1412,synth-1417,synth-1467
synth-1417,synth-1462,synth-1467
synth-1412,synth-1462,synth-1467
synth-1412,synth-1413,synth-1468
synth-1413,synth-1436,synth-1468
synth-1412,synth-1436,synth-1468
synth-1403,synth-1404,synth-1469
synth-1404,synth-1417,synth-1469
synth-1403,synth-1417,synth-1469
synth-1402,synth-1405,synth-1470
synth-1405,synth-1408,synth-1470
synth-1402,synth-1408,synth-1470
synth-1405,synth-1426,synth-1471
synth-1426,synth-1447,synth-1471
synth-1405,synth-1447,synth-1471
synth-1413,synth-1436,synth-1472
synth-1436,synth-1468,synth-1472
synth-1413,synth-1468,synth-1472
synth-1405,synth-1447,synth-1473
synth-1447,synth-1471,synth-1473
synth-1405,synth-1471,synth-1473
synth-1412,synth-1436,synth-1474
synth-1436,synth-1468,synth-1474
synth-1412,synth-1468,synth-1474
synth-1405,synth-1407,synth-1475
synth-1407,synth-1415,synth-1475
synth-1405,synth-1415,synth-1475
synth-1402,synth-1403,synth-1476
synth-1403,synth-1461,synth-1476
synth-1402,synth-1461,synth-1476
synth-1405,synth-1415,synth-1477
synth-1415,synth-1416,synth-1477
synth-1405,synth-1416,synth-1477
synth-1402,synth-1408,synth-1478
synth-1408,synth-1470,synth-1478
synth-1402,synth-1470,synth-1478
synth-1402,synth-1404,synth-1479
synth-1404,synth-1434,synth-1479
synth-1402,synth-1434,synth-1479
synth-1410,synth-1429,synth-1480
synth-1429,synth-1464,synth-1480
synth-1410,synth-1464,synth-1480
synth-1428,synth-1429,synth-1481
synth-1429,synth-1464,synth-1481
synth-1428,synth-1464,synth-1481
synth-1405,synth-1415,synth-1482
synth-1415,synth-1435,synth-1482
synth-1405,synth-1435,synth-1482
synth-1401,synth-1402,synth-1483
synth-1402,synth-1404,synth-1483
synth-1401,synth-1404,synth-1483
synth-1412,synth-1431,synth-1484
synth-1431,synth-1442,synth-1484
synth-1412,synth-1442,synth-1484
synth-1415,synth-1416,synth-1485
synth-1416,synth-1427,synth-1485
synth-1415,synth-1427,synth-1485
synth-1405,synth-1408,synth-1486
synth-1408,synth-1430,synth-1486
synth-1405,synth-1430,synth-1486
synth-1405,synth-1415,synth-1487
synth-1415,synth-1475,synth-1487
synth-1405,synth-1475,synth-1487
synth-1402,synth-1420,synth-1488
synth-1420,synth-1449,synth-1488
synth-1402,synth-1449,synth-1488
synth-1404,synth-1409,synth-1489
synth-1409,synth-1418,synth-1489
synth-1404,synth-1418,synth-1489
synth-1426,synth-1447,synth-1490
synth-1447,synth-1459,synth-1490
synth-1426,synth-1459,synth-1490
synth-1412,synth-1436,synth-1491
synth-1436,synth-1474,synth-1491
synth-1412,synth-1474,synth-1491
synth-1410,synth-1428,synth-1492
synth-1428,synth-1464,synth-1492
synth-1410,synth-1464,synth-1492
synth-1402,synth-1470,synth-1493
synth-1470,synth-1478,synth-1493
synth-1402,synth-1478,synth-1493
synth-1403,synth-1404,synth-1494
synth-1404,synth-1456,synth-1494
synth-1403,synth-1456,synth-1494
synth-1415,synth-1416,synth-1495
synth-1416,synth-1438,synth-1495
synth-1415,synth-1438,synth-1495
synth-1410,synth-1464,synth-1496
synth-1464,synth-1480,synth-1496
synth-1410,synth-1480,synth-1496
synth-1405,synth-1415,synth-1497
synth-1415,synth-1448,synth-1497
synth-1405,synth-1448,synth-1497
synth-1402,synth-1403,synth-1498
synth-1403,synth-1461,synth-1498
synth-1402,synth-1461,synth-1498
synth-1405,synth-1407,synth-1499
synth-1407,synth-1416,synth-1499
synth-1405,synth-1416,synth-1499
synth-1404,synth-1412,synth-1500
synth-1412,synth-1417,synth-1500
synth-1404,synth-1417,synth-1500
synth-1402,synth-1415,synth-1501
synth-1415,synth-1435,synth-1501
synth-1402,synth-1435,synth-1501
synth-1425,synth-1432,synth-1502
synth-1432,synth-1446,synth-1502
synth-1425,synth-1446,synth-1502
synth-1403,synth-1461,synth-1503
synth-1461,synth-1498,synth-1503
synth-1403,synth-1498,synth-1503
synth-1425,synth-1432,synth-1504
synth-1432,synth-1446,synth-1504
synth-1425,synth-1446,synth-1504
synth-1429,synth-1464,synth-1505
synth-1464,synth-1480,synth-1505
synth-1429,synth-1480,synth-1505
synth-1404,synth-1412,synth-1506
synth-1412,synth-1421,synth-1506
synth-1404,synth-1421,synth-1506
synth-1401,synth-1402,synth-1507
synth-1402,synth-1406,synth-1507
synth-1401,synth-1406,synth-1507
synth-1404,synth-1417,synth-1508
synth-1417,synth-1500,synth-1508
synth-1404,synth-1500,synth-1508
synth-1426,synth-1447,synth-1509
synth-1447,synth-1490,synth-1509
synth-1426,synth-1490,synth-1509
synth-1405,synth-1415,synth-1510
synth-1415,synth-1482,synth-1510
synth-1405,synth-1482,synth-1510
synth-1402,synth-1406,synth-1511
synth-1406,synth-1425,synth-1511
synth-1402,synth-1425,synth-1511
synth-1402,synth-1406,synth-1512
synth-1406,synth-1425,synth-1512
synth-1402,synth-1425,synth-1512
synth-1401,synth-1402,synth-1513
synth-1402,synth-1425,synth-1513
synth-1401,synth-1425,synth-1513
synth-1412,synth-1474,synth-1514
synth-1474,synth-1491,synth-1514
synth-1412,synth-1491,synth-1514
synth-1401,synth-1404,synth-1515
synth-1404,synth-1409,synth-1515
synth-1401,synth-1409,synth-1515
synth-1402,synth-1403,synth-1516
synth-1403,synth-1410,synth-1516
synth-1402,synth-1410,synth-1516
synth-1425,synth-1432,synth-1517
synth-1432,synth-1504,synth-1517
synth-1425,synth-1504,synth-1517
synth-1416,synth-1438,synth-1518
synth-1438,synth-1450,synth-1518
synth-1416,synth-1450,synth-1518
synth-1402,synth-1407,synth-1519
synth-1407,synth-1408,synth-1519
synth-1402,synth-1408,synth-1519
synth-1412,synth-1431,synth-1520
synth-1431,synth-1452,synth-1520
synth-1412,synth-1452,synth-1520
synth-1403,synth-1407,synth-1521
synth-1407,synth-1445,synth-1521
synth-1403,synth-1445,synth-1521
synth-1416,synth-1427,synth-1522
synth-1427,synth-1438,synth-1522
synth-1416,synth-1438,synth-1522
synth-1410,synth-1429,synth-1523
synth-1429,synth-1464,synth-1523
synth-1410,synth-1464,synth-1523
synth-1405,synth-1415,synth-1524
synth-1415,synth-1475,synth-1524
synth-1405,synth-1475,synth-1524
synth-1406,synth-1425,synth-1525
synth-1425,synth-1446,synth-1525
synth-1406,synth-1446,synth-1525
synth-1405,synth-1408,synth-1526
synth-1408,synth-1486,synth-1526
synth-1405,synth-1486,synth-1526
synth-1404,synth-1417,synth-1527
synth-1417,synth-1454,synth-1527
synth-1404,synth-1454,synth-1527
synth-1410,synth-1429,synth-1528
synth-1429,synth-1480,synth-1528
synth-1410,synth-1480,synth-1528
synth-1412,synth-1417,synth-1529
synth-1417,synth-1433,synth-1529
synth-1412,synth-1433,synth-1529
synth-1413,synth-1436,synth-1530
synth-1436,synth-1468,synth-1530
synth-1413,synth-1468,synth-1530
synth-1401,synth-1404,synth-1531
synth-1404,synth-1409,synth-1531
synth-1401,synth-1409,synth-1531
synth-1405,synth-1422,synth-1532
synth-1422,synth-1447,synth-1532
synth-1405,synth-1447,synth-1532
synth-1403,synth-1498,synth-1533
synth-1498,synth-1503,synth-1533
synth-1403,synth-1503,synth-1533
synth-1405,synth-1415,synth-1534
synth-1415,synth-1487,synth-1534
synth-1405,synth-1487,synth-1534
synth-1412,synth-1468,synth-1535
synth-1468,synth-1474,synth-1535
synth-1412,synth-1474,synth-1535
synth-1402,synth-1449,synth-1536
synth-1449,synth-1463,synth-1536
synth-1402,synth-1463,synth-1536
synth-1498,synth-1503,synth-1537
synth-1503,synth-1533,synth-1537
synth-1498,synth-1533,synth-1537
synth-1401,synth-1403,synth-1538
synth-1403,synth-1419,synth-1538
synth-1401,synth-1419,synth-1538
synth-1404,synth-1422,synth-1539
synth-1422,synth-1426,synth-1539
synth-1404,synth-1426,synth-1539
synth-1405,synth-1422,synth-1540
synth-1422,synth-1532,synth-1540
synth-1405,synth-1532,synth-1540
synth-1403,synth-1445,synth-1541
synth-1445,synth-1521,synth-1541
synth-1403,synth-1521,synth-1541
synth-1406,synth-1446,synth-1542
synth-1446,synth-1525,synth-1542
synth-1406,synth-1525,synth-1542
synth-1401,synth-1404,synth-1543
synth-1404,synth-1515,synth-1543
synth-1401,synth-1515,synth-1543
synth-1403,synth-1461,synth-1544
synth-1461,synth-1476,synth-1544
synth-1403,synth-1476,synth-1544
synth-1425,synth-1432,synth-1545
synth-1432,synth-1446,synth-1545
synth-1425,synth-1446,synth-1545
synth-1406,synth-1425,synth-1546
synth-1425,synth-1511,synth-1546
synth-1406,synth-1511,synth-1546
synth-1405,synth-1447,synth-1547
synth-1447,synth-1473,synth-1547
synth-1405,synth-1473,synth-1547
synth-1404,synth-1454,synth-1548
synth-1454,synth-1527,synth-1548
synth-1404,synth-1527,synth-1548
synth-1405,synth-1408,synth-1549
synth-1408,synth-1486,synth-1549
synth-1405,synth-1486,synth-1549
synth-1404,synth-1412,synth-1550
synth-1412,synth-1456,synth-1550
synth-1404,synth-1456,synth-1550
synth-1401,synth-1515,synth-1551
synth-1515,synth-1543,synth-1551
synth-1401,synth-1543,synth-1551
synth-1405,synth-1471,synth-1552
synth-1471,synth-1473,synth-1552
synth-1405,synth-1473,synth-1552
synth-1403,synth-1461,synth-1553
synth-1461,synth-1544,synth-1553
synth-1403,synth-1544,synth-1553
synth-1404,synth-1417,synth-1554
synth-1417,synth-1454,synth-1554
synth-1404,synth-1454,synth-1554
synth-1403,synth-1445,synth-1555
synth-1445,synth-1521,synth-1555
synth-1403,synth-1521,synth-1555
synth-1403,synth-1404,synth-1556
synth-1404,synth-1411,synth-1556
synth-1403,synth-1411,synth-1556
synth-1402,synth-1425,synth-1557
synth-1425,synth-1513,synth-1557
synth-1402,synth-1513,synth-1557
synth-1416,synth-1438,synth-1558
synth-1438,synth-1495,synth-1558
synth-1416,synth-1495,synth-1558
synth-1412,synth-1413,synth-1559
synth-1413,synth-1436,synth-1559
synth-1412,synth-1436,synth-1559
synth-1415,synth-1427,synth-1560
synth-1427,synth-1485,synth-1560
synth-1415,synth-1485,synth-1560
synth-1410,synth-1464,synth-1561
synth-1464,synth-1523,synth-1561
synth-1410,synth-1523,synth-1561
synth-1402,synth-1405,synth-1562
synth-1405,synth-1408,synth-1562
synth-1402,synth-1408,synth-1562
synth-1402,synth-1410,synth-1563
synth-1410,synth-1466,synth-1563
synth-1402,synth-1466,synth-1563
synth-1402,synth-1404,synth-1564
synth-1404,synth-1405,synth-1564
synth-1402,synth-1405,synth-1564
synth-1403,synth-1405,synth-1565
synth-1405,synth-1424,synth-1565
synth-1403,synth-1424,synth-1565
synth-1427,synth-1438,synth-1566
synth-1438,synth-1440,synth-1566
synth-1427,synth-1440,synth-1566
synth-1410,synth-1464,synth-1567
synth-1464,synth-1492,synth-1567
synth-1410,synth-1492,synth-1567
synth-1403,synth-1404,synth-1568
synth-1404,synth-1556,synth-1568
synth-1403,synth-1556,synth-1568
synth-1401,synth-1403,synth-1569
synth-1403,synth-1411,synth-1569
synth-1401,synth-1411,synth-1569
synth-1408,synth-1486,synth-1570
synth-1486,synth-1549,synth-1570
synth-1408,synth-1549,synth-1570
synth-1408,synth-1486,synth-1571
synth-1486,synth-1570,synth-1571
synth-1408,synth-1570,synth-1571
synth-1405,synth-1435,synth-1572
synth-1435,synth-1482,synth-1572
synth-1405,synth-1482,synth-1572
synth-1402,synth-1403,synth-1573
synth-1403,synth-1410,synth-1573
synth-1402,synth-1410,synth-1573
synth-1412,synth-1433,synth-1574
synth-1433,synth-1529,synth-1574
synth-1412,synth-1529,synth-1574
synth-1402,synth-1403,synth-1575
synth-1403,synth-1407,synth-1575
synth-1402,synth-1407,synth-1575
synth-1402,synth-1408,synth-1576
synth-1408,synth-1430,synth-1576
synth-1402,synth-1430,synth-1576
synth-1402,synth-1408,synth-1577
synth-1408,synth-1576,synth-1577
synth-1402,synth-1576,synth-1577
synth-1402,synth-1407,synth-1578
synth-1407,synth-1437,synth-1578
synth-1402,synth-1437,synth-1578
synth-1404,synth-1422,synth-1579
synth-1422,synth-1539,synth-1579
synth-1404,synth-1539,synth-1579
synth-1404,synth-1405,synth-1580
synth-1405,synth-1426,synth-1580
synth-1404,synth-1426,synth-1580
synth-1413,synth-1436,synth-1581
synth-1436,synth-1559,synth-1581
synth-1413,synth-1559,synth-1581
synth-1403,synth-1461,synth-1582
synth-1461,synth-1498,synth-1582
synth-1403,synth-1498,synth-1582
synth-1415,synth-1438,synth-1583
synth-1438,synth-1450,synth-1583
synth-1415,synth-1450,synth-1583
synth-1402,synth-1403,synth-1584
synth-1403,synth-1407,synth-1584
synth-1402,synth-1407,synth-1584
synth-1436,synth-1468,synth-1585
synth-1468,synth-1474,synth-1585
synth-1436,synth-1474,synth-1585
synth-1406,synth-1446,synth-1586
synth-1446,synth-1542,synth-1586
synth-1406,synth-1542,synth-1586
synth-1415,synth-1427,synth-1587
synth-1427,synth-1560,synth-1587
synth-1415,synth-1560,synth-1587
synth-1402,synth-1428,synth-1588
synth-1428,synth-1429,synth-1588
synth-1402,synth-1429,synth-1588
synth-1416,synth-1438,synth-1589
synth-1438,synth-1450,synth-1589
synth-1416,synth-1450,synth-1589
synth-1406,synth-1511,synth-1590
synth-1511,synth-1546,synth-1590
synth-1406,synth-1546,synth-1590
synth-1403,synth-1411,synth-1591
synth-1411,synth-1556,synth-1591
synth-1403,synth-1556,synth-1591
synth-1474,synth-1491,synth-1592
synth-1491,synth-1514,synth-1592
synth-1474,synth-1514,synth-1592
synth-1404,synth-1417,synth-1593
synth-1417,synth-1469,synth-1593
synth-1404,synth-1469,synth-1593
synth-1403,synth-1476,synth-1594
synth-1476,synth-1544,synth-1594
synth-1403,synth-1544,synth-1594
synth-1449,synth-1463,synth-1595
synth-1463,synth-1536,synth-1595
synth-1449,synth-1536,synth-1595
synth-1403,synth-1411,synth-1596
synth-1411,synth-1569,synth-1596
synth-1403,synth-1569,synth-1596
synth-1422,synth-1447,synth-1597
synth-1447,synth-1453,synth-1597
synth-1422,synth-1453,synth-1597
synth-1402,synth-1437,synth-1598
synth-1437,synth-1578,synth-1598
synth-1402,synth-1578,synth-1598
synth-1422,synth-1426,synth-1599
synth-1426,synth-1539,synth-1599
synth-1422,synth-1539,synth-1599
synth-1402,synth-1449,synth-1600
synth-1449,synth-1536,synth-1600
synth-1402,synth-1536,synth-1600
